0 1	0 1 2 3 4 5 6 7
2	8 9
1 3	10
4 5	8 11 12 13 14
6	15 16 17 18
7	8 19 20 21
8 9	22
13	23 28 29 32 33 34 35 36 37
9	38
14	15 39 40 41 42
15	12 27 38 41 43 44 45 46
16	47
17	8 15 25 27 45 48 49 50
18	10 15 51 52 53
17	15 25 39 41 45 48 49 50 54 55 56 57 58 59 60 61
19 20 21 22	15 16 18 35 62 63 64 65 66
9	16 32 67 68
23	60
15 24	2 15 24 32 38 46 69 70 71
25	2 15 23 25 61 67 72 73 74 75 76 77 78
15	15 27 51 79 80 81 82 83 84 85 86 87
26 27	88
28 29 30 31	52
33	25 26 35 90 91 92 93 94
1	15 95 96
0	16 27 39 54 97 98
34	10 15 26 51 71 89 99 100 101 102
36	83 108 109 110 111
37 38	23 27 67 111 112 113 114 115
12 21 39	12 15 46 88
24 40	33
41	15 41 75 78 83 116 117 118 119 120 121
1	17 24 67 69 77 86 122
28 42	73 123
6 20 22 28	37 48 50 60 95 124 125 126 127 128 129 130 131 132
43	23 27 76 133 134 135
21 44 45	9 11 18 24 41 66 91 118 136 137 138 139
17 46	0 2 3 4 5 6 8 15 38 54 67 80 103
47	60 88 127 140
2	73 144 145
7 16	15 16
0	148 149 150
49	0 2 5 6 15 46 101 151 152 153 154 155
51	15 16 30 41 67 156
1 52	60 96 131 144
1	4 15 80 86 157
53	60 127 158
5 15	16 17 41 60 75 77 78 81 89 119 120 161 162 163 164
55 56	9 18 24 27 32 41 45 57 68 116 136
1 15 57	27 83 85 95 96 116 165
0	2 6 23 39 46 54 166
15 58	24 84 85
59	69
1	39 40 48 85 95
9	178
17	8 15 45 76 179
6	16 17 32 78 101 180 181
59	16 67 76 88
10 43	27 83 106 109 182
43	23 27 29 76 78 113 114 115 120 133 183
35	23 41 105 106 109 184 185
50	28 99 143 186 187
6	16 60 73 108
0	8 15 26 45 46
60	75 188
29 61	15 38 53 68 116 189
51 63 64	10 49 67 180 181
23	16 33 83 89 153 165
1 65	8 15 41 50 59 60 75 130 196
60	2 17 85 87 197 198
53 57	1 39 40 42 48 54 60 73 83 88 94 96 153 165 169 199 200
3 14 66	66 67 201
0 67	16 61 68 87 150 151 202 203 204
1	205
68	16 17 67 91 94 111 112 120
69	11 15 30 38 51 71 76 118
70	60 124 130 144 206
0 71	15 46
41	2 24 27 116 135 150 155 156 197 207 208
1 6	51
16 72 73	209
42	8 10 15 16 27 41 48 57 78 210 211
1 55	15 27 41 68 80 89 90 116 212
74	131 213 214
60	15 78 81 84 119
54	25 37 42 46 48 50 56 90 94 215
1 7 11 48 49 55 75 76 77 78	0 15 37 85 89 101 142 161
7 11 68	7 16 27 37 39 48 73 78 83 111 116 118 119 120 186 216
50	0 99
80 81	27 30 135 217 218
0 4 5 17 24	8 89 101 219
14	8 27 28 69 71 78 84 87 116 120 150 156 158 160 162 191 197 198 202 207 220 221 222 223 224
50	41 54 146
48	225
44 66	16 41 77 78 89 101
1 37	148 149 226 227
63	36 228
15 41 82	2 8 22 24 27 28 30 38 83 85 87 116 150 156 207
32	0 1 2 4 6 7 23 24 38 44 101 103 152 161 166 212 229 230 231 232
6	15 30 51 108 116 117 119 164 233
0 7 8	25 49 89 234
15 24 55 56 67 84	15 17 24 32 33 37 41 80 116 204
1 45 85 86	15 38 49 71 100 102 112 203
1	15 46 130 131
6	30 67 120 156 158 235 236
24	27 111 156
36	78 83 92 109 118 237 238
0 67 87	32 63 239
16	15 17 60 195
1 15 37	85
88	7 38 44 89 101
0 1	2 23 100 102 118 148 166 240
17 68	8 15 38 60 88 131 241 242
89	46 126 130 131 243
11	28 94 116
5 7 17 48 55 56 68 83 90	0 15 16 37 67 89 116
91	100 102 113 115
54	11 27 50 60 89 100 101 102 195 206 244
41 92	15 27 87 207 223 245
93	60 131 241
0	15 38 68 91 103 148 246
6	15 48 60 77 78 124 130 176 207
1 17 48	48 85 100 102 169
8 9 61	38
17	15 41 44 55
31	15 16 52 68 89 118 189
94	27 38 76 88 134 218
40	15 51 85 248
3 15	24 66 85 88 100 102 116 234
36	16 108 172
9	15 46 155 234 249
14 40 50 95	51 71 248
43	113 115 120
96	15 16 38 66 68 138 210 248 250 251 252 253
7	25 36 38
50	8 41 54 57
6	15 24 41 68 75 78 84 116 118 156
1 30	118
97	16 28 44 73 85 207 243 254 255
98	36 256 257 258
95	15 17 38 46 71 76
6	24 69 84 85 120 147 162 182 191 259
43	8 15 118 147
25	78 260
28	30 118 120
99	48 69 77 144 159 239
9	25 61 67
18	10 16 32 137 189 219 248 261
0 12 46	12 15 17 46 67
8	15 38 189 249
3 68 90 100	16 32 66 68 101 112 116 159 189 202 262 263
15 21 28 64 70	15 27 32 41 83 116 118 143 160 204
34	8 16 26 38 49 60 67 71 78 89 101 112 234 264
94	16 106 151
101	15 16 18 27 41 54 59 78 83 91 110 116 118 211
102	15 24 27 32 41 80 85 89 90
1 15 17	8 39 40 42 48 50 58 60 67 85 86 88 122 130 153 254 265 266
1 9	10 27 51 71 100 102 203
4	15 100 102 147
36	16 137 160 185
15	83 116
103	15 16 24 32 63 68 108 149 227 267
17 28	114 156 161 268 269
77	90 124 125 130
15	60 108 124 270
85	95
7	8 15 49 147 189
16 25	48 130
1 15	46 48 58 80 85 86 88 130 131 256 271 272 273
38	41 46 133 274 275
25	73 124 130 131 171 209
6	16 67 77 78 112 120 162 169 171 191 276 277
4	15 38 44 45 49 76 80 89 101 103 203
6 104 105	15 24 52 118 278 279
0 55	15 32 33 46 81 83 87
48	15 18 41 59 61 90 108 116 211
53	27 78 81 119 120 216 280
6	38 49 78 89 101 219
86	40 60 83 153 165
1 43	76 100 102 133
15 70	15 17 41 75 78 83 117 119 121 216
6	17 24 30 69 118 119 120 121 164 191 216
1	95 192 281
4 5 50 95	15 38 41 71 85
8	147
15 21	15 41 116 118
61 106	84 116 189
8	15 25 38 59 89 101
14 17 24 68	15 16 17 24 30 32 38 71 87 89 101 116 187 191 202 277 282
13	28
99	15 41 85
27 68 90 107	15 24 27 28 32 68 87 116
30 104 108	15 18 78 83 108 111 116 147 219 223 278 279 283 284
27 109	22 33 35 75 77 78 83 87 90 108 111 184 193 227 258 285 286 287 288
84	15 25 38 45 49 67 71 74
1 24	32 33 73 124 171
6	8 41 67 78 111
15 40	85 118
36 58	289
111	15 17 41 101 108 202
52	15 17 38 66 80 85 86 248
17	48 49 50 56 58 60 67
7	8 15 38 46 100 102
27	27 160 247 290 291 292
53	0 19 21 40 48 50 54 60 95 124 125
21	83
15	15 27 41 64 75 77 116
6 17	15 24 25 30 32 33 54 68 80 87 156
11 21 38 63	24 27 83 85 116 118 119 135 156 208 233
81	11
53	48 60 175 243
111	169 171 200 293
46 48 68 83	32 67 78 94 108 113 115 120
53	40 153 186
6 18	180
112	0 8 25 38 45 103 138 234
112	15 41 45 48 57 107 174 211
113	8 19 60 130
49	0 2 6 7 15 17 44 54 80 101 294
66 68	38 67 76 89 161
74	41 67
59	78 88 133
25	16 73 83 157 206 296 297
44	16 32 41 54 61 68
44	195
1 104	28 41 71 83 89 101 119 216 295
113	12 15 16 23 32 38 44 80 101
0	8 38 67
34 68	15 17 41 46 54 59 61 71 89 101 113 115 178 180 181
54	60 144
89	285
0 56 76	15 32 54 61 94 116 133 298 299
17	15 95
55	6 33 130 302 303 304
27 114	16 33 67 73 101 103 108 171 243 305
45 83	12 83 108 110 160 202 262 300 301
16	60 73 100 102 171 192 243 281
12 43	306
104	100 102 206
1 21 55	0 15 24 28 33 37
53	15 41 51 68
0 1 36 99	15 16 27 32 41 45 68 83 85 89 108 116 136 227
115	16 41 52 53 91 116 137 189 210
8 16	33 101 307
34	124 125
21 29 35 70	83 92 118
108	143 186
0 55	0 2 6 8 15 32 33 38 44 54 80 94 148 298 299
13	15 39 40 48 50 60 63 67 90 91 98 119 122 130 172 175 180 181 202 213 233 239 308 309 310 311 312 313
44	8 9 10 16 37 38 54 315
79	36 148 256 318 319 320
0	27 32 90 160 184 227
15	15 27 41 45
70 76 117 119	32 61 83 116
6 15 120	15 41 75 83 116 118
7 15 57	15 39 48 50 96 124 321
1	23 93 100 102 112 295 322
46	16 180 181 198 323
7 52	6 8 15 24 38 39 50 54 58 67 68 69 80 120
99	15 16 41 45 57 89 251
59	8 24 27 28 38 69 116 133 135 156 208 218
32	8 9 10 16 38 66
1	13 15 17 38 80 87 100 102 150
6	8 9 16 30 41 51 89 101 189 219 221
15 121	15 169
30 64	15 27 41 116 118
0 10 11 12 21	16 17 81 101 234 317
32 79 122	34
6 27	16 18 26 52 57 66 83 91 149 174 185 227 283 285 326 327
36	15 25 40 71 94 143 173 186 213 328
42 103	16 41 63 106 149 185 227 238 329 330 331 332
9	249
74 82	2 8 24 78 84 116 150 156 198 207
42 85	59 83 94 107 148 165 203 333 334
9 16 67 89 123	8 19 50 60 130 264 335
1 37 65	15 37 38 46 58 80 90 100 102 150 153 183 198 240 272 325 336
4 5	15 24 28 30 108 118 119 164 186 187 216
1 37 78	6 12 15 37 67 88 94 164 252
8 17	8 49
20 46 50	6 38 48 50 60 67 75 80 124 130 160
54	73 75 206 243 255
67	28 51 54 99 173 186
7	15 17 56 67
30 60 66	24 75 77 78 83 87 94 118 187 337
6	16 32 180 181 202 239
32 78	7 15 37 51 89 251 275
124	9 15 130 242 243
36	16 54 61 71 94 108
17	8 13 24 67 69 78 85 127 274 321
1 12	0 3 5 6 7 8 24 38 39 48 50 58 60 67 71 78 80 83 88 96 103 124 130 153 165 186 232 247 338
5 107	8 15 64 68 85 118 223 239 339
44 69	11 27
7 24	2 8 9 10 12 15 16 17 18 24 38 41 44 45 54 61 80 94 133 135 218 298 340
7	0 5 6 8 15 17 46 67 76 80 101 103
54	8 15 16 24 25 27 38 41 68 71 78 84 116
14	27 66 69 86 116 158 197 291
20 50	6 10 38 47 148 175 341 342
1 42 54 99	15 88
34	15 16 27 41 71 78 89 101 112 116
74	24 38 67 69 75 78 118 120 206 223 244
7	1 39 40 49 127 153
5 50	15 16 64 68 69 71 85 116
41	15 83 100 102 116 118
56	54 76
68	6 16 42 56 59 61 68 77 137
6	27 41 80 81 84 116 160 247
1	39 41 51 85 95 149
5 21 44 99	15 16 41 57 89 107 135
6	41 73 75 92 125 171 318 343
6 15 16 32 52 57 125	8 48 60 124 194 344 345
44	15 24 28 30
43 126	135 346
20	45 109
16	168 192 243 311
1	51 83 85 95 96 165
44	83
63	41 67
80	24 27 113 115 116 120 195
54	16 24 38 68 85 116 136
17	67 144 307
6 123	47
83	12 15 45 71 107 180 234
54	48 50 60 88 140 206
6	15 18 30 51 77 80 83 116 118 337
59	2 15 17 38 44 76 150 179 180 181 348
127	349
6	171 350
14 83	15 24 32 64 180 181
128	13 33 40 92 124 258
19	15 16 27 45 51 89 251
34 64	15 16 41 45 68 89 116 211
129	17 69 78 84 119 120 124 191 207 216 271 351 352
32	152 230
1	22 23 37 86 87 100 102 127 353 354 355
28	15 16 54 89 90 111 118
130	17 28 30 51 78 89 114 120
17 51	15 38 41 49 71
0 6	38 54 89
99	17 27 41 71 85 100 102 116 120 142
1 22 37	6 15 23 27 29 80 85 86 100 102 110 183 240 245 272
0 4 12 15 17 80	24 27 28 30 33 78 80 81 84 85 88 116 135 150 197 207 218
85	15 24 27 39 41 81 116
6 24 28	15 41 77
0 5 11 83	10 15 27 38 57 85 211
52	19 50 60
15 24 107	2 13 80 87 100 102 240 356
1	12 37 41 85 100 102 205 357
7	8 11 38 44 57 58 67
99	33 35 73 81 94 96 143 153 167 358 359
131	38 44
15	15 27 30 41 51 75 78 81 83 85 116 117 119 121
25	9 33 60 95 124 157 206 297 360
54	39 40 49 60 83 96 127 153 165
1 53 132	6 15 39 40 48 51 54 60 83 85 95 127 144 153 165
6	15 16 32 54 61 68 87 99 160 185 187 189 283 361
112	15 67 180 181
103	16 52 68 75 78 81 87
42	9 10 12 15 24 27 41 45 57 68 89 116 211 250
52 125	6 15 27 44 67 84 88 139 153 228 241 306 337 362 363 364
6 104	15 75 78 83 117 119 121 187 280
25	8 9 16 38 67 73 140 171 305 311 365
80	160
53	8 21 48 60 83 124 127 158 164 165 206 221 243 264
81 104	15 24 64 75 77 78 83 87 94 187 337
125	34 175
24 70	16 27 41 83 111 117 118
36 117	15 16 37 38 41 90 118
1	96 366
18	16 27 33 41 52 106 137 151 210 261 369
24	16 18 27 30 41 57 83 90 111 116 118 135 142 156
80	10 15 16 32 38 76 89
55	6 15 32 33 90 186
64	23 43 65 66 100 102 166 256 295 347 366 370
105	8 27 30 156
77	51 177
58	33
50	83 100 102 146 180 181 192 206 324
13 104	15 17 32 33 37 80 153 204
65	48 204
21	15 18 24 41 108 116
77	280 306
133	23 27 28 41 45 91 98 148 166 184 286 371
6	15 16 89 118
32 49	2 7 15 26 54 80 94 153
134	15 95 107 151 372 373
7	15 32 37 41 46 116 118 208
25	41 53 73 107 126 130 171 200 243
1 25 37 53	85 212
68	15 16 311
41	30 51 60 73 78 85 119 120 216
84	7 17 23 45 71 203
1 15	15 17 24 27 41 64 69 80 85 90 142
1	8 12 15 41 85 100 102 161 295
6 93 105	15 118
6	16 38 78 80
7	25 38 44 49 67 324
1 22 54	38 67
27 109	95 258
80	27 77 78 84 116 119 120 121 135 218
25	2 3 5 15 25 32 38 54 94 153 341 374 375
3 80	15 16 17 24 44 68 71 116 212
125	6 16 60 88 93 108 125 200 311 345 353 354 355 376 377 378
67 136	6 15 16 32 33 35 44 69 75 78 81 84 87 90 100 102 118 119 148 176 379
80	15 27 41 45 51 85 116 147 252
18 27 109	11 16 27 32 53 78 116 136 219 248 380
44	381
66 78 80	11 41 46 67 80 83 85 118 143 206 227 239 263 301 382
36 64	18 77 83 91 106 109 110 135 146 160 185 238 348
23 115	15 16 17 27 32 76 87 88 108 116 120 135 218
17	15 75 83 119 176 233
31	18 38 66 154 184 189
6	151 383
6 108	280
59	12 37 38 41 112 203 234 357 384 385
107	2 8 9 15 24 30 32 33 38 44 48 67 69 73 75 77 78 81 84 87 100 102 119 124 150 156 200 202 206 233 244 307
84	30 51 83
121	15 17 30 41 78 85 95
46 85 116 137 138 139	67 85 92 108 118 227 323
1	15 16 27 32 41 68 71 85 89 112 158
1	13 15 16 17 38 54 55 80 100 102 103 386 387
0	15 33 35 37 60 81 96 98 143 169 171 173 186 299
37	15 17 24 32 33 38 44 54 80 204
40 70	15 33 51 84
7	46 87 95
22 68 95	15 101 150 228 230 388 389
8	48 131
37	16 24 41 116 347
15	41 51 69 85 116 147 182 251
50	40 206 250
0	33 39 85 124
0 55 79	6 15 32 54 80 90 155
53	41 48 49 50 56 67 124
37	49 67 68
82	15 16 24 27 28 30 32 41 68 69 78 84 116 164
8 12	49 390
42 54	8 15 16 32 33 41 45 48 49 50 54 57 59 60 77 80 83 100 102 156 189
0	15 27 38 46 54 133 142 161
17	8 15 78 85 111 248
52 117	48 60 83 125 127 165
89	73 171 243 391
54	12 15 25 44 71 89 100 102 177 362
112	8 12 15 25 37 38 44 67
15	15 24 28 30 51 81 85
94	8 9 15 16 27 32 68 116 135 189 218
21	16 61
94	18 27 109
112	8 15 48 50 56 57 58 60 148
17	83
0 7	15 38 51 80 85 103 142 161
140	15 100 102 227
0	8 15 32 38 64 71 89 90
28	51 116 117 280 316
1 6 18 20 68	15 16 27 32 33 41 48 53 57 73 77 87 91 101 116 136 159 171 263 298 350
6	2 6 7 67 80 89
6	15 16 78 89 118 189 219
11 17 19 34 49 76	7 15 17 41 45 46 49 54 56 59 71
103	16 30 41 83 85 108 118 203 263
0 1	91 229 392 393 394 395
4 12	15 16 64 68 78 118 185
63	15 26 44 208 396
31 62	137 185
0 7	92 143 173
20 44 142	15 16 18 68 109 347 370 371 397 398
17 48 54	12 15 16 27 32 37 41 71 228
9	9 33 157 189 297
0	11 12 15 38 46 161
15 41 107	6 67 84 88 108 187 282 376
26	8
123	14 15 16 27 41 116
1	16 17 27 85 86 87 144 248 309 399
15 24	15 17 24 27 85
15	51 83
8	6 15 44 155
5 83	15 27 44 228
36 48 50	16 106
21	7 12 15 27 38 41 46 177
27 29 109	16 27 28 187
1 14	23 27 66 136 138 148 160 166 189 256 272 309 347
6	60 95 124
53 54	60 243 400
20 42 68	11 15 16 18 32 38 44 57 66 107 146 148 159 239 262 401 402
7	7 99
112	19
15	83 92 306
31	0 16 24 32 68 78 87 116 144 154 189 219
0 54	54 301 382 403
43	0 15 32 44 54 103 208 228
0 1 55	15 24 27 80 85 100 102 161 404
7	12 15 25 37 41 44 45 71 112 156
9	15 38 41 45 49 100 102
45 121	27 38 41 83 85 90 111 118 161
1	10 178 366
46	194
70	15 27 41 116 118
1	15 16 37 61 74 85 100 102 108 111 118 295
51	0 1 3 5 6 15 17 26 27 32 38 39 41 54 61 71 80 94 161 405
14 53	19 48 50 60 78 83 165 206
0 7	0 7 37 51 99
143	18 57 118 258
144	83 91 136 185 316
50	7 32 63 71 101 180 181 202 239 299
37	7 13 41 46 87
1 5 15 41 45 104	15 28 80 118
80	15 24 25 27 54 71 85
145	406
123	15 51 57 68 89 116 176 178 184 407
0 15	15 24 27 28 85 116
99	15 16 18 27 41 77 83 110 116 156 180 181 295
11 49 63 146 147	16 21 38 69 71 78 127 228 380
17 48	15 36 46 48 49 54 58 148
73	192 258 281
86	9 12 91 180 185
49 78	15 25 37 89
117	37 54 59 60 83 96 116 153 165
19 22	160
14	0 2 5 16 38 54 68 76 80 161 202 405 408 409
0 7 17 49	15 30 37 51 67 83 111 118 161
25	67 93 129 255 365
79	0 15 41 54 300 301
105	8 15 38 67 78 101 120 156 198 219
80	27 41 67 259
50	76 175
8 9	151 248
74	15 22 24 27 28 30 41 78 84 87 116 119 120 121 150 158 160 162 191 197 207 337 410
23	20
148 149	24 63 98 103 154 228 341 411 412
95	15 17 24 80 144
53	40 143 186
23	15 17 32 189
41	17 24 28 69 78 84 114 120 182 191
0	0 8 9 10 12 15 16 25 28 32 38 54 64 71 90 94 202 298 299
1	8 15 16 18 23 29 38 41 64 66 80 138 189 366
0 68	12 15 25 27 45 46 49 78 120 142 161
77	6 15 16 148
41	8 22 27 28 51 83 85 86 87 111 150 207
150	15 26 41 57 226
117	18 25 54 55 83 90 300 301 304
32	0 2 15 25 41 54 71 80 94 101 161 177
7 11 17 151	32 46 54 83 96 153 161 165
25	2 15 28 32 54 61 80 89 94 161
48	6 36 83 165 300 301 337
49	16 32 54 94
11	15 27 28 30 41 81 83 85 86 182
54	39 83 116 165 309
32	0 37 80 100 102
89 124	8 9 67 124 126 127 130 225 243 335 413
6	24 30 60 69 73 78 83 87 171 173 180 181
54	6 15 27 39 41 50 73 131
19 21 44 134 142	11 15 51 89 107 251 275
37	41 66 85 108 322
6 33	8 78 119 120 158 207 216 264
7 12 17 49	7 12 37 38 46 54 100 102
152	27 97 134 415 416
7	15 25 45 49 300 301
0 1	78 164 417 418 419 420
153	99 147 177 309
78	25 26 59 103 161 211
1	12 15 24 80 85 100 102 178 189 223 254 272 278 279 287 295
42	95
6 43	15 16 41 67 116 198 202 263 421
1 17 54 76 117	422
154	37 41 46 54 83 89 100 102
6 78	293
68	32 37 41 61 89 161
9	16 67 91 144 309 423
48 101	16 27 109
53	41 96
15	280
54	6 32 42 48 54 67 94
1	15 60 211
68	15 17 26 38 45 46 59 148 161
1	27 66 100 102 110 138 262 347 370 424 425
68	15 16 38 41 85 161
53 57	37 39 40 60 73 83 190 211 426
36	18 27 68 135 160
1	286
42	9 12 16 24 68 91 107 427
83	3 5 15 16 24 25 51 66 71 80 116
6	15 110 118 180 181 185 187
117 132	83 87 94 118
4 7	0 2 6 15 37 46 54 76 80
1 121	45
29	15 27 68 81 84 87 133 137 160 203 204
66	78 111 206 244
0 14	25 28 33 37 46 71 89 101 161 298
113	130
6	15 16 24 27 30 32 41 68 71 87 108 116 202 239
32	7 15 17 24 25 27 28 30 32 61 71 80 81 85 94 101 161
0	15 37 46
11 155	15 16 30 32 33 37 116 186 190
30 138	18 111 119 216
99	15 23 25 29 32 80 94 205
0	39 46 83 85 88 96 165
59	13 89 135 297 362
53	41 83 96 165 190
7	15 17 37 41 46 49 54 59 61 89 101 148 299
12 68	26 66 138
1 78 156	15 17 24 38 41 80 161
64	15 18 41 90 189 429
0 51 157	8 15 27 30 37 41 71 78 83 116 119 120 216
117	15 45 99
13	9 15 16 25 27 28 41 45 71 86 116 135 207 218
1	15 18 27 41 90 100 102 295
117	124 301 382 403
4 68	15 23 41 116 118 369
15	15 41 83 116 160 283
125 158	15 147 154 172 173 255 304 415 430 431 432
67	0 15 16 32 33 35 37 46 54 80 81 83 87 91 94 96 143 168 173 186 187 298
50 58	15 16 17 32 39 54 61 83 90 91 116 148 184 239
15	7 15 27 41 71 85 116 207
6	15 16 33 91 101 202 340
52	48 93 206
43	16 23 32 33 51 67 90 101 114 120 161 179 251
26	28 219
51 57 66 83	1 8 15 30 38 67 68 71 153 156
30	92 280
1	6 18 37 90 100 102 118
24 74 107	75 84 119 120
18	107 215
110	16 33 41 78 116 246
1 14	15 27 41 60 116
0	7 15 27 38 44 45 46 59 71 89 101
0 44	11 54 116
112	0 2 7 12 15 38 46 54 71 80 88 94
1 9	0 18 66 68 184
21	15 28 30 75 83 84 90 118 119 216
48	15 16 54 78 83 91 94 137 185 211 434
64 116	11 27 41 54 80 83 90 116 118
0	18 27 41 90 298 435
1	12 27 41 100 102 180 181
52	39 40 48 60 83 85 122 124 126 131 156 165 243 286
17	15 27 38 44 59 67 76 100 102 248 404
67	1 16 32 33 37 40 41 48 49 51 54 55 60 61 78 83 85 90 94 96 108 116 153 165 171 189 434
15	36
64	16 38 41 89 90 116 118 136 143 161 263 295
0	12 15 16 26 41 45 68 178
13	170 303 304
104	15 16 41 116 118
68	15 27 45 71 112 116
32	15 23 44 46 386
118	15 150 197 207
68 80 159	27 38 71
99	18 27 51 90
54	11 36 41 67 103 239 347 421
0 7	44 49
68	10 17 66 110 138 153
15 28 30	15 28 69 86 108 160 187
32	44 93 124 127 130
27 109	10 16 26 27 41 83 87
56	15 28 30 54
6	78 83 111 143 186 258 280
15 24	17
53 54	39 60 73 83 96 127 153 158 165
52	85 90 129
68 90	8 197 207 221
0 24	15 17 23 27 41 45 80 85 142 161
108	148 319 336 395 436
14 44	15 26 27 41 45 46 54 56 57 59 437
37	15 83 85 116 251
7 63 66	7 15 23 38 67 71 80 203
17	9 15 16 25 27 28 41 64 68 71 89 116 119 135 233 431
6 26 27 84 109	83 108
94	15 27 76
33	21 24 41 69 127 150 156 158 162 207 221
53	6 48 60 83 96 153 165 190
20 104	27 77 83 106 110 160 163 383 394
91 121	180
0 7 21	15 18 27 41 51 54 71 83 85
15 24	15 24 27 85 116
0	8 9 38 44 148
124	4 8 15 16 27 32 54 76 91 97 153 264
54	16 40 48 50 67 129 206 244
52	6 96 190
66	27 76 112 113 115
86	15 16 24 27 28 32 33 54 68 91 94 133 172 180 181 228
19 21 22	18 41 66 101 144 239 309
42	15 16 18 24 27 41 57 68 89 116 136
27 109	11 33 68 83 89 107 118 438
101	19 50 321
30	16 32 68 71 78 154
117 132	17 25 36 39 49 61 90 94 107 211
59	27 38 44 46 59 71 135
19 52	6 15 32 33 38 54 67 90 155
43 80	15 28 439
67	16 33 81 98 143 153 169 172 173 175
160	9 125
88	153
11 155	150 180 181
40 41	15 24 30 118
15	15 16 25 33 49 74 100 102
35	11 18 91 92 107 110 137 184 226 285 337
15	15 24 27 85
32	0 1 15 16 32 54 63 68 98 300 301
25	15 16 57 78 116 223 341
27 109	16 41 52 78 83 87
25	440
99	15 51 251 377
1 37	41 278 279 366
8	16
52 54	8 15 21 48 60 83 153 165 190 264
65	39 60 124
0 24	15 16 17 27 30 33 41 46 54 78 80 89 90 110 116 118 143 151 210 221 263 298 380 385
37 43 80	15 23 27 76 89 101 114 120 133 161
68	15 25 38 41 49 87
89	60 130 243
1	15 18 37 100 102 189
61	60 106 238
20	6 28 37 48 60 75 81 90 124 125 129 130 199
13 53	32 39 40 41 48 50 60 73 77 83 96 153 169 171 190 200
6	60 92 143 206
144	42 172 441 442 443
61	9 116 263
112	8 362
21	15 51 64 71 89 275
161	12 15 57 59 68 210 246 250
0 1	15 24 38 71 85
15 24 41	85 100 102 147 206 242
67	15 16 27 41 54 64 68 85 156
6 68	15 17 24 32 87 101 151 169 204
112	195
117	124 130 131 153
0	38 71
6	340
40 48	41 49 67 85 95 96 321
11	180 181 387
0	15 24 27 33 80 81 85 116 204 208 317 404
6 68	15 38 41 85 161
162	47 270 297
91	16 91 108 185 227
4	3 5 15 41 103 178 404
18	15 16 41 67 89 116
112	41 44 45 49 55 89 101 208
1 21	15 16 24 27 41 68 116 160
9	16 32
40	27 75 85 96 118
6	16 78 159
15	15 27 41 78 118 207 414
78	15 37 46 83 116
83	16 18 66 68 138 160 262
127	10 15 16 24 25 27 41 80 89 116
7 54	48 124 444
79	0 17 36 54 98 299
1	37 100 102 256
6 7 11 163	16 140
17	15 25 45 49 60 67 77 89 101 103 156 161
153	12 60 83 147 180 181 227
9	27 66 138 272
1 14 37	15 21 27 54 60 78 135
59 70 74 78 117 164	67 118 206
134	23 83 105 109 187
14	15 26 71
10	16
63 129 165 166	2 4 68 71 80 101 152 207 208 364 388
167	60 73 95 243
1	15 23 26 29 38
6 36	16 32 68
127	8 349
25	17 49 61 67 76 100 102 103
6 168	15 16 33 41 46 90 116 118 189 210 221 298 385
8 9 94 123 169	445
1	78 83 94 118 187
62	9 15 24 25 41 54 69 71 94 298
6 12 20 21	15 46 48 81 88 116 135 159 218 275 362
32	1 2 32 33 69 101 153 203 385 405 408 409 423
43	15 16 23 27 54 78 119 135 137 195 233 446
1	11 36 116
6	15 75 187 280
1	15 23 29 51 69 78 85 113 115 120
31	15 41 116 160 185
23 111	33 60 242
0 1	0 15 17 24 27 79 80 82 85 100 102 161 205 254
74 105	8 9 16 17 24 38 67 69 78 87 120 162 191
43	75 81 83 118
59	15 17 67 71
6	15 30 41 51 118
1	15 18 41 116
0 17 170	7 17 46 66 71 86 116 272
67	15 24 27 41 85 116 422
1 9 83	18 27 41 45 54 57 160 185 189 210 239 256
85	16 60 77 111 117 120 180 181 191 204 239
49	17 23 71 94
54 66	8 50 60 83 124 190 206
59	51 76 99
1 55	36 41 54 103 184 239 347
6	15 16 219 447
17	12 15 38 45 67 228
55	15 25 28 32 33 37 54 90 94 298
24 92	15 16 17 27 28 30 32 38 44 68 69 71 78 84 85 87 144 150 207 254
51	37 143 173 304 349
29 58	11 16 33 68 116 136 137 160 189 219 448 449
8	23 52 151
7	5 15 16 24 25 32 54 71 76 80 150
36	16 23 54 61 72 137 185
14	83 96 124 165
66	108 160 185 226
6 80	28 191 206
41 82 92	8 15 16 17 24 38 68 69 71 78 87 111 144 350
1	15 23 29 41 80 100 102 207 386
0 11 49	10 15 37 100 102 275
19 64 83	27 135
171	15 16 27 32 85 86 89 116 136 203
113	95 100 102 131 147
37	18 23 37 85 90 100 102 120 133 161
25	2 7 8 9 15 16 25 38 68 80 162 191 228
6 28 118	0 31 316
1	3 5 15 37 46 86 100 102 266 272
113	2 3 5 6 15 38 46 54 101 148
25	15 25 46 75 77 78 88 103 362 380
0	15 46 53 135 296
24	77 119 121 162 187 283 450
25	23 28 57 66 98 103 108 116 341 451
1	15 23 27 33 37 67 71 76 77 83 85 89 90 101 103 110 112 116 118 147 259
159	17 27 41 85 116
74 110	24 60 73 144 206
15	27 51 85
7 53	48 56 60 305 353 354 355
6	280 350
6	15 16 25 64 71 78 114 116
94	10 38 189
105	8 16 38 67 78 101 120 150
25	2 15 16 24 25 41 54 68 71
25	11 73 103 162 171 191 200 228 265
15	41 117
41	75 85 118
54 57	15 41 55 58 59 178
53 117	15 39 40 41 42 48 60 83 96 153 165
46 74	16 40 150 156 197 207
172	27 37 41
45	15 16 27 30 33 46 54 90 116 221 298 385
2	23 452
7 53 84	21 48 50 60 83 124 153 165 169
1 14 44	10 27 41 77 159
54	8 15 17 27 39 46 56 153 190 223 246 251
53	48 50 85
127	23 166 453
70	16 51 68 78 83 108 116 204 251
13 78	15 172
127	15 18 41 83 108 116
110	8 15 24 27 30 32 41 68 69 71 116 119 120 135 150 158 160 207 216 264
127	8 221
1 7 11 55 58	15 27 30 41 68 89 116 118
1 173 174	1 6 15 147 201
17 68	147
1 44	9 10 12 15 16 24 45 68 116 136 178
83	79 82
52	92
15 17 23 37 48 51	41 48 50 58 60 96 124 159 390 426
66	8 15 38 45 67
54 76	51 96 143 186 190
83	0 12 37 66 80 100 102 164 250
57	2 49 177 255
53	60 132
50	9 10 12 16 32 33 38 68 71 87
6	8 16 30 38 51 53 78 107 118 189
165 166	2 4 80 86 100 102 142 180 181 266 271 272 287 351 387 411 454
41	24 27 116 197 207 223
1 12 83	15 100 102 147
6	48 73 75 78 87 116 130 164 176 187 308 383 426 455
38 68	8 15 48
21 32	9 12 15 38 46
32 37	3 5 13 38 44 46 66 80 100 102
0 24	8 15 24 27 85
6	75 147 206 280
101 175	57 66 250
14 17	25 38 44 46 118
52	15 68 80 177 234 239
6 117	73
43	15 16 23 24 27 29 32 33 67 89 90 101 114 120 162 179 350
7 12 17 88 176	1 10 15 16 38 44 46 153 385
125	9 46 124 127 243
98	38 67 101 103 184 239 258
43	124 190 206
4 48	10 16 27 41 45 51 68 89 147 151 159 350
40	15 27 41 67 118 135
80	18 27 41 57 83 91 109 110 184 203 227
170	100 102 118 275 337
9	66 68 189 256 366
12	8 15 66 80 103 212
28	51 111 316
0	15 16 17 23 41 45 46 49 54 56 59 61 89 90 101 211
1 36	10 51
95	15 16 68 353 354 355
85	17 24 28 69 84 87 120 191 204
54	45 49 57 67 250
38	15 16 71 78 85 118 202
19 22	15 18 64 66 189 223 239 371 397
74	11 24 75 162 169 191 193 194 206 214 277 293 444
40 50	12 46 66 91 177
53 54	39 40 48 60 83 85 96 153 159 190
16	48 50 60 75 78 124 125 126 130 206 243
7	8 36 38
1 9	14 15 16 41 52 116 118 189
43	23 27 37 89 133
53	51 85 108 306
1	13 85 87 100 102
16 25	33 78 374 375 448
27	16 24 41 91 106 149 283 285 329 330 332 398 399 458
17	2 6 8 15 16 38 67 78 80 89 120
0	9 12 68 76 135
172	6 16 32 44 54 67 94
59	88 134 179 252
77 93	2 15 25 74 80 374
15	15 27 41 85 118
16 57	8 19 60 67 130 201 264 335
25	15 37 51 74 100 102
17 33 83	2 3 5 10 27 49 80 103 127
1	15 37 46 80 100 102 198 240 278 279
7 17	8 15 38 44 71 101 156 248
17	200 206
89	372
51	8 67 175 239
124	0 3 5 36 37 39 48 124 286
178	136 198 227 332 358 443 459
15 179	43 51 86 120
180	75 206 280
1 15	15 18 24 85 90 100 102 118 189
123	16 25 32 89 189 203
17	3 5 12 15 25 26 46 212
43	16 39 41 83 106 108 109 136 149 160 184 185 190 226 332
25 63	67
54	27 41 45
6	15 16 24 27 30 41 51 64
6	15 24 41 64 69 75 83 118
3 83	6 12 15 18 23 24 29 80 85 100 102 147 278 279 295
172	23 105 149
1	15 23 29 37 38 46 85 100 102 152 240 254 265
15 130	41 51 69 85 182
3	32 33 80 95 180 181 460
154	10 15 32 41 48 54 90 250
48	15 17 46 54 85 89 101 148 161
27 53	53 124
9	8 27 38 44 67 100 102
6 49	15 41 68 108
40 66 80	27 37
1	12 38 80 87 161
21 44	15 16 18 27 37 54 107 108 136 178 252 315
5 64	15 18 27 33 41 45 54 57 90 110 116 118 180 181 184 210 429 437
1	85 92
59	25 46 49 59 60 77 78 103 146 362 380
54	27 41 48 57 73 159 211 250
67 80 132	15 16 38 41 46 61 100 102 118
15 27	2 8 16 32 33 36 54 61 67 94 100 101 102 103 157 192 194 206 281 297 365 461
80 177	76 120 135 207 218 255 316
0 7	99
7 110	12 15 69 71 164
25	102 132 140
17 68	8 60 75 119 124 216 264 426
34	213
1	15 108 124 366
6	7 25 202 294 306 405
1	15 23 45 100 102 161
91 121	24 27 28 32 44 77 78 80 85 87 156 207
89	48 73 171 200 243 318 335 391
14 44	16 38 68 87
43	133 135 218 346
49 56	15 37 116 275
122	16 23 32 94 98 136 149 223 239 316 371 397 451 462
7 57	83 96 165 172 180 194 195 414
66	15 27 41 43 45 116 248
54	16 25 41 56 60 77 91 149 187 257 275 282
49	8 27
31	15 16 38 41 52 111 189
44	15 16 54 68
80	76 88 463 464
15	38 41 52 84 116 189
25	160 374 375 466
9	18 23 251 298 366
1	23 51 100 102 251
150	15 24 27 71 85 156 248
1	12 37 41 85 100 102 205
51	15 41 57 60 71 78 80
1	13 85 100 102
5	15 45 59 203 208 347
9	15 16 33 89 90 101
1	12 15 26 37 46 67 88 94
0 1 11 49	15 16 17 24 27 32 33 54 68 80 85 90 94 275 404
88	2 3 5 6 15 16 32 54 67 89 94 101
26	0 17 38 44 68 219 286 467
127	6 15 358
177	15 24 30 32 51 111 118
6	16 38 78 219
0	15 32 46
15	15 16 51 68 83 116 118 160
48	37 39 60 73 103 143 171 219 468 469
24 41	84 85 100 102 147 206 242 309
1	66 80
38	15 30 51
15	77 163 187 280
1 15 32 37 181	15 24 27 41 45 80 101 120
124	4 36
21	6 16 27 68 71 87 116 177
83	15 38 69 71 182
17	7 12 15 23 26 43 49 71 76 386
17	15 38 41 45 59 71 76 89 101
1 7 15	16 28 32 33 37 61 71 80 94 108 112 118 186 203 204 295
13 182	41 78 83 116 171 450
13	16 28 73 91 100 102 171 173
6	15 83 85 118
34	16 28 32 33 73 80 89 90 91 94 98 108 118 171 173 186 255 307 358 434
1	15 23 74 83 90 118 193 295 366 422
6	15 24 28 32 33 38 87 88 118
6	15 75 187
42	16 41 56 66 103 116 184 210 353 354 355
7 84	15 16 25 27 37 38 46 54 90 94 133
48	24 41 87 116 185 189
30	52 78 83 187 226 283 394
53	1 27 40 41 48 50 54 60 83 130 153 159 165 470
6	8 15 16 89 101 219
99	15 18 41 51 78 85 118 156
54 57	48 50 60
125 158	50 130 151
91 121	16 66 91 184 353 354 355
15 41 104	15 41 116 118 187
74	41 111 116 118 207
54	6 90 250 301 382 471
22 95	16 32 38 68 84 87 116
1 43	73 171 472
55	100 102 192 281
1	15 27 142 161 295 433
99	8 10
54	41 60 277
157	6 16 27 68 116
15 41 45	15 16 17 24 27 30 41 51 69 85 89 108 112 116 118 120 164 191 207
50	24 60
1	15 18 24 41 78 404
89	9 73 167 171 200
8	15 16 18 24 27 32 41 68 83 85 89 106 118
60	15 24 27 64 223
0 15 24	2 6 38 44 48 50 67 69 124 130 160
7	8 9 60 130 243
6	89 275
68 149	144 159 210 239 252 314 437 473
36	15 16 32 85 90 91 211 250 316
36	180 181 185 187 282 394
1	13 15 23 24 29 37 38 46 80 100 102 150 161 183 197 198 207 240
1	24
6 15	15 24 27 30 51 118
6 12	15 17 24 30 67 76
0	32 37 83 90
107	16 24 78 101 116 123 137 172 223 255 283 443 474 475
132	40 190
1 7	24 27 32 78 80 85 161
185	8 15 25 38 44 67 476
43	18 27 41 110 116 119 135 233
49	16 24 27 85 100 102 108 116 118 198 355
127	8 15 27 41 68 80 89 116
54	39 40 54 78 83 85 129 153 165
1 37	15 23 80 166 424
1	10 15 27 32 39 41 45 54 71 94 103 161 178
1	12 15 27 38 41 45 68 80 89
1	15 76 80 164
0 7 37	8 13 15 24 27 38 41 80 85 116 156
36	67
24 104	41 116 117 118 183
63	38 44 45 46 49 89
15	8 24 69 75 78 83 84 85 87 147 162 176 191 206
41	15 17 24 30 67 69 78 84 85 119 120 121
43 59	17 23 31 76 78 120
1 4 15 43 186	16 28 32 87 91 154 180 181 385
37	27 78 100 102 112
15	17 30 41 51 116 119 121
8 15 43	6 54 83 124 153 165
14 17 68	46 127 362
77	195 255 341 374 375
17	471
43	13 69
0	8 15 38 54 94 299
6	12 16 25 30 103
50	27 40 135 136 160
41 82 107	8 24 27 28 32 44 69 78 84 85 87 111 116 118 156 182 198 248
40	15 16 24 27 32 41 64 101 169 180 181 340 350
8	10 45
17 43	23 27 45 49 67 71 76 120 133 135 218
0 43 55 57	39
1	75 78 81 85 116 119 216
124	25 27 97
117 132	15 16 37 54 59 83 94 100 102 387
13	60
15 93 99	15 16 27 41 45 57 255 437
11 49	54 61 71 94
132	15 16 27 44 90 111 118
123	8 16 17 24 38 44 67 78 85 147 242 478
40	38 41 80 85 118 251
4	0 15 16 23 26 29 41 71 78 89 101 112 116 350
1 99	15 37 78 90 118 161 295 366
73	168
1	12 15 80 100 102 138 142 189 347
7	10 16 51
1	15 41 45 80 100 102 178 189 295 386
15	51 251
12	16 18 66 79 82 89 112 189 234
22	58 77 119 176 202 216 347 370 407 480
15	51 75 85 118 119 164 233
4 12 68 83	6 15 46 131
69	16 41 53 377
64	15 16 32 41 89 284
106	16 24 32 38 41 84 116
37	113 115 118 206 244
32 49 170	15 23 26 59
9	79 82 247 251 424
15	83
99	17 27 120 133 142 161
170	6 8 38 67 88 155
6 30 103 138	16 23 32 52 63 72 87 101 108 111 136 187 204 282 285
8 9	8 10 15 25 32 38 49 71 80 89
15 24	85 96 118
10 187	94 275
3 6 105	17 38 66 67 80 100 101 102 217
7	54 73 91 143 167 171 172 175 186 285 358 365 434
1	12 15 23 24 80 86 100 102 205
40	38 41 85 118 251
1	10 12 15 23 29 32 33 54 74 80 85 100 102 157 178 189 404
66 68	67 78 94 113 115 120
188	9 15 16 28 33 36 54 94 172 202 250
36	16 41 185 227 372 457
41 99	11 27 41 54 80 83 90 116 118
44 150	18 27 41 66 135 160 227
56	12 15 27 28 46
17 80	15 16 27 32 33 41 53 68 84 160 171 185 263 298 300 301 371 397
95	8
18	23 189
78	36 44 54 203 215 239
127	156
15 17	38 48 88 116 135 218
1	6 51 79 80 82 85 336 422
28	85
1	15 17 38 41 71 80 85
67	15 16 37 41 46 100 102 118
52	67 85 156
19 58 68	11 107 160 239 341
1	8 15 23 37 51 71 80 85 100 102 295 366
48	0 15 46 148
19 20 21 169	15 16 24 57 63 66 68 108 116 136 139 223
89	73 159 171 200 335
53	95 124
0 6 53	46 67 88 124 127 207
99	15 27 41 71 85 161
40 105	0 16 17 86 100 102 189
48	17 27 49 54 85 90 120 142 161
6	16 27 51 80 89 384
54	11 15 38 50 89 100 102 195 206 222
0	30
85	16 83 111 118 305
46	15 16 239
1 173	15 23 27 45 71 80 100 102 256 295
1 83	15 16 27 30 32 51 80 85 90 108 161 183
17 125 158	0 3 5 15 38 49 54
48 54	6 34 39 48 50 60 103 155 186 219 468 469
105	15 28 30 51 118
42	27 41 45 48 56 57 60 73 159 211 250
68	41 51
75	15 25 38 49 80 89 101 103 481
15	41 51
15 41	15 75 85 191 316
54	41 68 71 83 85 108
28 66	7 15 27 41 46 78 81 88 116 135 275 362
54	32 39 77 200 239 308 309 426
15	51 100 102
1 8 15	43 100 102 144 180 181 309 326
55	99
1	75 93 100 102
68	16 108 154 171 384
15	30 41 75 77 83 116 119 121 163 164 207 383
43	23 24 27 29 44 51 114 150
0 11 17 76 155	15 17 25 27 28 32 54 80 89 94
16 25 34 89 189	304 384 431 482
53	39 40 41 48 54 60 124 153
157	27 41 71 98 108 112 116 353 354 355
25	340 375
121	51 147
9	0 41 249
0 78	0 2 6 8 15 32 33 38 54 80 94 148 298 299
54	8 15 25 26 38 42 45 49 55 56 264
0 71	32 46
0 5	15 16 18 27 41 45 71 77 89 101 116 180 181
46	483
79	15 36 41 73 153 171 202 300 301 390
58	16 18 23 72 83 91 108 109 160 184 187 210 227 300 301 327 372 373
100	15 24 25 27 41 42 71 116
15 17	6 7 75 81 84 176
13	0 15 24 28 30 54
73	9 30 38 46 67 120 168 362
17	2 4 8 12 15 46
1	15 27 37 38 67 71 90 100 102 156 256 295 366
12 68 80	15 24 66 100 102 366
24 68 99	15 27 41 45 83 116 118
4 5	15 25 38 45 46 71 89 101
11 17	8 9 38 67
1	12 37 41 80 100 102 147 366
52	9 38 40 96 127
66	15 24 27 44 67 68 71
190	9 53
53	40 48 54 83 122 153 159 165 321
12	0 2 6 8 15 24 38 212
1	17 95 129 156
0 11 118 155	0 15 40 54 58 60 153 409
9	151
59	27 38 76 78 120 179 463 464
7 52	39 40 48 60
43	0 83 84 85 91 143 165 167 171 172 173 175 227 358
11 43	15 37 83
54	19 48 60 124 321
68	8 19 21 48 60 127 264 484
1	15 25 38 161 178
42	149 239 332
0	7 46 54 148
6 15	0 6 15 17 24 28 30 31 32 71 80 81 85 87 94 250 317 325 481
36	16 41 51 54 61 89 103 116 185 324
12 17 191	12 15 27 41 46 66 177
21	54 116 223 322
43	15 16 68 83 89 108 118 151
0 71	32 33 40 90 190
0 10 11 63 155	15 76 94 133 172 203 228 486
0 24 42 43 76	46 48 83 165
1	15 18 24 26 27 30 37 77 80 85 86 100 102 157 254 256 272 275 353 354 355
9	15 16 41 80 89 248
1 14	8 15 17 41 54 59 71 112 116 135 264 366
4	34 51 103 138
176	127 362
30	186 187 450
1	48
54 192	60 301 382
9 97 123 181	19 60 130 189 202
25	15 16 73 169 171 173 175 365
56	9 15 38 54 61 94 101 133 135 387
54	8 15 24 27 32 68 85 87 89 116 150 156 207
53	39 49 50 54 83 96 127 153 165
25	193
1 55 64	15 18 83 90 94 116 118
70	15 16 24 27 32 41 78 83 89 116 119 164
54	15 16 41 50 67 89
85	32 87 239 385
7 15 54 66 74 77	87 169
117	67 129 144 173 206
124	8 12 21 27 47 61 94 97 148 228 264
4	12 41 43 45 51 147 422
43	30 78 81 94 206
23 25	15 16 23 25 33 54 60 83 90 92 100 102 124 153 180 181 296 297
1	15 18 23 37 59 100 102 183 366 487
53 54	1 6 32 39 40 48 60 73 83 94 124 153 165 169 186 190 215 271 321 351
13 43	15 27 28 37 89 101 133
1 17	15 17 27 80 85 89 114 142 161
17	16 41 44 45 68 89
6	15 24 27 30 85
44	8 15 21 42 48 49 50 58 60 78 124 264
77	7 15 25 101
1	7 44 47
23	23 29 156
4 21 35	10 12 15 16 25 38 46 54 64 71 94 100 102 133 180 181 202 228
1	6 15 24 37 79 82 100 102 256
193	15 80 189 205 295 366
101 113	488
24	85 120 124
194	6 19 38 39 40 48 49 50 67 126 130 153 247 338
66	16 17 23 27 30 69 84 85 86 116
9	15 32 38 44 68 80 151 189 229 249
6 163	83 87
1 37	15 18 27 41 45 118 372 373 429
27 109	154 204 489
94	15 88 306
0	15 16 27 32 38 44 68 71 76
134	15 48 50 60 130 144 159 422
67	18 27 41 66 83 108 135 160
6 36 95 163	16 32 41 60 67 68 73 75 87 100 102 111 112 136 151 169 171 180 181 187 191 202 213 214 277 282 305 307 340 461 491
6 104	27 41 118 280 383
53	6 83 96 165
154	15 16 41 50 54 83 89 120 381 492
27 109	10 154
15 17 112	15 48 306
9	16 69 78 84 87 171 176 348 493
18	16 106 107 118 189 369
0 1 15 57 195	4 15 48 49 50 73 94 103 124 126 127 130 148 159 171 180 181 405
42 44	11 27 41 57 118 227
0 7 17	7 15 25 37 38 89 101
78	15 38 54
99	15 27 41 45 494
7	48 53 100 102 206
6	162
103	16 83 108 160 180 181 187 282 283 372 373 437 496
31	16 41 189 251
25 89	60
25	0 2 5 6 16 24 32 33 39 54 67 69 75 78 83 85 96 101 108 153 159 173 176 180 181 186 202 204 224 275 297 304 311 339 355 380
25	15 16 23 72 77 78 91 98 333 334 374 375
14 21	15 16 41 66 116
117	37 61 116
159	37 85
16	192
7 15 170	51 85
0 4	0 2 6 8 12 15 16 25 33 38 46 54 67 101 103
196	15 16 151 169 239 324 385
17 42	8 10 15 16 49 57 103 159 211
66	35 75 157 164 343
1 15	15 23 41 80 85 100 102 114 156 161 366
0 11	15 28 32 33 54 94
17 157	15 57 67 89 101 127 228 259
103	16 17 32 68 87 116 144 207
7 36 197	16 89 91 101 159 180 181 358
43	23 76 111 113 115 120 133
0	15 25 37 41 59 116 161
37	24 27 41 83 84 116 118
114	11 23 54 57 83 91 105 106 107 109 118 135 185 227 283
15 41 104	15 41 80 83 90 111 118 156 414
91 121	6 22 85 86 147 155 444
0	8 9 15 38 67 144
16	40 60 73 124 153 171 190
17	15 38 44 45 46 49 89 101
154	15 37 55 83 90 94 100 102 133
31	24 68 87 147 185 189
0 7 40	7 15 17 41 46 116 161 211
198	15 67 77 78 179 207 414
2	18 27 41 91 109 139 149 160 184 185 227 283 327 372 373 497
37	27 108 116 160 164 291 386
7	12 17 25 44 71 89 100 102 135 177 362 476
54	8 13 15 24 27 38 44 78 80 85 156
54	25 38 42 49 60 127 422
53 54	37 48 50 54 55 60 126 175
53	48 73 190 206 305
44	228
19 42	10 16 18 27 48 57 66 80 103 126 210 223 239 402 498
15 24	15 24 41 83 108 116 118
20 103	15 83 86 87
55 58	15 32 54 60 80 90
200	8 15 17 27 57 66 76
6	78 111 307 361 380
6 43	75 78 147 162 191 193 206 309
3 80	12 15 27 386
1	8 12 15 16 17 25 26 41 45 49 67 71 80 89 100 101 102 103 112 120 203 264 295
53	48 83 94 96
1	79 82
17	2 12 15 37 38 46 49 138
16	48 73 125 171 206 215 243 244
15 17 23 37 48 52 54	48 50 60 124 159 390 426
21 80	159 364
42	16 24 32 39 45 68 103 116 210 437
15	15 17 24 75 78 81 84 85
55	15 27 41 120 156 178
6	41 83 116 118 163 280
7	27 41 83 116 118
25	124 151 488
36	15 41 83 89 101 118
44	26 71 147 203 228
14 66	17 41 71 78 112 116
9 181	22
13 48 67	39 94
12	15 78 83 116 118 119 147 216
127	25 27 32 68 71 223
53 117	39 48 50 60 83 118 153 165
0	2 16 32 90 299
1	12 15 54 64 80
54	15 16 30 32 41 51 85 116 156
15 120	75 81 197 284
17	38 45 252
53	40
123	33 40 54 60 74 76 90 124 125 130 135 200 263 499
92	37 83 108 284
9	248
91 121	6 15 16 24 30 32 41 67 78 88 120 124 180 181 191 201 277 481
6	190 270 483
1	23 41 100 102 295 366 433
6	30 67
1 68 90	15 80 295
14 68 90	26 46 71 89
50	15 18 25 54 90 148 184
3 15 24	15 16 32 38 45 68 71 85
17	8 10 15 16 32 44 45 57 68 211
67	16 60 85 122
27	15 16 27 28 32 68 87 116
43	15 16 18 27 32 41 68 89 116 118 136
17 99	12 15 16 38 41 45 51 85 89 107 161 177 251 252
128	25 35 75 84 157 306
24	51 75 78 85 108 191 207
18 61	33 83 87
127	60
17	15 38 41 44 71 85
17 32	1 2 15 37 38 46 202
37 43 104	8 9 15 16 38 67 311
1	85
57 67 154	15 54 59 83 94 211
25	2 11 13 16 17 24 32 69 78 80 85 86 87 101 120 162 191 202 340 341 374 375 423
0	48 51 83 85 95 96 129 165
11	15 16 17 24 27 28 30 32 51 61 68 71 80 85 94 108 118 161
14 54	48 73 77 78 124 144 171
176	15 147
1	500 501
6 15 104 105	16 27 41 53 83 107 110 118 119 164 216
77	75 90 117 130 383
53	60 83 165
7	7 12 15 25 44 46 71
0	15 25 28 155
0	48 50 73 75 77 78 96 124 130 171 200 206 243 244 335 468 469
114	24 51 182
99	40 83 94 96 165
7 14 44 68 90	15 26 71 89 101
7	15 85 118 135
125	0 5 15 49 54
77	0 25 46 383
1	17 24 27 38 77 85 95 129 444
6	16 101 150
1	12 15 85 86 100 102 203
202	6 8 10 16 32 38 67 89 101
125	4 8 15 25 32 38 59 67 202
0 19 76	7 42
7	17 27 30 51 67 71 89 101 112 118 414
0 22	15 30 51 93 161
28	15 17 27 30 71 78 81 94 176 316
25	124 175 252
0	39 54 60 95 96 148
203	1 222 246 349 471 502
67	51 99
0	15 16 27 32 41 57 80 85 89
66	15 27 78
0 71	92
1	18 23 74 85 90 93 100 102 118 190 256 295 366 429
4	15 27 41 45 147 211 327
3	15 24 27 80 85 100 102 161 185
204	32 101 154 202 384
25	16 33 35 54 81 157 199 263 297 362 447
11	25 74 83 255 346
48	75 131
99	15 18 41 45 85 161
74 127	15 16 25 32 41
60	7 15 24 27 85 248
0 14	17 30 67 71
54 57 117	2 14 15 38 60 124 212 306
0	6 318
2	9
6	274
9	12 24 66 68 223
6 41 82	15 16 17 24 67 69 78 84 87 108 120 144 162 169 182 204 350
27	184 322 329 330 332 503
15	9 15 16 25 28 41 64 71 75 111 119 233
37 59	23 88 179 195
205	15 25 37 38 64 94 144 228 471
6 82	15 24 54 68 71 78 101 116 156 504 505
206	57
17	23 41 105 106 109 184 185 227
1 44	0 16 27 41 51 71 77 78 83 85 91 94 112 119 203 216
14 48 54	85 96
36 57 73	15 16 25 33 39 40 54 61 89 94
25	298 506
15 120	7 23 41 85 116
64	15 16 27 32 85 116 118
37	16 23 27 41 42 46 61 72 80 89 101
1	13 17 23 24 27 29 80 100 102 161 183 198 212 240 265
207	80 85
6	78 108 111 187 204 284 361 450
59	75 140
80	27 92 116 135 218
181	12 15 16 24 38 49 66 116 138 295
15	27 75 83
208	95 107
41	2 24 27 85 150 197 198 207
0 11	8 12 15 18 41 45 89
68 176	15 25 26 45 46 71 74 89 101 228
15	24 27 75 78 83 85 108 118
15	27 30 81 85 197 248
111	16 91
37	41 77 120 204
0 7	7 15 27 38 67 80 89 116 298
103	16 32 52 68 83 87 108 284
52	41 48 50 58 60 67 83 127 165
62	15 17 27 30 41 78 116 120 164 191 207
17 80	1 15 41 68 76 89 101 405 408
0	5
6 45 81 108	8 15 16 54 64 78 116 118 189
6	15 24 30 41 69 75 77 78 81 83 84 85 87 116 119 121 182 197 207 216
24	124 255
0	0 6 15 32 33 54 90 94 148
6	10 15 16 38 89 362
6 24	120
6	32 75 77 78 162 171 191 206
1 31 156	15 23 29 37 80 100 102 178 248 295
36	185 187 226 227 282
186	15 41 48 57 60 159 189
61	16 151
17 80	51 79 82 278 279
0	99 234
1 15 17 24 37	12 43 66 80 96 157 175 228 229 256 272 347 366 370
14	15 46 88 127
66	25 38 46 89
14 117	83 96 143 165 186
117 132	15 16 27 37 41 46 49 54 83 90 94 100 102 116
6	16 78 111 120 305
44	7 15 24 27 41 85 116 160
116	15 41 68 69 71 85
107	6 17 27 78 84 85 116 119 150 160 197 348 507
6	15 16 27 32 68 109 136 154 189 310 372
124	2 12 15 27 66 68 97 135 241 347 371 397
17	12 15 18 27 41 67 81 147
209	33 40 90 100 102
1 5 24	15 30 51 75 83 90 108 111 118 119 216
70	92
95	13 15 202
108	508
67	17 39 40 78 83 85 96 143 165 186
78	15 41 61 78 80 81 85 94 111 118 119 233 387
6	15 27 41 84 108 116 118 207
82	8 13 44 69 87 120 156 162
5 17	8 12 48 66 138
199	120 147 191 206 280
119 170	12 15 16 38 54 153 203
84	8 15 25 38 44 100 102 147
117	15 37 100 102
1	37 100 102
78 95	15 18 37 74 85 366
132	16 27 37 54 55 60 61 90 118 148 189 298
36	16 91 109 160 185 226 509
15	8 15 27 30 64 66 116 150 156 197 207 220 291
36	9 16 18 41 66 138 160
17 79	15 25 44 45 54 55 80 103 161 300 301 386
14 44 45	15 99 100 102 234 447
49 78 117	7 15 37 51 89 251 275
54	85 206 309
73	9 16 18 28
0 11 49 55	0 15 37 54 94 268 275 302
123	15 18 64 66 147 219 223 251 510
6 15	69 78 86 197 207
7 68	0 3 5 15 25 45 49 54 80
27	8 9 28 33 68 184
74	15 30 77 162 191 204 337
11 49	27 28 30 81 85 86 147 182
6	16 30 51 107 116
59	15 16 17 41 68 84 87 88 99 116
113	2 10 15 16 32 44 54 67 94 101 228
0	6 59 68 71 148 341
116	27 77 78 83 114 116 135 218 223
15	15 28 37 39 60 75 124 125 130
1	12 41 54 80 147 404
11	8 9 12
18	23
1 24 48 55	48 60 96 173 186
210	107 130 511
15 121	15 51 75 77 78 83 280
9 59	6 15 44 67 139 228 241 362 363 364 481
54	8 15 49 57 66 126
11 15 70	17 67 78 112 119 233
13	50 83 96 169
7	7 15 25 38 45 49 78
1	15 37 251
1	46 85 100 102
21	15 27 54 83 116
43	23 27 29 51 83 86 87 114 135
211	0 15 16 68 212
54	50 124 153 271 351 488
48 101	16 27 109 149
44	11 37 116 315
212	8 15 24 27 38 46 80 89 116 147
0 1 7	15 25 45 46 100 102 161 177 295
69	15 16 64 68 83 284
9	0 44 116 151
0 1 25 67 77 111	16 33 73 91 100 102 157 171 180 186 297
11 155 213	71
37	15 24 26 27 41 45 71 80 103 120 387 512
45 95	16 118 277 311
9	100 102 129
0 24	46 143
168	16 39 83 91 118 172
0 5	15 27 45 54 71 85 89 94 100 102 161
15	17 41 51 85 101 254 385
11 83 88	10 27 38 57 85 211 513
21	51
15 91 92	15 83 195
68 90 107	15 16 41 68 116
146	41 118
9 29 123	10 52 155
77 131	130 132 514 515
170	15 18 27 37 41 67 71 76 295 366 386
9	10 22 51 422 424
9 199	15 45 49 89 101
1 12 68 165 181	13 127 164
184	414
127	53 118
1 7 51 54 183	48 73 85
59 66	36 37 46 67 88 217 421
27 134	503
174	6 15 38 130 147 164 270 347 425
59	24 27 44 179
1 9	16 18 106 136
1	85 95 96 100 102 127 129 206
132	15 39 41 48 49 50 58 60 124 153 390
1 62	15 27 41 78 83 85 114 116 161
54	39 40 48 51 54 78 83 85 95 129 153 165
0	148 476
14 44	15 16 17 18 23 27 29 32 41 54 71 85 94 100 102 112 189 203 295 366
15 41	15 35 78 83 84 87 307
195	78 116 119 120 156 220 233 410
14	15 112 203
0 24	15 24 78 87
75	6 8 10 15 16 45 49 89
21	8 9 10 15 27 41 116 251 275
6	51 280
53	27 30 51 96 411 454
0 11 56	23 85 88 100 102 166 177 324
124	47 78
77	67 87
7 34	15 83 89 90 101 118
132	16 39 83 94 165 189
53	15 33 124 143
59	13
6	16 68 89 107 118 151 189 219
73	36
9	0 6 10 15 89 101
54	50 51 60 85 96 127
0 5 20 83 142	16 33 68 71 87 154 239 446
54	48 60
21	15 16 17 32 41 45 89 136
0 1 7 55	15 18 46 116 118
12 17	15 41 66 103 150 207 212 239
0 11 49 50 65 68 170	15 33 38 71 80 89 94
36	83 187 394
6 104	16 30 83 89 116 118 147 189
7	41 46 54 56 135 140 422
0	83 132 153 165 175
20	32 41 160 184
4 5	12 15 17 24 27 28 30 32 37 41 80 94 116 161
25	293
30	15 85 117
93	2 15 74 80
70	24 151 175
11	15 16 41 71 207 275
77	127
44 66 83 99 123	27 54 57 83 90 91 109 110 116 118 137 148 185 258
1	15 18 23 38 80 85 86 100 102 116
11	8 15 16 24 27 38 85
36	9 10 12 15 16 24 27 41 68 91 136 185 187 282
1 55 60	15 41 51 248 251
36	15 78 277
79 190	6 36 55 60 130 258
15	92
22 157	2 10 23 44 144 166 177
103	87 169 187 204 282 348 350 361 450 516
15 24	15 89 101 118
29	25 35 40 71 94 143 173 186 213 214 383
6	6 8 15 17 38 42 67 71 76 86 150
43	147 206
34	15 27 41 51 116 133 143
29	15 16 27 32 38 66 68 116 189 219
0	32 33 81 96 143 148 186
7 63	38 44 67 71 156 208 228
0 57	15 16 30 33 39 51 54 78 83 91 94 108 113 115 148 160 165 172 174 185 298 299 434
78 117	15 27 37 38 51 54 61 89 90 101 116 133 143
9 18 99	15 51 89
0	0 15 37 46 55 148
21 44 68 129	8 9 10 16 38 136
76	15 24 27 38 85 94 202
1 121	100 102
4 66	38 44 67
21	11 41 66 108
7	7 12 15 37 38 44 46 71 89 90 101
25	15 33 73 311
67	15 32 33 90 94 116 124 143 186
28	124 130 131
1	15 18 23 29 37 69 100 102
64	15 18 27 41 83 429
9	15 41 52 71 189 219 314
1	8 39 48 50 58 80 122 124 125 130 153 159 220 421
21	12 15 46 64 71
19	41 49 107 255
51	15 67 78 156
54	8 16 32 38 51 85 89 136
16 25	0 40 48 50 54 73 124 125 153 171 190 309 311
9	101 239 309 326 423
70	24 92 516
215	243
15 21 28 64 70	48 83 92 108 118
0 24	39 49 60 75 85 95 122
63 216	37
0 83	0 6 15 32 39 54 61 80 83 90 94 153 165
21	0 54 71 161
17	45
1	66 366 386 424
85	14 39 41 83 116 165 211
6 15 24	48 60 130 131
0	8 9 12 38 299
54	15 25 38 42 44 45 49 103
0 7	15 38 44 46 89 101 161
6 217	24 32 69 78 84 87 187
0 10 11 55	15 32 38 51 54 80 90 94 99 161 268
88 218	18 30 106 137 160 189 227 263 314 385
0 68	41 54 59 61 71 89 101 113 115 142 180 181 227
1	10 256
54	222 243
0 135	15 25 54 80 101 161
6 58	83 96 143
7 54	27 38 41 42 44 49 50 67 140
44	11 37 48 116 300 301 315
8 12 68 169	47 68 103 219 220 229 251
15 104	15 75 84 120 162 191 307 337
15	15 27 85 116 118 156
104	15 41 116 117 404
15	16 67 206
6	16 32 68 71 78 154
77	0 15
9	18 26 210
77	0 33 73 90 129 153 173
3	2 6 23 38 71 85 166 254 393
7 54	15 38 48 60 144
99	15 83 116 185
1 22 37	13 15 17 23 24 29 37 85 183 254 272 366 386 487 518
1	8 15 16 17 23 37 38 71 94 142
45 110	73 162 171 191
48	0 1 15 94 148 300 301 349
0 6 15 55 121	51
57	8 41 54 116 178
0 7	38 41 44 46 79 82
67 79 132	0 15 16 27 28 32 33 37 39 40 41 54 90 98 110 153 173 186 298 461
6	8 15 24 38 68 69 85 87
40	31 51
50 99 132	11 15 16 27 37 38 41 54 61 71 80 83 90 91 116 118 143 185 203
82	15 24 27 68 78 116 160 197 207 223 245
46	15 25 180 181 202
7	17 27 49 67 112 113 115 161
54	48 50 56 59 60 107 140
6	51 306
6 104	30 116 119 207 216
0 15	15 27 31 75 81 176 316 317 404
10 49	15 24 28 30 37 78
17 80	17 25 44 67
13	8 15 16 17 27 28 32 33 38 54 80 85 86 89 94 101 204
104	16 27 41 68 89 108 116
44	52 75 78 119 216 227
48	16 18 26 41 45 57 178 210 347
0	33 61 90 94 153 298
28	0 143 173
54	51 83 85 96 143 186
66	27 30 41 51 116 117
99	54 118 143 186 297
78	37 89 100 102 178
1	10 15 41 45 51 295 366
54	40 87 144 190 206
7 54	48 50 100 102 215 297
44	54 228
24 74	24 69 75 77 78 83 120 163 187 343
6	8 16 67 68
113	48 365 448
1 12 83	9 12 66 110 136 138
36 50 210	10 26 45 68 77 89 91 103 110 136 146 178 300 301
1	15 27 41 116 161 295
97	9 67 69 218 463 464
54	48 169 206
54	40 48 60 67 77 153 270 444
1	1 8 27 39 48 58 59 60 67 519
68	111 120 316
44	99 118
6 22 70 188	28 37 39 48 60 67 75 77 90 108 124 130 131 176 194 270 308 345 423 492 520 521 522
48	15 16 32 41 68 69 71 116 136
59 219	27 100 102 113 115 116 120 142
49	85 404
0	32 33 40 46 85 90 143 173 186
0	15 46 49 83 96 165 321
15	8 46
107	17 84
79	6 256 523
7	0 15 33 51 71 85 89 203 415
105	15 16 17 68 120
66	16 45 85 89 101 116 189
0 7	15 44 147 180
1	7 15 17 24 27 38 78 80 85 161 223
43 94 101 154	1 81 83 96 109 111 118 165 199 227
15	77 448
63	8 158 206 221 264
7	2 3 4 5 15 24 38 44 69 71
1	46 95 366
54	41 50 57 67 68 89 124 133 297 437
36 50	16 106
15	15 41 85
42	41 57 107 178
1	15 24 79 80 82 86 183 266
37	76 205
27 109	11 75 84 90 100 102 108 109 111 157 258 343 387
6	2 7 15 17 68 69 78 150
1	15 32 39 41 58 83 124 131 153 165
15	27 41 78 83 116 160
125	8 15 16 25 38 59 67
15 27 31 220	11 116
55	15 16 33 298 302
1 17 99	15 37 100 102 295 404 433
36	372 457
127	0 9 17 47 54 61 510
6	16 68 137 154 185 204
134	24 30 156 197 198 207
46	8 15 16 67
64 83	27
15 80 99	116 118
95 146	15 24 27 30 69 87 116 119 121 197 207 223 248
53	39 40 83 96 165
186	11 15 27 67 71 275
44	11 15 16 17 30 41 51 78 80 83 107 116 118 120
132 221	15 16 23 32 41 42 68 72
77	25 26 32 33 46 73 90 117 124 130 298 383 511
22 28	119 216 280 316
99	15 60 78 93 129 180 305 426
153	9 12 18 84 185 249
48	15 24 150
6	108 111 147 206 280
1 15 58 117	67 77 78 80 85 112 116 120 131 142 162 187 191 287 404
6 80	16
21	15 16 27 41 68 108 116
15	15 85 89 195
171	8 15 27 41 57 160 226
36	15 16 17 24 27 28 30 32 33 37 68 80 83 84 85 91 94 111 118 120 172 182 185 186 316 450
1	2 15 16 24 32 38 41 54 61 68 80 87 94 116 204 295
17	15 27 41
105	4 8 15 16 30 68 78 111 120 147 150 219 505
77	0 10 15 46 54 69
37	23 27 76 113 115 133 183
99	15 18 27 90 156
25	2 15 25 27 36 41 45 59 67 78 103 156 303 304 380
14 51	41 67
1 15	15 16 24 27 38 45 85 116
77	25 90
52 54	67 206
36	51 73 78 185
76 117	13 15 17 27 38 85 86 87
117	15 27 64 83 85 119 233 284
80 95	16 25 32 38 41 68 69 71 76 88 147 204
83	6 12 15 23 26 38 66 80 272
52 117	39 40 83 126 165 444
6	68 89 111
54 112	8 10 13 15 27 57 86 156 211 212 250
95	30 51 78 118 120 191 193
1 32	222 524
6	15 27 41 75 77 78 83 85 116 160 164
0	12 15 18 26 37 80 83 100 102 103 118
0	15 32 42 87 148 275 435
0	7 15 38 41 46
38	41 85
22	28 30 67 75 78 81 90 111 119 187 216 250
54	15 16 27 32 41 54 61 68 83 89 90 91 108 137 185 203
59	99
33 176	0 15 32 54 81 87 94 481
6 105	15 16 17 68 78 88 120 198 376
124	180 215 243 525
43 201	15 16 23 24 32 75 83 87 89 113 115 116
6 11 22 49	0 23 52 99 452
6	30 119 216 233
6	15 30 38 69 120 135 156
19 54	126
16 89	2 16 37 40 51 61 67 73 94 157 171 173 186 190 269 311
27	8 9 33 68 87 89 116 467
30 35 42 50	41
127	28 89 219 314
70	15 41 83
0 3 7 17 19 42 44	10 16 27 41 45 57 80 103 178 210 211 239
62 80	15 27 41 51 83 85 116
222	15 16 27 32 41 64 68 89 116 136 160 250
1	39 40 60 73 122 130 153 271 321 351
17 125	6 8 15 48 49 67 80 103 127 155
12 15 68	15 17 24 27 30 69 84 116 120 150 156 197 207
0	7 15 37 38 46 89
24 43 74 105	41 48 69 75 77 78 92 117 118 120 206 244 280 305
0	32 51 189 223
193	15 16 24 27 68 71 85 300 301 488
6	16 24 30 67 69 78 101 180 181 198 204 339 526
20 87 116	116 136 137 223 262 285 310 332 371 397 427 443 527 528
4 24	2 8 15 54 67 73 94 153 246 311 360 393
1	27 33 39 46 83 85 153 165
0 1	51 58 85 93 95
145	9 33 46 490 501
15	15 24 84 87 116 204
1	2 3 5 15 16 26 38 66 135 218
50	10
6 31	15 16 189
81	24 27 28 55 81 135 269 529
117	7 15 37 38 46 53 61 89 101 429 437
1 53 110	17 48 162 191 206
0	8 10 15 25 32 38 54 71 94 298
95	6 15 155 169 206 243
59	15 16 32 41 68 85 89 116 136
31	9 12 15 16 32 38 41 66 68 76 87 88
0 1 55	2 3 5 23 24 29 54 66 100 102 152 161 240 404
78	7 15 37 51 61 89
15 59	15 24 27 48 50 60 69 78 116 120 124 130 150 159 160 162 191
6 43 62 64	15 16 23 27 30 45 67 105 110 111 184 263
0 11	15 24 27 32 33 51 54 85 90 94 275
55 83	15 16 33 468 469
6 223	15 16 27 30 41 51 85
174	9 12 16 27 41 45 147 164 178 189 424
16	160 340
9	0 309
25	2 192 341
59	15 27 45 67 76
17	12 13 41 44 49 66 251
6 17 105	8 9 16 30 38 67 78 120 156
62	9 15 24 25 41 54 69 71 94 119 121 298
0	10 25 27 44 74 89 116
1	3 5 103 160 220
30	16 32 48 68 71 78 154
195	15 24 27 78 80 84 116 118 223 251
103	16 25 139 223
1 15 48 67	6 39 40 83 85 96 143 155 165 186
1 37	16 23 27 33 157 173 180 186 204 297 452
25	0 2 5 6 16 24 32 33 39 54 67 69 75 78 83 85 96 101 108 153 159 173 202 204 224 275 297 304 311 339 353 354 355 380 431
0 7 55 76 123	15 17 27 32 61 71 80 94 161
6	16 68 78
74 127	15 68 135
89	48 60 73 171 200 318 335
6	15 16 41 118 189
48 68	15 32 61 90 94 142
1 44	15 37 41 95 100 102 256 366
24 48	0 16 41 284
17	12 38 66 177
77	73 95
31	9 15 23 24 32 38 41 68 89 116
53	21 58 122 127 153 190 321 444
113	15 16 32 41 109 110 148 227 300 301 341
117	0 15 16 94
17	8 15 25 41 44 45 49 58 89 101
15 104 121	15 27 41 69 75 77 78 81 84 116 119 120 121 156 216
54 224	23 180 364 452
15 24	306
21 64	15 16 27 41 45 51 57 89 251
6	16 17 67 112 116 120 280
68	15 16 41 54 80 89 202
6	15 24 27 41 81 84 100 102 316
6	8 9 16 78 95 107 118
37 93 123 160	118 143 173 186 206
80	15 23 24 27 29 76 80 81
66	15 23 27 41 78 85 120 156
25	23 29 93 255 414
3 4 5 157	15 27 30 38 64 69 71 116 182
24 66	27 85 116 118 156
91	15 23 24 30 41 66 75 78 81 87 114 120 182
4	10 76
42	15 18 270
27	116 135 371 397
53	15 24 27 41 69 75 78 83 84 87 116 119 160 197 216 411
17 41 64	8 27
6	16 52 68 83 89 118
27 109	27 116 162 180 181 223 275
80	51 311
18 62	15 16 107 118 137 189 369
54	11 15 37 38 41 46 53 56 67 88 140 275 362 437
45	57 67 112 143 162 186 191 193 277
80	15 27 78 88 116 120 135 218
41 107	15 30 448
6	78 117 119 380
7	42 45 48 49 50 60
91 121	75 424
0 15	15 16 17 27 32 38 41 68 71 87 116
53	48 124 186 301 382
6	8 15 16 49 53 59 83 107 118 228 307
7	49 80 116 206
54 117 132	37 46 51 54 56 83 108 133
63	9 25 38 67 71 208 228
7	8 15 33 38 54 74 94 103
152	15 16 27 44 76 88 151 376
64	16 18 45 110 227 372 373
16 25	50 58 60 67 73 130 171 200 305 309 335 360
54	27 38 42 67
105	8 68 78 89 111 207
45 48	8 15 16 24 32 38 41 68 87 116
42	57 250
113	8 15 25 28 54
0 28 118	0 7 15 17 24 32 54 61 94
57 67	414 477
6 14	6 15 68 116
0 117	15 51 54 96
43	51 85
1 37	15 96
123 140	67
36	16 73 84 106 137 171 175 185 187 285 311
0 71	16 27 32 33 39 68 148 180 181 202 239 299
6 95	17 27 30 69 78 116 144 204 300 301
124	123
75	8 19 38 50 124 126 127 131 132 321 335
1 99	0 15 16 32 38 39 41 54 68 94
6	8
1 14 44 45 68 83 90	12 23 27 29 41 71 80 85 112 203 295
21	15 16 41 68
7 15 17	15 38 41 45 71 85
6 17 32 117	15 30 67 156
31	15 16 38 68 84 116 137
54	25 38 44 45 49 56 67
13	15 16 25 27 32 38 68 116
1	6 15 16 17 68 71 85 116
17	15 27 88
64	15 16 27 38 41 54 67 89 91 100 102 110 111 116 118 178 189 277 295
67 154	8 10 15 16 24 27 32 45 51 54 57 68 85 89 94 95 156 203 250
52	243
0 1 55	2 4 7 38 67 71 152 231
0 80	8 16 30 133 437
64	15 27 41 45 89 161
32	1 10 16 41 202
1	153
1	15 18 27 41 100 102 118 178 295 322 366 372 373 429
6	14 15 64 111 116 118 160
182	6 16 32 33 60 73 118 130 171 173 180 181 186 202 385
112	41 66 103 353 354 355
15	15 27 79 82 90 117 120 161
113	10 16 54 59 94 136 148 149 227 300 301 497
6	11 16 41 143 180 181 213 214 239 277
76 117 119 132	0 15 16 37 38 54 94 153 422
1	15 27 30 41 51 83 100 102 116 118
17 51	15 27 45 55 67 135 218
7	10 13 15 16 18 45 136 178 212
87	15 16 89 101 116 385
27 109	16 33 53 83 107 136 270 369
15 17	46 177
200	85
14	12 67 71 112 203 234 259
9	15 25 38 49 67
6	16 89 101 117
15 120	15 75 81
24	24 27 30 85 87
26	11 107 160 189 326 448 505
1 9	8 9 10 12 16 18 27 77 80 89 100 101 102 116 178 212
49 78	0 15 46 89
9	8
15 24	93 124 206
77	25 90 143 173 299 362
167	9 88
6 43	16 89 159 171
1	69 164 180 181 202 422
58 87	16 27 98 116 136 149 251 310 530
14 59 68	2 15 38 44 76 179
111	1 15 16 30 32 41 46 54 78 83 87 111 120 136 202 210 221 297 385 524
52	48 96 321
84	27 54 61 83 91 110 116 300 301
122	16 68 94 109 316 371 397
15	18 27 30 41 51 77 116 119 156 183 233
207	2 4 5 6 15 38 153 230 241 294
95	15 24 30 69 84 162 187 191 337
0	4 13 15 51 67
169	16 101 326 415 472 528
34 48	16 89 143 162 191 350
15	27 41 85 118
123	41 85 96
1 14	147 256 295 366 386
36	9 12 249
50	32 71 87
123	107 314
6 12 17 112	12 27 41 116 212 234
14	15 27 45 69 86 116 150 158 197 291 503
0 12	0 15 27 28 38 41 71 103 212
28	1 15 40 58 67 94 153
1	80 256 295 366
127	112 146
0 15 48 55 83	6 27 41 81 85 95 362
5 83 95	27 38 44 51 57 85 211 513
1 37	12 15 16 23 26 27 29 38 46 80 88 295
68	255 346
56	15 41 51 116 133
25	160 192 281
1 43 99	37 90 93 100 102 111 118 143 295 366
9	10 531
15	27 30 41 51 78 85 118 119 161 191 197 216 414
70	41 54 83 90 118
43 201	16 32 68 116 135
17	15 41 85
37	67
15	16 24 32 41 80 160
68	59
80	15 27 30 38 51 85 161
54 83	80 206
0	32 33 40 71 87 101 202 239 423
16 67 77 89	8 19 39 60 67 73 130 167 171 264 335 350 499
0 78	0 173 186 255 524
44 68	17 23 27 29 41 45 49 67 71 89 112
1	18 23 29 41 80 147 189 366
1	15 103 116 160 180 181 202 220 367 368
20 48 133	98 149 150 398 476 530
195	120 150 197 207
15	7 12 15 37 38 100 102
25	10 12 15 16 68 71 89 101 161 203 532 533
41 104	15 24 27 30 41 51 75 77 78 83 84 108 114 116 117 163 164 165 207 280 383 414
6	78 83 206
183	8 15 17 24 30 38 46 54 212
54	41 54 78 85 96 153
28 129	8 30 31 120
220	11 16 32 116 189
226	0 6 15 16 37 51 67 101 116 155
153	239
1 15	51 85 206
11 58	7 41 51 248 274
15 24 227	8 13 15 17 24 27 38 39 80 85 90
0 20 55 77	0 6 32 33 46
43	23 25 27 45
1	39 41 54 94 160 174 184 203 239 347
183	48 130
93	8 15 49 144
134	11 23 105 107
1	276
20	16 32 67 69 148 324
25	124 318
7 54	15 16 38 41 42 67 71 80 89 101 228
80 105	8 27 189
228	180 181 311 496
229	8 15 25 26 54 67 76 148 488
107	28 51 116
1	12 33 41 51 85 100 102 133
1	8 9 12 15 16 18 24 26 27 32 38 41 49 50 68 71 80 85 116 264 512
22	15 24 27 69 80 114 182
0 25 44 54	18 68 107 126 211 371 397 498
4	7 8 45 79 82
51	15 51 67 108 180 181
6 22 70 188	28 37 39 48 60 67 75 77 90 108 130 131 176 194 270 308 423 520 521 522
20	16 26 32 68 91
42	8 15 16 41 48 57 250
0 25	194 195 353 354 355
4	7 15 27 41 45 79 82
110	8 24 69 78 120 197 207
45 91 121	424
17	7 10 15 41 89 156 211
54	40 49 50 77 126 159 401 534
25	206 293
52 53	68 83 86 116 284 423
0 7	7 12 15 25 38 44 46 71
43	65 67 100 102 118 193 194 195 206 244 287 394
64 123	38 41 71 89 90 116 118 143 161 263 295
11 155	15 16 18 24 25 41 45 57 68 89 116
51	15 39 40 42 50 57 60 83 94 124 126 153 156 159 160 165 250
113	40 60 190 209 243
6 15	41 83 108 116 118
68 90	8 10 264
0 78	7 15 30 37 46 51 71 89 90 101
74 80	68 69 88 116 207 245
6	15 27 30 32 54 94 111 119 216
36	16 91 185
11	30 78 156 169 177 324 350
114	17 77 78 83 120
1 55 156	18 100 102
25	206 413
6 99	16 44 83 89 101 111 180
6	73 75 77 78 81 206 293
0 10 15 95	0 1 15 24 27 36 38 46 103 153 207 212
44	26 44 45 71
10	27
74	8 15 26 30 114 120 197 234 264
43	15 24 76
87	15 24 27 84 116 160 247 347 370 387
40	7 15 27 41 45 85 116
32	2 3 5 6 15 177
1 4	0 91 103 184 347
1	2 4 46 148 319 336 395 481 535 536
0 55	6 33 54 63 116 302 303 304
14 44	8 12 26 49 67 71 112 180 181 264
6	83 107 118
0 17	15 16 27 28 30 37 41 51 54 94 111
1	37 38 537
6 23 58	15 16 17 24 27 28 30 32 33 41 80 85 89 118
1	12 16 45 50 103 131 147 366 517
32	8 10 12 38 45 46 212
32	1 32 33 37 54 71 94 405
230	48 60 488
13	95 153
32	0 16 32 54 101
37	400
54	27 39 49 50 51 83 85 96 153 165 190 312
7 44	8 21 78 119 216 264 538
67 224	15 32 37 38 41 54 68 83 89 100 102 133 165
20 57	15 41 90 99 116 118 251
21 66 83	68 89
62	7 12 16 22 25 28 36 38 41 94 116 203 208
231	7 61 69 71 101 180 181 203
43	23 27 76 113 115 133 386 494
95	4 15 16 44 68 71 353 354 355
232	0 15 16 32 41 64 108 180 181
54	15 50 67 90 364
6	15 16 38 67 89 151 161 180 181
51 112	483
45	9 10 12 15 18 27 45 136 160 178
0 3 15	27 41 67 71 78
0 12 50 56 80	71
0 55 76	15 24 275
6 15	15 16 24 25 41 71 83 116 118
25	9 67 78 103 176 314 407
105	2 6 8 15 38 44 67 155
0	7 15 17 46 54 142 148 300 301
25	16 32 33 60 73 95 107 157 168 171 173 192 200 281 297 365
21	16 251
1 15	15 18 78 100 102 183
1 7	2 6 7 9 12 17 23 38 44 46 59 101 130 153 155 166 230 265 294
89	15 16 17 24 27 28 32 33 41 61 89 94 116 316
53	1 60 83 169
0 68 78	12 15 37 46 59 94 116
1	15 18 37 90 100 102 275
17	15 46 238
7	15 16 26 37 46 89 120
6	8 15 16 41 49 118
25	2 3 5 8 24 25 27 32 38 54 71 80 85 94 153 191 341 374 375
228	0 15 24 68 71 80 87 385
14	15 67 71 112 147 259
57	7 41 46 54 57 61 116 148 184
0 62	0 1 6 15 17 27 30 51 54 61 71 80 81 94 103 153 161 404 511
1	16 111 112 113 115 116 120 156 295
52 57 135	39 48 58 60 83 127 165
37	1 100 102 205
119	8 15 24 27 41 54 85 116 197 207
85 228 234	13 16 69 87 324 478 539 540
15 34	15 17 27 30 41 90 91 110 116 118 387 414
1 3 5 44	11 15 18 26 27 41 45 71 80 85 116 295
83	13 15 27 66 80 103 164 541 542
11 35 103 134 137	227
17 51	16 24 32 68 137 189 234 239
1	12 287
1 43	108 205
208 235	16
32	15 16 32 41 68 116
1 17 68	18 27 41 45 54 57 185 189 210 239 256
1 12 83	6 18 24 37 38 46 66 80 100 102 161 178 295 347 370 386
50	100 102 206 495
53	75 81 119 216
12 236	8 9 13 15 16 17 24 27 38 44 45 48 50 54 59 60 68 76 80 85 100 102 124 130 231 240
4	0 15 16 44 68 87 212
1	15 17 39 54 58 60 86 124
13	9 10 15 16 24 33 54 61 68 91 94 108 120 123 185 203 316
117	6 51 422 424
15 45	16 41 68 108 116 118 149 180 181 496
237	15 16 41 45 151
53	40 73 211
16 25	75 125 206
41	27 51 116 275
29	83 87 95
15 51	2 5 8 15 16 32 38 68 80
13	37 40 60 73 83 165 167 171 173 174 365
6	16 41 76 83 111 118 208
236	2 8 10 15 25 46 68 80 81 89
24	15 80 108 118 280
43	15 16 17 24 27 32 41 68 89 116
54	46 56 362 437
43	15 24 28 30 83 87 114 119 120 197 203 216 233
29	11 53 107 151 169 249 271 448
110	107 186
27	60 75
0	15 30 51 93
3 6	16 17 71 78 89 120 380
14	15 38 41 51 71 85 251
93	15 25 43 59 74 76 89
0 5	38 45 49 248
16	15 16 24 33 73 171 482
50	90 143 173 186 225
0	27 37 85 94 100 102 120
44	16 26 161
32	3 5 6 101 180 181 336 385
1 37 55	0 15 23 29 37 100 102 183 240
0	7 32 68 90 148
18 66	52 53 83 283 349
124	0 2 8 10 15 16 27 32 36 38 54 94 97 101 133 316 387
83	1 6 24 62 66 103 347 425 543
83	7 8 15 51 85
25	8 16 38 89 90
6	2 15 17 68 69 78 89 108 150
110	8 60 84 158 264
66 81	15 16 24 27 41 51 68 81 84 85 116 160 251
43	116 156
9	15 16 41 89 120 180 181 350
38 40 68	8 15 38 85 118 251
54	41 56 57 159 211
1	15 100 102 248 386
54	15 16 39 41 57 58 68 85 86 116 159
1 33	12 15 38 44 46 66 76 80 138 205
15	8 15 24 27 41 45 80 85 122 156 248
7	50 83 96 124 165
0 21 53	50 60 242
105	16 32 52 219 286 460 481
0 15 20 24 67	83 85 165
72 83	15 45 127 136 178
50	60 206 250
1 37	46 48 130
38	15 17 18 27 41 45 78 80 85 161
105	15 24 25 30 38 68 116 119 135 216 218 219
12 83	2 4 6 8 15 46 50 66 67 74 80 103 130 131 201 228 231 241
3 6 36 66	17 32 136
99	15 16 27 37 38 51 54 100 102 203
7	99
0 13 54 76 117 132	48 60 83 95 143 153 169 171 186 300 301
0 17	15 37 71 89 101
50	11 17 18 83 91 109 116 118 135 136 227 297
17	15 251 252
15	39 40 85 88 122 206 244
6	15 16 32 68 89 136 137 189
13	3 5 6 15 34 462
53	48 49 50 58 59 60 124 126 130 159
8	15 38 67 89 101 151 249
91	50 78 130 534
6 80	15 27 41 83 116 118
4	38 45 49 55 67
1 11 49 55	15 17 27 51 80 85 100 102 161 251
31	16 32 38 68 89 116
238	16 41 57 66 116 189 210
6 149	15 16 32 68 87 101 116 136
59	48 88
27 35 42 43 104 109	16 53 73 75 77 83 119 171 200 216 271 280 351 369 437
1	51 93
1 6	544
5 14 21 83	15 27 30 41 77 78 116 119 164 216
4 5 24	78 119 120 146 216 227 258 283
11 155	0 37 275
0 7	12 38 41 45 46 49 54 71 76 80 85 103
27 109 171	83 118
1	12 15 189 366
60	15 16 27 28 68 78 84 85 87 116 150 197 207
25	2 78 89 98 101 172 191 247 299
0	6 15 24 27 32 38 64 71 85 90 299
36	16 250
23	48 60 124
111	16 41 48 73 83 159 242
0 7 170	15 27 41 83 118 275
9	16 32 49 68 101 155 309
1	6 15 23 24 100 102 114 147
1 43	0 10 16 25 27 32 33 35 39 41 46 54 60 75 77 78 81 83 87 90 98 107 136 153 176 215 286 298 300 301 383
48 80	27 111
9	15 24 38 80
57	15 37 38 41 46 54 59 83 89 100 102 133
125	48 51 85 206 243
48	8 15 16 17 18 26 41 54 71 178
0 68	15 17 27 46 59 74 76 85 120 142 161
21	15 16 64 116
80	15 17 30 38 71 85 101 135 218
168	16 27 37 39 41 54 78 83 91 94 120
75	111
1	41 50 60 116
15	15 24 66 84 135 138
52	195 243
59	20
6	16 78 87 116 136 137 154 239 443
50	146 429
6 74	78
15	15 16 32 54 96 108 118 124 143 153 173 298
24	15 33 100 102 118 133 189 205 366
95	16 30 51 52 111 117 219
89	28 32 33 54 90 143 173 186
83	7 15 27 38 41 147
50	9 25 89 347
23	15 76 91 135 179
239	9 12 284
42	2 8 9 12 15 16 25 33 40 41 44 45 46 64 71 78 80 81 100 102 119 121 163 307
1	15 27 120 287 295
123	17 206
75	8 15 25 38 67
75	0 2 3 5 6 8 15 38 76 155
25	93 100 102 140
15	15 27 30 41 51 75 81 85 116 120 161
6	15 27 41 78 84 116 119 121 160 216
0	15 24 28 30 69 84 116 118 156 182
1 6 104	15 16 68 89 91 136 227 316
50	16 18 23 27 83 105 110 146 185 227 250
6 54	73 77
6 15 21 68 78 177	15 17 27 30 37 38 45 54 57 71 85 90 94 133
25	15 369
0 7	12 25 27 38 71 78 112 120
1	136 366 431
91	16 17 41 67 78 120
25	95 124
139	27 41 45 53 56 57 106 137 146 210 237 239
6 54	15 16 67 68
1	15 90 100 102 295 386
53	75
1 9	12 15 27 41 71 83 147 203 295
15	119 228 233
76	73 171 316
15	14 15 24 27 28 30 78 84 85 87 116 135 150 156 160 197 207 247 387
91 121	22 424
53	40 51 96 190
6	8 16 27 118 189
43	23 27 38 100 102 135 195 255
5 24 41 121	15 24 28 30
27 44 109	108 111
1	18 26 41 45 57 59 189 210 239 322 386
1	15 23 27 41 80 100 102 295
0 1 6 23 36 77	48 69 83 100 102 206
0 1	15 41 51 54 80 85 178 189 256 424
0 1 76	15 24 32 33 83 87
9	45 49
25	8 15 107 157
0 20 42	18 211 239
0	18 23 27 41 45 57 72 136 211
15 120	51 75 81 85
80	8 9 15
62	54 94
41 82 107	8 24 38 85 86 116 156 197 207
61	52 107 151
1	118 129
9	16
44	27 41 211
54	169
62	15 27 41 78 118 280 383
41 107	27 69 75 77 78 84 87 116 119 120 150 156 182 197 207 343
24	100 102
154	15 37 38 41 54 83 89 101 133
1 14 17 44	15 32 71 80 83 87 112 203 204 234 357
25	2 3 5 15 17 49 67 76 293 374 506
15	15 44 67 156 161
7 17 68	51
4	8 16 69 78
0 8	15 38 45 46 248
15	15 18 27 85 100 102 183
7	0 10 15 16 37 67 89 101 116 161
104	27 78 83 107 111 119 216
72	0 2 15 16 24 27 32 38 54 76 116
91	27 38 66 89 110
43 80	15 32 37 67
1	23 29
117	7 15 41 67 103 215 405
77	173
193	26 148 228 333 334 477 502
54	8 144
11 43 80	27 133
17	15 41 45 71 228
8	67 206
36	16 78 89 113 115 120
124	26 90 136
12 22 207	2 4 49 103 212 268 405
74	48 67 180 181 213 214 311
159	11 15 68 89 107
59	88 134 179
1 22 173	6 13 15 17 18 22 23 27 29 37 51 66 79 80 82 85 86 100 102 240 266 272 278 279 366 404 515 541
110	8 14 15 24 27 41 80 81 116 119 121 135 150 160 197 291 387
1	13 38 100 102 138 175 180 181 347 546
53	6 15 27 32 39 40 50 54 66 83 94 116 153
43	0 90 173
12 83	7 15 66 147 164 223
0	15 16 17 32 68 71 80 148 202
6 108	15 27 68 147 150 335 416
43 80	364
1	15 16 68 88 180 181 239 295
30	27 77 78 109 163 187
48	9 10 12 16 41 109 160 178
80	16 30 51 67 80 83 100 102 112 301 382
136	16 63 108 137 149 173 186 202 203 223 262 275 316 344 381 547 548
62	18 63 73 77 98 106 109 139 149 171 175 180 181 226 283 310 329 330 332 372 373 398 438 457 496 530 549
53 54	37 39 40
59 74	169 206 311 328
1 14 17 44	12 15 16 23 26 27 41 71 80 89 112 116 120 203 295
70	15 41 83 116 118
240	2 38 155 299 341
63	15 27 156 208 396
36	16 52 372 373 532 533
91	51
18 61	11 53 54 107 111 118 143 186 369
94	38 189 249
89	73 242
6	27 67 89
17	12 27 45
55 207	3 5 25 37 409
51 54 57 241	15 25 46 49 59 77 78 88 103 146 362 380
132	60 83 96 143 165
6	16 42 60 73 108
0 7	8 12 41 71 112 147
74	22 87 171 180 181 220 353 354 355 356 447
17	175
242	54 488
1 14 25	15 16 24 25 27 32 41 68 80 87 116 202 374
15	27 51 85 100 102 116 120
6	15 16 41 64 66 108 137 160 189
9	60 127
52 53	60 243
44	9 11 16 37 38 63 252 253 315
9	15 17 26 27 41 45 54 61 80 120 133
36	38 68 85 87 116 137 185
191	9 25 74 103 228
16	16 28 32 33 37 94 100 102 173
6 27 109	27 32 38 68 84 87 138 154 189 223
6	16 24 27 32 41 51 68 71 78 87 91 106 114 116 137 154 239 385
18	16 23 106 111 210 369 438
0 7 11 17 49 55	15 37 38 101 275
4 5 7	71 83 112 187 348 394
1 62	15 27 41 60 147 176 316
66	16 78 80 120 492
25	6 293
176	7 15 25 49 161 228 387
122	249 527
50	17 69 78 85 100 102 113 115 120
6	60 124
5 41	15 24 27 38 71 212
112	15 44 67 144
36	8 15
117	16 32 54
64 100	11 27 41 49 54 57 107 210
31	84 116 185
52	8 42 50 54 60 127 130 228
1	23 29 37 41 54 116 133
1	15 24 57 80 100 102 256
15 51	27 41 66 68 83 91
82	17 24 27 30 85 87 116 150 156 197 207 254
0	16 32 68 87 204
36	16 18 27 41 83 108 110 118 146 227 327
105	306
66	16 24 30 83 85
93	15
24	81 199
0	11 15 16 27 37 38 41 54 61 71 80 83 90 91 116 118 143 185 203
24 48	0 24 48 51 85 95 286
1 15	41 85 100 102 161 295
132	1 39 40 48 96 153
31 70	15 16 41 99 189
67	15 27 41 85 108
6 18 20 24	15 32 68 89 116 189
88	15 17 23 45 71 72
29	15 16 32 41 54 61 68 71 83 90 94 108 116 180 181 202 298
44	16 98 112 227
25	8 127 221 264
53	15 16 23 30 41 52 72 90 108 110 118 137 178 210 263 302 314 369 437 550
15	15 41 83 116 118 207 383
127	146 309 485
1	15 23 27 71 178 295 386
68	8 15 25 38 44 488
7	3 5 103
134 244	237
1 37	15 37 85 272 366 487
93	15 36 80
15 24	24 27 32 41 66 85 116 119 121 160 207
30	83 111 118 184 187 191 276
43 48	27 94 387
7	15 25 49 89 101
16	15 16 17 25 37 38 44 67 89 101 157 297
91	27 84
44	16 18 27 41 66 68 386
104	78 83 118 119 216 280
0	76
18	16 67 180 181 213
11 48 155	15 24 28 30 33 37 80
6	8 15 24 28 30 38 66 68 78 81 84 87 150 207
66	24 30 32 158
2 25 89	15 48 60 73 171 200 202 243 270 309
167	15 24 27 30 31 38 41 64 66 80 116 212
91	15 16 30 41 64 67 78 81 120 156
6 27	16 32 38 68 87 91 185 202 239 284 499
20 29 122	16 32 98 109 285 503
115	15 16 32 89 150 202 275 340 551
0 21	0 6 15 37 38 54 94 173 275
0	7 15 16 37 46 54 83 89 203
89	15 73 168 171 200 335
34	91 108 184 210 211
11	15 18 38 41 51 71 85
146	15 17 24 30 68 69 70 71 87 101 144 552
41	8 15 24 27 28 32 44 68 83 85 87 89 156 207
0 43	16 32 53 73 92 117 159 169 242
44	9 12 15 16 24 27 41 68 116 252 253
0	16 78 111 120
23 111	33 118 275
125	9 96 143 173 255
125	16 38 54 101
6	16 17 27 54 83 90 116 120 210
27 109	11 75 76 78 83 87
1 43	23 37 89 100 101 102 133 322 346
108	28 111 116 118
6	75 92 280 306
30	15 16 36 44 54 89 90 111 118 147 251
17	48 49 50 60
72	6 15 27 41 80 103 127
64	68 83 89 100 102 106 109 116 135 149 189
94	144 151
9	15 38 45 49 229
135	2 7 15 16 25 51 80 99 101 161
17	27 147 316
17 68	36 38 44 67 228
55	6 17 27 32 37 38 46 54 85 90 94 148 161 299
57	15 16 41 83
7	38 44 55 67 71 78 208 396
117	60 85 124 143 186
17	11 15 51 107 251 275
44 68	37 54 107 116 211 315
83	15 41 45 60 147 178 404
43	11 67
1	43 274 424
49	0 15 28 33 38 54 94
21 49	15 17 27 28 32 41 61 67 71 80 94 161
53	48 206 243
54	191
11 14 155	329
114 136	16 32 33 41 91 172 173 186 285 316 441 443 547 548
43 46	78 195 251 252 439
22	77 78 116 120 162 187 316
134	11 27 53 107 187
11	15 51 83 90 94 275
50	15 18 41 57 160 210 250
15 41 121	24 150 156 197 207 223
5	46
55 66 76	8 15 16 30 38 41 80 83 85 93 100 102 118 137 143 206 248 301 382
12 17	2 32 76 80 101 114 202
89	100 102 168 192 243 281
10	16 32 68 180 181 202 385
30 62	15 30 41 45 51 85
53	15 27 39 51 78 85 116
0 15	0 6 16 32 54 90 94 101 103 228 300 301 333 334 349
36 177	23 75 343 451
0	15 30 38 41 51 71 85 116
1	15 51 100 102 118 295 366
24	51
43	15 37 51 83
53	48 96 206 244 365
53	48 96
48	0 1 28 32 54 94 100 102 109 136 246 299 300 301 349 435
62	16 27 111 117 120
50	15 17 23 29 54 85 94
80	9 12 15 16 26 27 66 68 80 116
1 9	157
0	32 33 39 47 81 299
19 48	27 41 45 83 116 120 211 386
59	16 38 76 179 463 464
15	86
59	553
33	554
1	6 15 27 28 42 48 50 58 78 80 84 88 122 150 153 197 207
110	46 124
55	6 33 35 37 81 83 85 87 89 96 101 143 153 155 160 165 173 186 199 200
104	0 15 30 54 78 89 94 164 300 301
66	37 85 90 100 102 118 135 156 161
94 123	10 15 25 49 76 80
7 99	12 15 37 51 54 83 89 116 275
7	8 19 21 60 90 124 127 140 175 228 277 485
95	16 17 69 101 144 180 181 309 356 385
0 21	41 116
0 6 11 55 59	99
154	6 50 127 130 131
97	2 8 9 16 89
6	15 77 204
6	8 30 53 77 78
3	17 71
12	4 16 18 27 41 57 66 108 116 184
42	15 16 27 41 53 54 57 89 107 116 118 295
36	45 156
17	15 68 89 124
15 19	16 32 41 83 101 106 108 116 137 189 210 437
43 59 66	113 115 387
40	15 17 33 78
27 58	16 24 27 32 41 77 87 116 136 187 189 282
167	124 243 478
135 246	15 25 80 89 478
52	39 40 54 153
11	15 16 24 25 27 54 116
1	16 116 149 367 368
54	78 120 208
117	48 60 96 309
41 107	15 28 32 68 69 71 78 80 81 120
200	11 16 67 68 69 71 112 375
54	40 48 50 60 153
123	144 151
5 50 95	15 24 38 41 71 85 89
54	15 39 40 48 49 50 58 59 60 77 83 85 94 124 130 153 159 165 250 423 444
44	27 66 108 112 116 160 184 185 256 291
43	17 41 80 116 366
53 57 70	27 39 41 60 61 75 92 94 127
14	8 27 38 71 112 158 264
29 61	15 16 24 57 63 116 189 223 449 555
1 21 37	15 16 18 23 27 29 41 45 68 89 116 189
35	30 77 83 187
141	1 2 6 15 23 38 43 46 71 88 148 166
6 104	30 51 53 78 118 119 216
52 54	40 48 60 144 206
0	15 17 27 71 89 101 116 161
6 15 24 28 41 66 85 163	69 78 83 383
77	8 10 16 25 41 60 119 121 133 233 270
1	16 18 25 66 71 85 116 223 353 354 355 386
1 17 48	16 27 71 89 101 116
49	20 54 75 219
124	48
74	15 17 24 30 64 78 85 120 197 207 254
56	15 27 28 30 86 116 118
24	15 84 118
127	8 9
52	7 12 15 18 41
48 84	15 27 37 39 54 59 61 211 387
99	15 16 89 118
0	7 8 15 16 26 44 45 67 178 446
45	8 21 60 140 485
1	15 23 27 37 41 80 100 102 133 183 295 366 386
0 7	10 12 15 38 89
1 70	238
111	16 91 350
25	2 67 83 90 206
15 24	48 50 53 60 77 159 534
6	8 15 16 30 51 119 216
77	60 73 90 124 280 383
63	15 285 353 354 355
7 66	15 38 60 67 75 206 287
15 24	30 51 60 73 75 78 85 119 120 216
18	16 23 30 51 52 53 72 137 189 219 261
6	15 24 511
54	15 41 255 403 556
15 24 46	67 78 91 101 180 181 195
54	11 15 27 50 60 89 100 102 195 206
128	0 2 8 15 23 29 32 33 36 38
1	2 13 80 127 138
27	58 60 96 124 321
0 7	25 32
124	19 50 126 130 159
7	120 162 191 206
43	6 8 15 21 25 71 76 80 81 103 264 284 317 456 512
6	73 77 171
88 153	7 15 37 38 46 89 101
0	15 79 82 99 143 180
0 7	7 8 38 189
112	44
48	15 37 46 54 89 94 100 101 102
1	13 15 16 67 71 180 181 202
11	83
44	9 12 15 16 24 27 41 68 116
175	16 25 32 57 63 116 197 223 250 299
78	7 15 37 89 100 101 102 275
107	15 24 28 85 87 254
11 38 54 61	15 16 18 27 30 33 41 46 52 53 54 90 91 110 116 118 137 156 185 210 221 258 298 314 369 385 437
1 55	15 17 23 24 27 29 80 85 100 102 161
0	12 45 422
1	27 41 51 100 102 295
110	27 41 69 86 116 150 158 197 291 503
0 49 76 78	15 37 54 94
0	37 46 98
1	295 366
6 217	9 15 16 32 68 87 116 385
17 37	17 24 30 85 120
1	15 25 37 67 74
36	187
128	33 54 83 88 148 165
38 40	8 15 38 76 85 118
110	8 21 71 264 512
68 90	16 32 40 78 124 180 181 426
129	24 25 28 54 71 76 85 94 135 197 218
1	38 67 195 444
15 41 107	16 17 30 32 68 69 71 77 78 84 87 119 204 307 557
75	91 173 186
36	185 187 227
16	73 168 171 242
6	15 27 30 77 83 108 111 116 118 144 223
68	7 15 25 38 45 46 49 54 94 103 228
44	9 11 12 16 27 41 116 160 185 283 427 501
6 15 24 27 40 44 68 90 109 163	10 16 24 68 69 89 101 108 136 143 151 191 307 384
15 64	51 116 120
25	78 113 115 120
181	66 100 102 138
6	15 16 17 24 118
43 110 138	63 197 220 245
60	2 8 16 24 27 28 44 78 85 87 116 150 156 198 207
103	15 16 27 32 41 52 64 67 68 87 106 185 189
36	16 185
91	75 124 534
7 52	50 60 127
15 68 120	15 41 45 75
15	15 27 80 83 85
107	23 29 73 100 102
247	16 17 71 80 91 101 180 202 437
68	25 59 67 74 78 89 101
6 21 70 117	15 16 41 75 83 111 116
18	11 448
34	17 23 30 49 67 71 85 120
17 32 51	8 9 12 15 38 44 46
80	24 27 92 116 135 218
19	15 16 27 41 45 46 50 54 57 67 80 85 89 90 92 100 102 118 143 161 189 203 210 251 297 314 364 429 437
14 58	0 6 13 15 84 155
11 155	6 8 9 15 16 24 32 38 44 69 74 101
230	15 54 148 153 300 301
94	16 106 136 137 151
7	0 8 15 16 46 67 103
111	16 32 89 91 275
46	8 9 16 17 38 46 67 69 78 87 120 162
0 11 21	10 15 32 33 38 54 90 94 116
27 109	0 6 28 32 54 71 78 87 111 118 154 187 202 206 282 311 350 475
6 104	69 78 223 284
6 18 61	15 16 33 41 45 46 52 54 90 91 110 184 210 221 298 385
6	8 21 60 69 78 120 127 158 206 221 264
0	32 83 87
17	12 15 23 27 41 44 49 71 80 100 102 112 203 234
52	44 50 58 144
117	37 39 49 50 60 61 83 96 165
15	95 169
6	67 78
19 178	24 27 56 57 71 250 504 558
0 7	7 15 38 89
12 200	8 9 16 47 69 180 181 219 255 348 559
6	16 38 52
184	15 16 89 189 275
0 68	5 99 387
12 17 28	38 85 111 316 324 364
83	15 27 41 116 386
1 15	1 6 27 39 40 42 48 50 60 81 83 88 94 120 122 124 130 150 153 159 165 197 207 353 354 355 404
6 46 165 166	67 78 120 158 236
24 41 104	15 30 41 51 75 81 84 85 116 119 207 216 251
45	15 17 24 27 41 85 116 135 160 207 245 387
0 7 68	15 38 45 46 71 189
34	15 16 32 67 73 101 171 200 202
1	85 353 354 355
21	15 16 25 37 41 68 71 86 116 211 252 253 315 352
4 5 21	18 32 39 78 83 91 94 120 135 180 181 187 300 301 394
4 59 207	23 38 67 76 88 105 133 179
17	1 15 50 56 58 60 127
88	7 15 27 41 85 116 118 156
37 54 57 82	16 32 37 39 40 54 73 83 94 108 153 165 299
70	16 83 118 223
36	180 181 185 283
24 56	24 27 39 85 116 207
66	37 54 83 85 96 133 293
20	2 16 38 44 89
165 166	8 17 38 142 248
6	16 32 275
77	0 6 90 318 383
9 17	10 12 23 25 38 51 71 100 102 234 372 373
1	178 295
59	15 16 25 48 49 50 60 77 78 83 111 118 119 120 124 180 181 206 380 492
24	15 41 51 75 85 116 176 307
62	23 105 110 185 226
99	16 41 83 85 111 118 120
27 109	16 68 89 118 341
43	15 16 27 30 32 38 44 45 68 89 116 135 136
66	75 119 169 171 216
7	12 41 45 228 301 382
117	15 17 37 41 54 59 83 90 133 203
24	17 24 68 69 71 144 239
17 19 52 54 57	48 49 50 60 124 130 153 159 362 390 426
33	16 78 90 118 127 333 334 380
79	15 61 67 83 91 94 434
1 9 27 37 109	15 18 24 27 32 41 68 73 77 78 84 116 149 171 180 483
1	85 189 295
33	38
15 21	15 30 38 80 85 161 183
11 15	15 30 31 41
54	40 48 60 83 85 95 96 124 153 165 190
17	15 41 45 147 404
53	27 39 41 54 60 78 83 85 119 124 130 153 165 216
16	2 73 75 77 78 171 200 206 244 343
20 27 85	15 16 30 32 41 54 84 87 116 153 249
59	27 66 83 108 135 160
75	8 9 12 15 38 67 84 177
59	88 133 179 218
53	39 40 48 54 60 153 169 271 351
25	2 75 77 103 293 374
6	51 111
9 37	15 16 41 45 68 295
248	16 17 32 68 84 87
14	7 15 27 66 71 103
17 59	15 17 67 71
45	19 21 48 60 119 127 216
45	18 27 60 77 106 107 227
27 30 109	16 83 92 95 369 372
14	15 38 41 45 71 85
118	51
123	153
1 37	15 27 30 51 85
20	15 27 41 44 66 68 71 103 212 263
25	15 16 24 32 68 80 87 103 153 202 204 265 341 374
59	45 120
0 1 6 16 89	2 16 23 32 33 36 67 101 157 173 180 204 365
4 33 51	69 71 180 181 202
6	16 23 51 52 72 137 189 248 274
17 112	4 8 9 38 44
36	73 171 180 185 283
6	108 111 284
7	15 24 32 45 68 89 116 404
55	33 37 38 90 250 303 304 339
123	10 15 219
123	8
0 12 68 129	46 177
7 53	96
1 15	15 17 23 24 27 29 41 78 84 85 295
77	9
14	15 71 147 203
1 56	15 23 26 29 68
36 249	16 26 68 69 112 234
24 104	15 27 41 118 119 233
19 142	14 15 27 41 80 84 291 387
6 105	0 7 30 38 71 78 120 207
43	27 51 114 116
123	15 37 42 49 54 68 89 94
0	15 17 38 44 45 55 67 203
0 49	6 99 268
1 7 32 46	10 15 45 46 101
6 17 46	35 60 75 77 81 168 199
6	15 16 27 32 41 67 116 185 189
43	30 75 78 83 84 86 116 119 187 207 216 369
0	15 38 67
69	77 83 91 92 146 180 187 282
2	41 73 106 124 159 525
6 12 28	2 154 250 478 524 539
27	8 9 213 214 215 228
17	8 27 108 116 135 218
15	41 75
38	27 41 133 275
40	23 27 43 49 79 82 89 101 120 161
68	8 38 44 67 208 396
7 63	15 17 38 44 67 71 208 228 396
1	38 85
153	15 27 32 68 291 549
24	15 83 87
6 104	8 16 30 41 51 53 107 118 219
46	15 37 46 64 100 102 251
43	23 27 37 133
123	12 25 38 156 179 218 324 375
21 64	16 68
1	23 29 100 102 187 257
1	15 18 30 51 74 85 100 102 180 181 256 366 429
36 177	27 116 133
1 37	27 86 239
6 14 20 27 109	9 12 15 16 52 68 78 87 89 91 108 118 136 151 242 555 561
81 110	8 21 24 116 120 150 158 162 191 221 264 305 348 484
6 27 109 169 223	15 16 27 32 38 68 77 78 84 86 87 91 106 116 136 154 159 189 204 223 266
0 19 22 58 64 68 142	11 15 38 67 71 85 107 275
0	7 15 25 27 43 45 46 49 71 76 89 101 114 120
250	15 54
54	58 95 124 144
17	15 16 18 27 32 41 45 68 83 108 116 160 184 251
0	15 27 30 41 51 85 90 161
106	8 16 17 23 46 52 53 72 107 116 147 148 189 219 384
6 66	30 75 78 89 111 116 119 162 216 233
48	38 41 46 59 71 94 476
1 14 44 45 68 83 90	8 9 10 12 16 18 27 32 41 68 71 89 116 136 161 264
6	38 68 108 116
1	365 366
99	12 15 51 54 83 89 116
29	16 32 68 83 87 89 136
31	25 38 44 99
35 67	16 32 63 101 175 180 181 202
6 52 77	48 60
37	25 27 37 38 67 71 89 100 102 112 113 115 135 218
78	60
17	15 38 44
63	15 16 27 38 85 100 102 116 156 161 208
124	46 225 243
70	16 67 78 83 92
127	15 16 25 32 38 41 71 116 164
12	30 51 67 120 156
30	117
138	116
27 109	11 33 153 219 227 249 258
1	15 23 41 366 386
64 153	10 15 16 18 23 27 41 45 80 83 110 118 189 227 251 277
36	16 180 181 213
43 80	16 21 67 108 162 191 193 194 200 203 311 521
99	15 16 89 90 111 118 143
50	76 146
125	15 25 37 38 67 89 156 157 263 506
117	41 83 85 96 116
127	30 33 203 214 295 298 421 481
0 1 85	75 127 343
37 43	18 23 27 29 41 100 102 295
50 117	0 2 5 6 15 80 103 153 230 294
9	10 372 373
15	15 27 32 41 80 85 89 90 136 142
33	2 3 4 5 6 9 10 15 38 71 80 101 212
6 217	51 154 435
15 251	30 51 150 207
1	27 66 135 322
36 197	108 185 239 285
3 12	15 16 27 32 33 66 94 101 116 347
7 54	15 25 38 46 67 71 140 422
17	41 58 60 77 78 122 124 126 159 176
95	8 15
6 93 252	15 16 17 27 32 41 68 80 85 89 118 136 161
44	0 1 15 40 48 57 60 83 160 165
9	15 16 38 68 89
11 21 37	16 41 68 89 136
54	27 83 108 147 160 223
40	15 25 45 46 59 103 161 248
14	15 27 41 89 116 207
1	15 24 37 85 100 102
7	75 84 147 158
50	60 250
57	15 39 49 50 59 83 96 153 165 309
7	43 45 49 177 506
15	15 41 85 111
74	15 17 30 67 69 78 120 150 162 191 197 207
0 6 28	14 27 30 31
104	78 119 216
0 13	27 54 83 90 118 184
59	88 151 463 464
5 68 83 150	27 68 71 116 154
44	107
14 44	8 12 26 49 67 71 112 180 264
62 86	15 32 54 94 203
21 56	15 27 83 116
99	15 16 27 41 51 85
1	15 23 27 80 89 101 161 295 386
6	15 16 27 30 41 51 64 68 89 116 189
177	16 17 83 89 91 101 110 350
9	15 24 41 68 81 116
121	15 27 41 45 79 82 85
30	15 16 24 27 30 32 41 68 71 87 108 116 202 239
15 24	11 106 107 237
57	15 41 45 48 50 54 56 57 60 61 263
37	37 46 51 85 90 100 102 177 433
1 32	37 46 100 102 118
53	48 50 96 124 243
21	15 16 18 24 27 41 45 116 164 385
28	15 83 207
17	78 119 233 316
54	48 60 95 96 153 190
1 7	10 15 41 45
74	14 17 84 120 150 160 197 220
15	85 118
1 37	15 85 430
7	8 12 50 127 147 228 247 264
50	54 83 90 118 184
25	2 44 77 103 239 375 506
21 81	9 15 16 18 24 41 45 116
32	8 38 44 405
1 15 27 109	15 16 30 83 91 106 108 109 110 111 118 185 191 227 238
6	15 24 69 73 118 147
128	67 92
54	1 15 42 50 90 140
17 19 83	11 107 160 239 341 527
24	15 24 77 78 81 84 87 197 207
7	8 15 44 50 264
253	8 15 27 68 69 116 135 150
1	54 248 295
6	15 75 77 78 81 119 121 176
28	48 60 73 124 171
105	191
53	48 60
6 52 77 92	15 37 39 60 67 75 125
53	39 40 54 60 83 85 96 153 165 190
6	8 16 30 51 78 107 538
3	16 27 41 71 83 89 227
6	18 51 92 111 119 216 251 257 283
1	41 100 102 180 479
60	41 51 75 188
1 14 20	66 79 82 256 371 397
68	17 27 41 76 85 161
16 61 67	28 33 99 173 283 311
43 63	252 439
1	12 15 18 23 29 30 41 85 366
110	8 21 69 78 84 120 150 221 264
22	15 37 39 49 51 54 59 61 83 85 153 165 189
1	7 15 17 24 27 78 80 85 100 102 103 161 212 240 265 404
6	48 67 73 124 144 206 244
46	16 17 25 67 180 181 202 323
72	6 15 49 67 80 127
0 1	15 37 38 46 89 100 101 102
48 55	6 15 27 32 33 46 116 148 155 161 302
1 9	12 15 16 38 49 66 68 80 138 295
91 121	60
37	8 25 37 38 41 80 94 100 102 322
77	127 130 131 132 200 335
105	15 68 89 118 219 278 279
34	16 17 26 41 45 51 60 71 80 89 101 112 116 154 159 180 181 234 492
15	51 75 77 78 85 92 111
26	8 16 33 38 53 78 80 107 118 219
6 28 118	33 78 93 255 380
44	11 12 15 18 26 41 45 50 60 68 77 78 89 112 116 492
30 81	16 33 60 73 75 77 78 87 108 171 187 204 282 343 455
44	9 10 12 16 32 41 68 89 116 136
15 43 80	15 24 27 28 30 81 84 116 135 218
94	76 88 89 101 229
1 3	75 124 343
105	15 16 24 68 69 78 89 118 164 278 279
1 37	38 175 256 347 425 500
17 19 96	11 15 107 275
6	75 77 78 83 120 187
150	16 56 66 68 109 210 226
6	15 16 68 89 116 118 135
12 17	38 44 85 86 248 339 524
19 68 142 238	15 251 252 386 558
67	16 32 33 37 48 49 50 60 61 73 81 83 91 143 153 171 174 175 186 285 359 446
21 99	95
54	16 28 41 68 78 85 107 116 250 254 462
53 54	27 32 39 40 41 54 60 61 92 94 127
15	15 18 27 41 85 116 119 233
62	53 83 118 143
17 83	15 17 41 45 79 82 110 135 178
34	16 17 67 78 80 114 116
20 21 29 44	7 10 15 16 25 32 54 61 68 71 89 90 94 136 202 298 299
15 32	15 17 27 81 101 110
79	15 17 39 41 54 55 61 172 299 347 562
1	15 23 41 78 100 102 120 133 178 295 366
15	27 41 51 116
43 58	24 69 118
54 117 132	15 23 32 41 42 54 59 61 64 72
1	27 39 40 48 58 85 86 130 153 159 220 272 394
6	90 300 301 358
6 27	15 16 23 24 27 32 66 68 72 87 136 185 189
54	41 42 50 67
6 66	83 85 88
12 17	15 16 41 66 68 116
142	25 27 41 45 57
104	16 17 30 39 51 53 54 61 75 90 116 119 163 171 187 216
94	15 48 88 159
77	73 93 143 173
74	24 38 67 75 78 87 118 120 150 206 223 244
15 24 82	16 51 68 84 86 87 100 101 102 142 202 271 292 316 351 563 564
1	18 23 27 41 100 102 295
24	27 41 83 85 88 95 96 116 165
103	41 71 116
48	28
89	92 243
92	8 77 100 102 111 240 265 348 350 448 479
50 240	8 21 38 40 67 69 71 76 90 127 228
48	15 16 180 181 421
113	19
1	11 57 75 83 100 102 107 116 180 185 226 227 372 373
0 1 11 49 55	15 17 24 27 37 38 80 85 100 102 161 240 404
1	51 100 102
99	51 252
25	17 78 103 293 297
40	15 119 233
25	11 103
45 91 121	16 66
27 109	68 118
104	68 75 78 89 118
28 118	15 24 27 28 30 78 84 116 135 197 207 218
57	8 15 17 24 41 48 64 77 80 116 444
59	67 88 113 115
0 4	7 15 38 46 71 89 101
15	24 27 41 85 116
254	8 9 37 38 41 67 90 124 135 151 184
92	8 16 30 38 67 85 90 93 100 102 189 195
25	36 41 98 103 239
68	15 41 45 71 103 228
99	15 18 27 41 80 100 102 118
0 77	38 42 325 341 435 476
1	41 81 85 116
10	16 28 33 73 91 171 173
1 91	10 12 15 16 24 45 116 178
21 78	15 30 54 80 142
6 43	88 151
54	0 6 15 24 28 39 40 48 57 83 85 88 124 131 137 165 186 250
48	0 6 32 33
89	8 243
50 55	10 16 17 30 67 94 100 102 120 202 323
6	8 15 16 95 107
44	11 15 37 118 315 421
1 75	8 15 16 27 48 57 66
8	363
36	180 185 283
9 68 93 142 252 254	15 27 41 45 251 295 437
1 24	41 66 80 116 138 212 263 366 386
54	99
146	2 15 46
6	38 50 89 100 102 195 206
24 41 182	8 15 16 24 28 30 68 87 116 197 207
1	13 15 24 37 85 100 102 240 366 541
6 64	16 17 41 78 80 89 101
6 99	162 204
44	16 26 68 71 103 353 354 355
6	15 16 32 38 41 68 84 87 116 137 185 404
0	0 93 130 170
11	8 9 16 32 68
17 48	15 26 44 45 46
114	16 18 41 68 89 91 109 160 174 185 427
1 15 60 181	79 82
115	10 51
121	41 274 309 447
1	12 15 41 80
108 195	116 160 197 245 347 425 565
48 67 68	7 15 26 37 46 49 61 116 148 239
54	25 37 42 44 46 48 50 54 55 56 67 71 90 94 347 421
6	15 17 24 28 30 51 69 78 84 87 120
19 22	239
116 238	15 27 57 71 85 109 116 160 226 247
1	15 66 80 103
170	15 38 67 333 334
0 159	17 27 41 45 46 80 142 161
1	41 250 295 366
48	0 2 6 15 16 28 32 38 44 46 54 67 80 81 84 88 89 148 155
79 125 158	9 15 24 28 30 33 67 96 212 307
55	15 23 26 36 38 41 44 45 50 54 59 67 71 78 80 100 102 113 115 120 142 178 256 322 366 386
0 24	83 180 181 187 227 348 450
20 42	98
50	15 247
0	46 96 153
21 51 57	6 15 46 48 131 201
167	8 127 130
146	88 100 102
20	24 87 126 144 371 397 458 527
64 68 100	18 57 59 107 211 347
54	55 208 396
7 14 44	12 71 158 203 221 484 512
125	566
2	23 48 105
13 50	28 61 111 129 137 185 186 187 282 285 387
41 182	51 73 171 257
53	23 37 39 48 60 73 105 131 153
34	15 17 23 54 59 94 148 211
1	85 95 153
20	15 32 33 78 278 279
29	2 9 38
105	8 16 107
6	15 69 84 162 191 337
0 24 83	51 73 85 96
6 9	0 16 27 41 68 71 91 135 204
9	10 83
12 68	12 15 38 41 44 49 66
17 80	12 15 41 45 71 100 102
0 11	15 28 32 37 38 46 88 90 94
255	15 18 23 71 74 90
6 28	15 75 83 111 316 478 539
1	24 27 32 33 37 45 80 100 102 404
7	7 15 27 37 71 89 101 135
99	17 18 41 77 78 80 83 116 118
19 42 58 133	24 27 98 223 371 397
19 20	148 150 567
16	9 15 33 67 101 255 270 430 466
0 12 41 68	7 15 17 24 27 28 30 38 71 78 85 87 88 89 204 207 245 325
55	0 10 16 27 32 37 54 90 94 180 181 202 298 299 315
7 15 24 25 124	4 15 24 33 54 73 89 101 171 212 311
6	15 24 27 28 30 68 78 84 85
1	10 25 45 51 67 85 120 161 177
1	15 100 102 147 278 279
6 15 70	15 24 27 41 85 90 108 116 118
1 14 21	16 27 41 68 85 89 108
98	15 16 21 32 68 78 221
146	15 27 28 30 116 119 160 164 216 223 247 324
6 223	15 16 32 64 91 108 118 180 181 202
54	93 304
53	40 41 60 73 190 200 211
57 256	7 15 16 37 41 46 49 54 89 94 101 203
111	16 32 87 116
7	48 50 60 125 206
18	83 118 189 283
95	16 32 89 118 251
181	12 13 15 17 18 23 24 46 66 67 78 80 85 100 102 103 138 161 166 205 240 256 272 278 279 287 366 404 502 518
0	15 16 26 46 71 89 112 116
15	13 15 17 24 27 46 80 85 100 102 161
55	7 78
15 80 88	27 111
11 155	7 15 25 28 33 41 54 89
77	33 54 90 257
59	83 108 135 160 184
1 11	3 5 6 7 15 80 152 161 393
13	0 8 9 16 25 32 36 37 54 67 91 173 298 299
77	15 25 46 71
83	9 15 18 45 103 127 130 132 135 178
42	18 66 149 223
85	15 16 32 38 68 84 87 89 116 151 189 249
92	35 75 78 84 86 87 119 121 176 191
1 37 56	24 27 28 51 85 100 102 116
18	249
192	15 57 85 156 250 422 540
7	16 39 48 85 94 153
8	15 25 27 37 38 46 89
0	15 46 96 148 153
110	24 78 206
0 55	15 30 37 67 75 89 108 111 142 164
43	24 27 41 69 76 77 78 80 85 114 182
6	9 12 16 91 137 174 185
28	15 41 46 116 118
6 59	78 206 280
1	33 35 75 83 100 102 129 153 157 165 173 243 297 300 301 318 335
236	2 46 101 202
95	33 54 94 96
195	180 569
11 48	0 15 16 41 71 89 116
149	10 16 63 67 136 326
1	15 16 24 27 32 37 68 80 85 90 100 102 118 275
59 66	17 24 76
1	15 16 24 54 68 71 116
1	0 15 23 66 80 100 102 161 207
6	16 30 41 51 83 120 180 181 309
110	14 16 24 27 41 54 116 156 160 387
15	27 41 78 83 85 112 161
108	15 24 27 28 30 81 85 116 135 150 197 207 254
25	60 95 107 243
1 55	0 15 37 80 100 102
0 10 11	15 16 24 37 64
9 181	60 130 309 344
19 21 22 199	7 15 63 66 84 176 223 239 250
117 132	0 7 15 16 32 38 41 54 68 83 94
0 68	15 37 46 67 89 100 101 102
27 109 114	15 26 41 91 94 111 118 148 163 226 280 283 316 358 394
177	270 439
85	50 60 93
0 78	39 49 50 51 78 81 83 85 96 143 153 165 199
5 15 41	15 75 78 84 108 118 119 120 216 337
1	15 80 387
63	69 162 191 280 305
49 80	8 9 15 38 66
6	16 30 89 180 181
15	75 116 118
23 25	15 16 23 27 28 29 30 33 38 41 54 60 71 73 78 80 83 89 117 157 171 228 280 297
0 1	27 100 102 160 180 181 496
43	27 78 85 111 113 115 142 161
0 1 6 11 41 53 82 155	6 17 24 27 28 30 32 33 54 78 81 84 85 87 94 119 121 161 182 204
1 32	15 24 25 27 32 33 39 41 116 153
4 9	16 27 68 135 160 184
6 223	15 16 27 89 111 180 181
9 14	8 71 147 161 264
67	16 27 32 68 84 91 116 180 185 204 367 368
43	17 27 76 78 116 120
32	1 13 15 23 37 100 101 102 161
154	12 15 26 64 110 112 203 234 491
1	12 15 23 27 80 100 102
15	15 27 75 78 118 316
195 203	22
17	15 38 45 46 49 67 248
0	15 27 41 116 160 184
6	15 24 51 68 89 275
15 49 170	15 30 46 85
24 56	27 85 116
0	39 41 49 54 59 60 61 96 153
1 44 195	12 15 18 24 37 80 100 102 142 178 189 205 295 347 366 370
50 51 83 154	15 37 46 61 78 100 102 263 380
30	8 19 21 60 75 264
0	15 25 38 49 54 94 103 177 228
7	7 27 41 45 51
0	7 15 37 46 89 100 101 102
54	44 67 100 102 112 206 208
57	15 37 51 85 100 102 275
6 24	8 24 27 30 48 85 116 158 160 220 221 223 264 291
54	24 33 52 81 87 117 124 186 239 275 317 423
1 9 83	18 26 27 41 66 138 189 386
7 45	8 48 78 80 264
1	15 17 23 25 27 114 205
0	7 15 25 38 45 46 49 71
30 37 40 66	15 16 27 30 41 45 80 83 90 111 118 156 252
15	15 24 41 69 75 83 116 118
54	15 37 54 64 94
9	33 89 101 212 307
14 181	10 12 18 23 27 29 38 41 100 102 178 189 295 366
17 33 257	2 8 15 38 48 49 67 80 103 127 130 148
25	2 4 33 68 80 87 341 374
9 12 15 74 105	62 65 66 347 370
0 11	15 16 17 32 64 84 268 284
127	6 35 48 50 131
9	169
12 80 83	7 15 16 25 27 41 66
7 44	12 16 17 26 71 112 203
97	8 67 111 122
89	46
66	27 71 77 78 112 116 120 183
11 48	15 16 32 41 68 83 89 111 116 118 185
15 24 41 81	15 24 28 30 150 207 220
6 28 117 163	15 27 50 54 90 116 143 210 251 488
46	30 67 156 180 181
26	16 78 164
21 57 64	8 12 38 41 66 116
25	13 15 73 171 511
30 34	24 33 52 81 87 117 124 186 239 275 317 423
21 44	27 41 160 184
37 80	78 119 216
15	108 118
17	8 9 15 25 45 49 100 102 103
22	16 39 40 53 60 73 75 77 78 153 159 169 176 186 350
1	27 66 103 160 184 353 354 355
195	14 15 24 27 116 160 220 223 247 291 387 411 454
11 17 155	41 51 251
1 55 116	26 27 28 98 178
24 40	15 16 17 24 27 32 38 54 68 69 78 80 85 114 120 156 202 204 340
6 85 104	60 204 225 243
29	157
7 80	15 41 67 76 80 89 101 112 114
54	15 16 24 41 69 78 83 85 87 116 118
17 21 57 67 78	9 15 16 25 38 41 71 85 89
1	15 27 41 54 80 90 93 111 118 193 295 366
6 15	8 15 27 41 80 84 85 116 150 160 197 207 247 254
89	73 171
35	91 137
93	25 49
28 30	15 41 83
0 14	7 12 15 38 46 71
0 7	6 37 46 71 99
144	40 60 175 186 215 312 547
6	15 16 24 27 32 64 78 180 181
59	88 179 229
89	33 54
49	15 32 33 37 46 306
1 9 48 53	51 83
53	15 24 28 30 116 150 198 245
89	36 127
43 80 201	23 24 27 29 78 114 116 120 135 218 316
1	15 100 102 133 287
67	465
5 15 46 83	15 17 24 27 30 33 41 45 67 69 75 76 77 78 85 87 108 114 116 120 182 316 404
52 84	50 60
84	143 169 173 180 181
19 42 195	27
6	6 94 570
50	8 16 24 38 44 78 87 103 118 127 228
0 12	6 7 15 25 46 101
12	2 6 8 9 15 16 32 33 38 44 46 67 80 101 148 155 247 338
33	15 36 60 83 90 124 127 301 382 538
50	2 6 15 16 24 27 38 66 71 80 103
98	54 194
1	15 16 27 66 68 116 347 386
117	422 424
57	2 6 42 50 144 153 250 390
51	15 67 89
8	0 15 16 32 38 103 309
46	17 54 67
7 48	2 7 8 9 15 24 25 28 32 37 38 54 71 90 94 111 116 202 298 340
1	51
64	15 16 27 38 41 45 51 85 89 161 251
95	111 116 118 207
20	15 16 17 32 38 69 84 87 116 162 191 202 277
0 78	0 15 28 33 37 46 89
17	41 48 54 71
36	15 33 54 73 91 133 137 171 200 202 309 358 475
99 104	15 41 51 85
112	41 46 103
57	39 54 83 94 96 143 186 387
258	15 16 17 32 64 68 116 137 223
29	8 9 38
32	23 26 29 38 44 46 66 100 102 128 287
23	16 32
60	7 8 15 24 28 30 248
21 42 44	15 16 27 41 45 51 57 89 251
21	2 7 9 15 37 38 76 88 268 275
24 37 50 55	39 51 83 85 93 120 131 165 175
183	206
46	16 68 91 227 323
207	8 9 36 38 73 124 131 201 335
15	27 30 41 116
1	10 51 256 386
75	6 8 15 127 130 131 132 153 201 241 335
21	16 41 83 284
107	15 24 116
57	0 27 32 39 41 54 94 116
49 78	0 2 6 32 33 54 80 88 94 405
42	41 66 103 109 160 210 226 239 291
0	32 33 46 85 173 186
0	92
1 11 12 55	0 2 3 5 6 15 43 80 177
88 218	25 27 32 57 68 71
53	83 186
7 54	50 100 102 215 297
1	50 196 272
11	15 17 24 32 33 87
41 60	8 206 207
68	8 15 27 30 31 76 81 116 218
44 141	178
6	41 83
94	88 144 179
1	15 45 80 99 120 366
1	15 100 102 295 366 386
9	15 16 38 83 89 101 116 189
2	8 9 15 38 388
0 1 11 49	0 6 15 37 80 100 102 240
62	15 16 37 61 100 102 118 434
77	280
17	12 13 15 16 18 23 24 27 38 45 71 80 100 102 116
49	6 15 25 32 38 41 54 61 64 71 90 94 298 299
66	17 23 67 89 101
66	15 27 51 67 71 83 85 90 120 295
77	90 193 252
1	7 12 15 23 41 79 82 100 102 322 372 373
8	15 32 41 116 118
32	2 15 17 38 177
50 76	16 41 54 55 61 90 116 133 148 184 203 300 301 303 304
32	0 2 6 16 24 32 33 54 68 80 116 135 218
246	33 41 54 178
0 11	15 27 37 41 90 116
135	83 96 165
25	6 60 93 206
1	10 15 25 37 51 100 102 178 256 295 366
21	15 16 41 45 88 90 324
14	8 67 111 264
40	15 77 83 116 118
48	1 15 16 27 28 32 54 89 94 140 246 300 301
50	146
67	3 5 16 137 185
37	35 75 81 168 199
1	15 100 102 133
25	15 481 484
4	8 12 25 49 71 89 101 112 161 228
59	10 38 44 46 59 71 135
53	50 58 60 124 126 159 321
70	15 76 90 111
183	12 25 38 41 42
116	118
36 104	16 28 118 119 187 216 450
0 1 11 17 37 49 78	15 37 46 51 100 102 251 274 275
1 7 68 90	15 80 295
53	15 32 40 41 85 94 116 153
117	142 517
23	15 16 89 101
1 22 37 206	571
68	15 25 38 41 49 74 103
15	15 24 27 41 75 81 85 116
113	209 410
99	15 38 67 151 251
12	15 24 38 76 116
54	15 37 38 41 50 67 90 295
20	27 83 85 87 90 173 187
6	16 61 83 90 110 137 162 164 184 298
5 17 46 58 83	41 67 78 156 180 181
6	78 117 119 233
6 99	16 44 83 111 180
12 21 66 80 107	9 44 67
1	16 18 32 68 89 106 116 227
1	257
6	8 16 27 30 41 51 54 67 71 80 93 111 113 115 118 143 206 295
34	15 16 23 26 27 41 68 71 78 89 112 116 178
114	16 32 77 91 109 185 187 226 282 283
0 55 99	23 37 100 102 161 433
50	15 24 69
9	89 101
84	16 17 54 67 71 78 89 91 101 112 116 159 350
15	8 16 17 24 27 68 78 85 87 116 150 160 207
0 17 21 78	15 69 71 85 94 268
74	75 83 120 131 187 207 305 353 354 355
9 181	23 29 67 76 79 82 100 102 106 295 366
14 45	15 16 27 41 51 64 66 68 85 86 90 161 251
66	73 100 102 206 426
14	15 66 71
48	0 15 18 37 85 89 90 100 101 102 142 161
6	92 95 238
123	4 13 15 51 171
68 90	12 15 28 32 38 68 212
37	15 17 24 27 116
0 15	15 27 32 33 37 39 40 41 48 54 55 60 61 83 90 96 116 124 143 153 186
89	206
15 24 41 70 105	41 53 83 116 118 119 143 163 164 280 379
38	8 67
1	15 27 100 102 178
97	2 6 15 18 27 38 41 49 80 85 86 100 102
74	2 28 30 85 87 119 121 197 198 207
0	7 15 30 41 81 116
1	15 164
85	27 51 85 119 121
53	15 40
132	0 2 16 25 38 51 54 67 366 393
28	9 16 28 32 68 203 316
14 25	85 228 324 374 375
0 54	48 49 50 60 81 96 124 189 429 437
3	15 26 41 71 80 85 161
58	6 147
45	67 80 100 102
23	131 448
19	8 15 16 27 57 160 247 250
7	60 73 124 125 171 190 243 534
0 7	16 33 69 71 153 212
30	15 27 30 41 51 83 111 116 117 119 233
230	67 87 249
76 117 119	15 16 32 33 38 54 71 85 89 94 204
60	27 148 178 211 226 327
89	60 73 130 168 171 192 281 318
77	6 90 318
6	52 189
4 5 36 67 79	73 98 169 172 186 285
29	18 75 78 111 185 258
1	15 23 37 76 80 147
15 41 121	46 107 243 362
6 116	15 18 24 41 45 83 118
82	8 85 86 87
66	13 15 17 66 68
132	16 37 41 54 83 94
125 158	47 88 212 255 362
12 22 207	2 6 74 76 81 88 208 250 272
62	15 25 41 60 83 112 147 180 181 227
16 89	10 16 33 68 73 89 101 136 169 171 192 206 281 305 311 365 461
6	52
14	15 30 67 156
0 48 55 79	0 15 32 33 39 40 46 54 73 83 94 96 124 153 165 171 173 175 186
9	66 189 347 370
6 24	14 15 24 30 31 150 156 218
1	15 17 24 28 30
94	48 73
5 17	13 15 45 178 210
41	15 24 28 30 32 68 69 71 78 80 81 119 120 150 197 207 220 317
0	15 37 85 90 94 111 117 118 298
11 48	15 51
42	16 17 26 57 91 109 136
125 158	9 15 24 28 33 67 96 212 307
23	154
55 135 246	0 7 15 28 32 33 38 39 54 87 94 161
4	8 12 15 38 45
6	15 41 111 116
21	11 116 160 262
25	2 25 60 61 67 74 75 77 78 324 380
25 259	8 15 16 21 32 68 78 89 221 228 264
6 66	30 67 156
7	8 19 21 60 158 264
19 21 44 96	251 252
13	15 54 60 73 143 169
6	8 16
38	15 24 27 30 33 69 80 81 85 114 116 156
1	13 15 23 25 26 29 80 85 100 102 518
50	206 495
52	15 39 40 41 50 54 60 124 153
260	15 17 24 27 32 61 85 116
0 68	12 15 23 71 112 142
5	15 38 68 89
1 37	27 38 41 45 136 189 249 295 322 366
6	93 124 301 382
0 55	90 403
1	22 424
14 81	15 24 27 30 46 71 120 148 234
0 7	15 90 116 161
62	6 32 60 61 73 75 94 108 117 130 162 171 202
80	91
14 33	8 24 75 85 156 191 207
40	43 51 248
17	15 16 30 38 46 80 89 90 111 118 135
53	40 127 206 243
17 37 52 57	15 39 40 42 48 50 54 58 60 83 94 122 124 130 153 165 272
6	24 111 207 220
9	10 45
154	25 39 48 49 50 54 56 57 59 60 94 103 178 347
25	16 17 33 54 67 74 85 96 140 153 173 186 192 193 202 206 215 311 344 346 482 508 572
1	272
20	11 15 107 135
48	0 15 37 85 89 142 161
1	15 16 18 41 66 68 89 144 205 272
6	350
53	39 40 58 60 83 127 165
9	206 243
127	15 25 27 28 116 135 207
1	37 94 103 185 187 191 283 348 394
6 7 15 104	24 68 116 150 207
12 51	66 103 148 291
14 54 112	243
1	7 12 15 18 25 37 67 89 116 133 156 161 180 181 205 251 256 295 366 386 433
57	92
23	88 91 179
50	10 15 27 41 57 103 250
58	148
91	33 75 124 343
50	99
25	94 179 246 375
6	16 30 51 52 78 83 107 111
1	493
8	15 38 41 71 85 136
27 109	16 27 32 57 68 116 189 239
4	7 15 45 67 76 78 88 103 133
0 55	6 90 127 573
31	16 68 110 116 137 160 185 189
92	67 78 164 362 419
30	16 24 30 83 92 111 118
125	0 3 4 5 15 49 54
7 54	15 16 32 67 85 89 101
1 21 64	15 24
54	41 48 73
167	67 553
6	16 18 28 32 83 87 111 118 189 288
1	8 38
6	15 16 27 30 51 78 83 118 156
1 54	1 15 50 56 58 60 96 127 131 321
43	30 51 83 187
30	48 84 107 164 180 185
53 54	6
6 105	11 54 116
6	12 18 24 27 40 57 75 76 77 78 106 109 160 176 184 187 227 237 282 311 348 394
12	8 9 12 16 32 67 68
117	130
65	15 124 306 362
1 44 104	0 23 26 27 103 166 347 353 354 355 386
15 17 51	1 15 16 25 27 32 76 80 86 150 202
53	39 50 83 165 206
1	12 23 80 100 102
121	24 116 150 160 291
54	15 27 41 48 50 61 90 124 133 140 215 296
15	6 15 17 24 28 30 33 78 81 87 100 102 120 150 197 234 240 245 255 304 317 431 523 574
44	11 15 18 26 27 41 54 89 101 146
63	17 30 51 67 208 287 297 396 405 575
28 36	124
19 64	15 16 18 27 41 45 57 85 89 116 118 135 251
7	25 38 44 100 102
199	12 13 17 80 272
0 11	6 15 16 17 30 38 42 58 68 69 71 80 81 85 87 120 150 197 207 234
44	11 15 71 80 142 295 347
24 48	48 73 85 93 95
12 52 117	5 8 12 15 38 66 71 138
16	15 39 73 110 171 206
110	8 15 17 21 27 30 38 40 69 71 116 120 150 191 197 198 207 220 221 230 305 512
1	15 80 86 157 272 478
27 109	11 107 160 326 448
53	15 41 81 85 153 190
7 17 44	6 10 48 60 71 112 203 234
117	40 48 60 130 131
6 15	15 24 41 108 116 118
1 37	15 23 67 76 178 366
49	16 18 32 41 54 66 68 239 252 299
21	16 41 66 103 160 226 247 291 338
34	15 17 26 27 41 45 71 76 80 89 101 112
59	25 38 44 67 235
44	252 253
41 60 107	15 17 30 32 68 69 71 75 77 78 81 84 87 119 130 144 150 307 399 557
99	15 16 27 30 51 80 83 111 116 117 119 233
66	15 16 17 24 44 67 68 71
25	2 8 36 89 228 259
261	16 24 27 30 32 68 78 87 114 161 204 273
68	15 16 38 219
9	48
37	16 41 66 108 149 189
17	4 8 15 48 50 59 73 94 103 124 126 127 130 148 171 231 265 405 482
105	8 16 30 33 53 78 100 102 107 116 316
42	15 25 41 57 66 71 239 367
29 44	27 28 75 77 78 83 119 121 160 187 216 404
73	8 9 95 107 209 243
89	9 243
24	15 77 78 83 87 162 307
6	16 41 52 80 107 147 219
0	0 6 8 15 33 38 76 88 90
1	15 17 18 37 46 84 100 102 103 272
54 121	69 75 78 84 147 206 280 383
12	8 103 108 212
1 37	15 23 29 41 45 54 295 404
19 20 87	15 16 23 24 27 32 63 68 85 98 116 136 149 310 371 397 451 530
44	15 16 24 27 41 116 211
72	9 15 27 33 85 103 241 299 300 301 405
6	15 41 118 324
9 26	16 67
1 7	12 16 17 26 27 38 41 59 71 89 91 101 112 180 181
0	0 15 17 38 46 54
0 3 12 21 49	0 2 6 7 15 32 33 38 71 89 94 101 103 212
15 38 121 146	15 41 51 85 142 251 271 351
59	296
104	15 24 27 28 30 41 81 84 85 116 207
21 56	15 83 116 118
6	15 17 147 286 349
54	15 16 41 50 54 60 67 89 90 101 140 206
43 80	23 27 76 88 113 115 120 135 218
15 24	15 17 30 69 71 75 77 78 84 87 108 162 176 307 557
6	27 41 80 117 120
127	0 15 16 24 25 27 41 54 68 116 147
9	51 78 83 85 96 118 165 187
31	16 24 41 66 116
1	15 88 160
9	15 16 38 59 68 89 116 189
59	88 120 180
6 52 59	83 88 96 165 206
64	11 15 45 189 251
11 56 80	27
73	46 168
7	9 10 15 28 32 49 76 116 120 133
40	16 24 27 51 69 78 116 119 120 162 191 216 307
66	24 28 69 78
58	15 27 41 119 176 216 233
89	192 206 281
1	16 32 85 160 223 254 484 576
74	120 150 197 207 220
0 1	12 38 44 46 89 100 102
50	25 54 90 148 184
37	3 5 12 15 45 46 80 100 102 178
53	15 27 39 41 116
67	83 299
27 109	274
43	12 17 23 27 71 89 101 113 115 386
42 54 57 112	0 15 17 25 26 37 38 39 41 45 48 49 50 54 57 58 60 71 80 83 116 124 126 153 159 165 207 225
8	8 38 67
117 132	7 15 25 37 38 49 54 59 94 133
99	15 16 23 24 27 29 30 41 77 78 84 116
50	6 9 130 180 270
1	15 20 37 100 102 240
74	15 41 119 120 161 233
36	69 78 162 187 282 348
5 35	15 24 27 30 41 51 75 77 78 83 84 116 119 121 163 164 207 216 383
50	100 102 107
25	49 222
15	15 27 41 77 183
1	48 71
6 223	15 16 51 61 89 251
25	11 27 97 103
53	19 48 50 60 85 127 243
113 229	16 27 66 68 71 116 226
7 48	15 23 25 27 29 32 41 45 68 69 71 80 89 116
17	8 9 15 38 41 44 71 85
15	7 8 15 30 37 100 102 156
63	309 394 426
53	6 15 24 27 39 40 41 85 90 116
15	15 30 41 51 81 116 117 161
50	206 328
0 24	15 32 33 81 124 143 173 186
79	89 98 101
19 45	15 16 18 68 137 239 398
0 41 130 157	15 30 69 85 147 182
14	15 24 27 30 41 85 89 116 135 142 156 161 218
7 11	36 180 251
1	78 119 216
32	6 12 16 45 46 103 177 232
1 37	15 18 27 85 86 100 102 240 256 266 433
76	2 7 15 25 26 38 45 46 49 54 77 78
15 24 36 80 195	8 15 24 27 62 67 85 91 202 239
3	15 16 68 71 116
6	8 9 16 21 40 67 130 162 190 191 203 206 305
1 44	12 15 18 80 85 100 102 138 142 189 287 347
0	16 32 51 99
50	1 15 24 32 40 76 94 153 187 250
61	15 67 90 277
6	15 16 27 32 38 68 84 116 185 189
17 68	7 15 37 38 49
80	15 25 49 54 55 76 120 203
6 27 82	16 32 68 87
30	16 30 41 51 75 111 117 120
15	27 30 67 85 89 116 118 195 206 275
117	60 85 96 153
0 1	0 15 38 54 85
36 168	15 27 91 116 118 135 185
0	83 85 165
24	8 15 24 27 28 32 44 85 87 116 118 562
35 36 44	27 291
95 101 104	27 53 54 57 90 91 134 135 137 184 185 210 227 258
11 155 159	15 51 83 251 275
121	48 60 75 77 78 206
40 44	16 206 243 277 293
1 37 40 68 99 262	18 23 29 41 45 108 295 366 429
127	13 95 577
53	195
12 33 68	2 3 5 6 8 30 44 46 67 156 409
1	37 71 100 102
1	15 37 54 205
0 7	15 25 37 46 89 100 101 102
43	17 23 27 76 120 135
0 1 25 50	15 54 57 61 90 91 110 118 135 143 179 184 185 203 208 226 324
14 17 52 53	15 27 40 41 45 78 80 116 153 211 271 351
9 15 17	41 403
0	46 148 153
29	1 32 228 300 301 573
15	8 9 24 69 120 162 191 221 348 484
0 14	15 17 41 54 71 76 85 89 94 101 135 218
54	0 15 50 54 144 153
6 217	16
0 68	11 362
9 123	15 33 63 68 350 448
20 77	38
20 36 50 103	9 12 91 180 185 283
36	15 17 27 41 69 71 85 116 119 121 150 161 218
7	15 38 41 67 76 85
8 68	118
0	7 15 37 38 46 71 89 101
4	15 32 66 68 80 87
6	15 16 32 87 185 189
45 64 195	15 16 51 89 251
9	15
54	27 41 77 174 228
15	75 78 147 162 171 191 206 244 277
42	18 41 57 210 211
48	15 32 39 90
6 15 80	15 24 27 30 69 84 116 218 223
20 22	325
95	2 12 15 38 41 66 71
123	578
3	15 41
23	25 66
263	209
6	30 51 118 119 121
32	0 3 5 7 15 17 24 25 54 80 94 161
80	9 12 15 27 41 45 68 91 112 149 178 184
50	1 15 17 24 32 33 40 71 76 78 94 153
1 48	7 15 30 71 119 120 147 233 259
127	32 68 71
6 15 68 78	15 16 17 27 30 32 33 37 38 41 45 54 57 61 68 71 85 89 90 94 116 133
17 72	2 5
78 99	15 18 32 54 89 100 101 102
25	120
91	17 206
34	15 16 27 41 68 89 90 116 118
10	16 67 91 151 159 180 181 358
113	48 73 171 200 209 225 243
17 46	8 38 67
63	7 15 27 28 30 203 208
54	48 73
15	15 30 33
7	16 17 48 78 206 271 351
58	7 8 15 38 71 110
0	6 60 130 318 579
261	17 23 27 114 116 161
43	51 83
67	16 89 101 116 137 174 298
1	15 16 18 27 32 41 68 85 89 90 189
54	8 10 16 24 27 41 50 58 126 159 211
9	41
15	14 15 27 33 63 78 81 207 223 247 317 580
103 133	23 41 91 98 109 110 160 184 185 227 316 371 372 373 397 451 457 581
177	118 143 186
101	15 17 25 27 38 59 85 90 100 102
6 31	16 30 51 78 111 116 118 189
6	17 78 89 101 111 120
0 7	7 8 9 43 44 67
0 4 5 6 24 104	12 15 147 182 259
1 44	12 41 66 139 295
0 68	15 46 50 60 96 321 362 437
48	15 32 37 41 61 90
99 117	7 15 16 25 27 37 38 41 51 54 83 90 116 203 422
105	73 75 92
11	15 41 51 248
15	41 43 46 51 248
24	15 24 27 28 30 81 85 116 182 207
9	57 66 87 223 367 368
37	15 18 23 93 187 191 327
74	85 100 102 147 206
181	15 80 86 157 189 272
27	16 24 28 32 68 87 136
92	16 28 169 350
89	23
54	50 60 83 124 206
24	15 24 27 41 117 120
36	87 91 185 283
6 15	17 24 28 30 69 84 116 182 197 207
74	67 78 169 206 244
0	39 48 50 56 59 85 95 124
1 12	5 6 12 15 46 66 88 177
19 20 22 81 82	15 17 27 30 57 84 85 86 116 144 223 275
128	15 38 79 82 212
68 90	15 16 26 27 45 54 59 89 91 94 202 211
6	16 68 71 78 94 154
16 48	48 95 124
9	0 15 16 44 68
17 46	0 16 67 68
44 50	9 15 16 18 27 41 63 87 91 106 109 185 226 283 367 368 582
27	16 41 73 77 78 106 118 159 171 186 210 211 350 372 457
6 36	16 32 68 87 136 154 191 350 352
0 1 24 27 61 74 109 248	15 16 18 27 30 33 41 46 54 68 80 89 90 111 116 118 143 151 186 210 221 239 250 263 298 314 350 385
43	15 23 45 49 54 76 94 133 203 211
1 12 44	66 223
27 109	11 75 258 343
25	37 49 60
17 68 264	15 17 41 46
15	15 24 81 85 248
6	15 24 28 30 87 150 197 207
6	28 30 69 78 84 89 118
76	15 16 25 32 33 54 61 68 71 89 91 94 136 180 181 202
34	7 15 25 49 71
77	60 124 130 131
44	11 27 41 106 107 109 135 160 185 247 283 289 291
37	78 205
5 17 83	8 15 23 29 41 68 116
0 40	9 25 45 76 103 161 248
25 89	186
0 17	15 25 46 49 80 90 95 161
6 104	16 41 60 68 78 89 116 162
89	318
8	33
125	362
1	15 17 18 24 80 114 205
54	32 57 83 85 87 116
45 57	15 39 40 41 48 54 64 153 159 160
54	127 190 206
123	189
105	8 78 111 119 216
1	13 18 54 85 142 180 431 568
36	78 83 111 258 276 583
89	130 243
78	36 38 39 41 76 98 103 239 300 301 347
9	127
25	0 1 2 38 40 48 54 67 73 80 94 124 129 140 153 171 190 202 311 340 405
43	16 17 27 41 91 194 195
37 68	23 27 41 67 90 94 100 102 111 120
44 68 90	16 17 24 26 32 45 68 71 84 87 136 161 203 212 239
14 17 42 44	18 26 27 32 57 109 250
43	7 37 38 89 101
0	15
7	15 27 41 79 80 81 82 85 116 119 161 233
15	15 41 118
6	28 48 75 124 125
6	17 25 67 120 180 181 202
14	85 107 218
32	2 8 10 15 16 17 38 49 66
3 68	15 38 41 85 89 101 161
32	2 15 38 45 177
54	40 60 206 243
7	50 60 144 206 499
6	15 30 78 84 87 108 118 120 147 156 257 348
6	16 41 89 101 112 113 115 116 118 119 216
1 4 5 44 110 123	100 102 206
124	100 102 225 243
91	8 10 16 24 27 68 77 84 136 156
1	15 23 29 169 189 205
160	9 34 100 102 127 243
0 1	2 15 30 80 88 100 102
54	83 165 190
63	27 44 67 208 218
108	6 15 51 88 234 328
67	192 281
10 11 80	76 94
41 107	8 13 28 38 85 87
37	15 37 100 102 183
9	49
28	15 51 111 187 316
17 37	58 59 60 77 131 272 444 584
265	8 16 23 25 38 41 54 57 94 120 316
1 9 37	41 212
23	60 140 180
1 15	15 18 41 51 80 85 116
117	15 32 41 46 90 301 382
15 40 41	15 41 51 64 86 316
34	16 27 41 45 54 59 211
68	8 15 67
1 7 17 46 266	12 15 26 37 41 67 88 94
21	7 11 15 24 27 38 87 116 189
7	60 301 382
206	24 48 153 159 175
6 59	15 17 45 88 89 101 114 161 463 464
1 12	6 12 23 29 66 80 86 100 102 103 112 250 256
40	15 41 147 316 404
1	15 37
117	15 30 116
99	15 38 45 46
41 43 121	14 15 17 24 27 28 41 57 75 78 80 81 83 111 118 119 121 143 160 187 191 207 216 280 337
54	69 118 162 191 280 305
15	8 15 16 24 66 79 82 85 116 156
11 155	27 41 48 83 85 143
37	100 102 180 181
68	8 15 27 44 45 49 76 100 102 179 229
36	15 28 32 54 61 71
37	18 27 37 90 116 118 135
0 7 11	7 12 15 37 38 100 102
57 117	16 37 39 50 54 60 61 83 94 96 124 153 165
40	8 111 248
94	229
15 120	75 85
1	10 18 41 45 51 100 102 183 295 433
55	33 35 61 77 78 81 83 87 91 100 102 143 148 168 199 203 302 380
83	6 15 66 79 80 82 100 102 240 272
53	48 60 83 165
17 112	15 46 127 362
1 3 5 44 58 68 90	0 15 24 33 69 71 94 108 112 161 203 357
0 49 76 132	2 6 7 15 23 54 61 101 166
80	15 27 44 46 71 112 259
9 15	16 41 116 118 207
23	48 73
0 7 17 70	11 12 15 37 38 67 100 102 259
6	16 99
13	15 16 17 24 32 33 37 39 54 60 73 80 94 118 137 153 171 172 204
27	46 95
0 7 11	7 15 37 41 46 71
112	0 16 32 101 118 151 202 239 350
6	8 16 30 41 51 53 107 118 219
22 80 81 171	51 84 133
25	2 49 60 67 74 75 76 77 103
29	116 223 309 398
31	15 16 30 51 116 118 119 233
15	67 111 316
49	6 15 80 102 177
23 29	0 15 16 17 30 32 68 89 94 109 154 272
9	12 16 73 89 101 144 160 171 200 363
154	15 45
66	15 16 67 83 90 91 112 118 206
19 42 68	16 18 27 48 57 66 80 103 126 210 223 239 402 498
15 82 107	17 24 27 30 48 68 77 78 84 119 307 348 350 557
40	16 32 51 68 75 85 156 197 251
21	11 12 27 37 41 107 116 136 210 211 315
15 41	84 118
5 22 27 68 109	8 9 38
6	87 151 169 180 181
2	44 71 228
12	16 46 73
124	0 36 98 212
60 82	77 85 87 111 142 271 351
12	8 24 44 51 85 120
54	144
1	8 15 17 27 38 80 85 86 116 156 161
238	16 56 57 68
7	44 49 67
19 22	50 60 83 125 126 130 202 309 310 426
6	16 47 53 189 314
6 25 55 76	15 16 25 33 83 90 100 102 116 206
54	0 46 48 60 83
0 1 11 22 49 55	0 6 13 15 17 24 38 80 85 100 102 161 240 248 254 273 518
9	15 16 41 45 89 101 151 178 189
54	18 41 54 56 57 90 160 174 239 250 437
13 27 109	16 33 60 68 73 83 101 103 108 137 165 169 171 191 192 206 305
12 22	36 37 38 487
25	60 124 206 243
107	46 66 103 234
154	15 86 156 248
1 15 37	15 18 86 95 100 102 205 295
6 8 12	8 14 30 31
25	2 4 15 16 24 27 32 38 41 68 74 80 98 103 116 341 345
114	109 160 187
68 90	15 26 71 80
6	17 78
1 37	23 37 38 46 66 100 102 347
48	6 39 54 96 155
27 109	16 23 41 52 53 72 78 106 107 118 219 314
24	15 38 41 67 89 144
42	27 41 45 57 250
25	130 168 190 243
8	133
16	60 130 153 190
11	8 15 24 28 30 116 118 150 156 182 207
1 44	15 16 18 26 27 41 71 78 80 89 94 101 112 133 203 295
6 99 104	53 78 84 95 107 118 119 143 186 216
5 83	12 13 15 24 27 46 66 80 85 86 100 102 183 240 254 266 366 541
129	8 15 17 24
10 78	15 24 27 41 71 85 116
7	37 83 111 116
68	15 88 362
0 113	6 16 27 32 298 304
32	8 23 29 36 212 306
66	30 41 51 111 116 118
32	15 54 63 147 175 529
80	67 76 89 101 120
68	116 364
7	15 24 30 41 100 102 108 116 118 295
28	116 316
7	15 17 67
21 44	107 270
268	95 148
50	206 268
51 112	12 15 46 155
61	83 118
7	15 27 39 41 48 50 58 73 83 165
52	40 60 96 195 206 243
1	10 45 80 100 102 178 295 366 433
89	44 73 243
21	60 95 159
6 106	16 32 41 189 251
62	15 27 41 45 85
15	15 51 54 83 90 133
6	53 83 118 119 216
6 223	16 24 32 41 78 87 111 190 350
6 110	8 15 27 41 64 85 116 118 156 197 307
6 15 24 104	15 51 119 233
0 4 7	7 12 15 25 45 49 89 101 103 120 161
6	15 27 32 41 77 83 94 116 316
7	15 26 41 43 78 80 89 100 101 102 120
6	118
116	23 27 63 83 90 137 149 160 203 239 275 332 372 387 398 443 452 457 586
1 6 32	0 2 5 6 7 12 15 16 38 54 80 100 102
127	93 129 140
6	16 73 89 101 151 171 350
77	2 16 27 32 54 83 97 147 466
142 150	16 41 45 57 68 160 211
54	116 139
63	24 78 206
6	78 94 120 162
0	0 15 32 60 90 186
17	8 9 15 38 76
78	0 2 16 25 32 33 37 38 39 46 54 61 89 90 91 94 110 153 172 173 202 298 300 301 340
67	51 78
6 20 22	48 60 75 88 124 130 308 376
28	16 68 78 89 92 119 120 216 233 280 316 383
1	15 37 51 100 102
15 24	150 198 353 354 355
0 7 17	15 37 38 67 89
97 125	5 15 16 33 169 304 415
209	8 15 16 33 48 50 60 75 83 96 124 165 171 264
37	27 93 111 120 195 495
12	46 68 91 110
7	48
54	39 40 54 57 83 165 190 350
12 83	6 7 147 404
27 109	11 52 53 83 107 109 187
63 68 90	8 21 60 127 221 264
0	18 27 46 53 57 91 109 135 184 185 210 226
53	15 60 67 124
16	23
36	16 99 189
44 141	15 26 62 103 107 587 588
15	7 15 17 116 118
34	12 15 71 99 112 180 181 234
21 99	85
10 32	0 3 5 15 54
128	0 2 8 15 23 32 33 347
55	76 90 302
79	0 15 16 32 68 103 202 300 301
0	15 48 60 362
1 7 11 170	2 15 16 23 27 29 38 54 80 161 178
127	83 92 95 129 460 511
260	15 24 27 28 85 87 94 116 172
6 23	15 16 17 27 28 30 33 37 51 80 83 85 89 118
25	16 33 48 54 75 76 78 159 365
16	9 46 130 133 144 157 209 219 316
34	23 59 67 71 85 89 101 114 156
0 68	7 25 26 59 103 161 211
0	21 33 39 54 60 83 116 165
64 101 170 238	15 16 41 46 54 89 116 118 135 161 178 189 295 297 364
57	32 33 39 49 54 60 90 94 148
1	8 13 27 38 85 87 100 102 103 116 156 198 254 256 518
17 44 66	15 26 27 41 54 66 71 81 147 203 404
17	118
4	15 45 71 147
34	15 17 41 45 85 89 101 161
77	107 126 159
28 55 58	0 6 24 28 32 33 48 54 61 73 80 90 94 122 125 155 164 176 423 481
72	206
183	85 144 186
5	8 9 27 38 44 135 208
52 57	6 42 48 59 85 127 153 155 228 271
11 15 155	6 15 24 27 28 30 33 81 84 87 120 207 269 317
14 269	71 112 512
270	75
111	16 32 73 154
1	13 257 495
4	7 15 27 37 41 45 100 102
36	78 185
51	66 123 144 151 247 385 580
6	15 17 25 32 41 61 64 71 80
6 64 223	10 15 16 41 85 89 90 99 111 118 178
15	16 33 60 75 77 78 81 83 87 90 119 120 176 199 216
154	15 37 38 41 54 61 83 89 116 133
68	90 91 143
0	15 30 38 51 80 85 89 99 156 161
15 24	75 77 78 83 108 163 187
7 54	25 42 45 49 54 56
7	8 15 25 45 48 49 54 58 59 60 71 78 103 299 300 301
1 80	27 28 41 51 156
0 7 11 76 83 84	15 28 32 37 44 46 67 76 81 108 143 161 179 186
62 66 99	16 45 85 111 118 189 251
0	7 15 37 38 44 59 89 101 103 148
54	32 39 40 41 54 61 83 94 153 165
0 11 49	15 25 32 33 37 54 94 100 102 275
117	16 32 154
0 1 7	0 7 23 25 46 71 89 101 161
146	12 27 46 66 76 85 135 177
42	23 98 109 148 149 150 309 398 462 497 530
80	6
1	22 48 85 124
15 91	73 86 171 200
200	32
67	37 61 83 100 102 153 165
0 24 55 74	28 33 60 75 90 130 280 573
0 6 24 58	28 37 39 48 60 67 75 90 124 125 129
80	15 88 127
59	67 80 135 180 181 202 218 340
44 48	258 280
238	41 51 85 89
27 109 271	36 95 130 256 258 318 489 528
1	85 96 118
2	15 16 25 32 33 76 116
15 54	15 48 96
6	78 89 169
80	12 17 24 41 114 120 195
117	11
54	27 32 40 41 48 60 73 94 124 153 160 190
11 14 252	10 148 180 181 252
272	15 27 68 71 116 250
6	48 383
1	9 12 15 16 18 24 27 41 66 68
41	15 24 77 116 118 182 187 207
6	16 51 118 189 248
55	0 6 32 38 54 80 204 250 298 303 304
145	13 202
15 17	41
67 132	39 40 60 73 83 94 96 124 143 153 165 169 171 175 186 243
9	9 15 78 144
0 7	37 38 46 71 89 101
127	116
59	15 27 41 45 76 252
51 54 80	53 73 75 190 243
6	15 16 83 107 116 118
112	15 23 95 124 205 259 452 460
48	10 136 257
54	95
1	12 13 38 46 66 80 100 102 347
1	15 23 37 41 80 138
0 55	33 35 75 78 176 199 307 563
40	15 24 69 118
25	2 74 157 180 341 347 385 506
1	0 16 23 119 124 243 311 553
75	78 118 206
17 68	7 25 45 49 89 101 103 120 161
11 155	15 16 17 32 33 38 68 71 84 87 94 116 136 275
125 158	9 15 24 28 30 33 85 144 212 250 307
3	15 30 51 119 120 147 216 233 259
24 82 107	8 15 16 27 32 41 68 85 89 136
0	0 6 15 24 25 28 155 299
51 83	15 27 41 60 80 103 127
125 158	60 67 130 151 307
121	15 27 41 51 79 81 82 92 119 216
0 19 24	60 65 126 159 220 309
148	28 67 155 198 476
1	15 37 46 100 102
0 19 20 42 87 142	11 16 18 27 57 66 68 80 103 107 138 210 211 223 239 252 253
127	52 107
35 62	109 136 283 332
55	173
15 31 88	15 16 27 32 52 68 116 189 219
17	15 46 48 50 67 96 153
117	16 37 39 54 59 61 83 189
53	27 41 54 60 61 92 94
1	157 256 566
68 90	15 45 62 68 69 71 85 239
0 1	37 83 85 118 366
7	15 27 38 45 67 89 101
0 49	16 24 27 28 32 41 81
32	1 15 34 36 37 55 153 300 301 529
57	8 15 16 32 38 49 50 54 59 60 68 71 80 100 102 108 118 124 130 151 189 207 297
124	4 16 212 303 304
17 112	11 27 66 68 100 102 109 116 138 160 180 185 247 291 367 368 371 397
35 58	109 187 237 258 337
1	15 17 37 41 71 80 85 90 161
125 158	15
36 197	16 23 27 54 61 72 90 91 172 203 285
0 15	7
1 99	15 18 51 161 184 295
1	4 15 83 87
1	12 18 23 29 80 178 295
7 51 63	8 9 37 38 44 46
42	57 66
25	2 16 44 71 153 341 374 375
0	33 118 143 173
67	10 15 45 57 83 91 106 108 109 136 137 174 227 258 365 471
6 38 104	15 24 27 41 51 75 78 83 85 94 116 118 251 337
0	10 51 60 90 95 143
7 67	15 24 27 32 33 37 41 80 116 118
30	39 48 77 78 83 92 95 96 143 163 187 350 450
48 177	0 1 6 15 17 27 32 33 39 47 54 80 83 90 94 153 155 165 286 298
25	60 94
15	51 85
6 64	10 15 16 51 89 251 385
236	509
32 105	8 15 17 38 41 76 101
15	1 7 24 150 161
94	66 68 151 189 219 261
1 22 173 273	15 24 37 74 80 85 100 102 153 156
21	15 16 68 89 108 116
22	87
9	2 23 166 242 307 309
20	185 589
43 99	85 194 295 433
123	2 15 16 17 27 28 32 33 44 54 68 120 203 219 286
1	15 37 51 74 85 90 189 251 295
91	25 28
43	16 60 90 101 159 171
44	12 15 71 112 203
25	6 155 293
133	15 83 87 307
54	0 15 38 67
101	222
17	15 38 45 55 67
74	15 116 117 119 191 216 233
6	8 27 41 78 111
171	15 28 78 116 207
1	24 27 68 116 150 207
1 9	9 180
25	15 49 60 293
5	27 41 54 184 210 211
9 29 31 68 123	189
6	67 83 112 118
6	8 9 16 38 53
1 83	12 24 27 45 68 110 178 219 295 300 301 366 386
0 71	90 124
1	18 41 90 100 102 324 366
19	18 23 27 32 54 77 83 91 105 106 107 108 109 110 135 185 187 282 283 327
32	27 108 135 160
1 78 99	49 50 59 60 83 124 190 206
0	15 17 27 32 41 61 71 80 94 120 161
30	15 16 32 89 91 162 223
9	95 127
6	15 68 155 158 245 399 411 454 493 590
46	8 12 15 16 32 38 45 67 68 71 76 208
89	60 243
9	15 26 66 68
193	8 15 67 502
7	12 15 26 27 41 71 85
54	41 73 211
6 117	15 16 54 68 83 89 90 210
6	16 30 41 51 75 116 119 233
20	16 300 301
247	15 16 27 48 57 68 126 159 175 190 498
37	10 23 25 27 29 38 45 89 100 102 366
15 48 66	24 27 41 51 75 81 85 116 206
41	15 78 162 307
0 25	168
18 37 44 61	75 92 118
32	1 2 55 153 180 181 202 529
15 24 107	15 28 30 78 84
16	60 73 124 125 130 131 171 200 243
99	16 37 39 41 96 172 255 315
30	16 60 75 77 83 116 117 119 162 216
20	15 16 27 32 63 68 87 136 223
9 99	309
15	75 120 280
54	11 15 46 53 67 88 107 362 437
17 80	10 15 41 45 76
15	15 27 41 116 118
6	11 16 32 41 68 78 84 87 116 127 137 185 187 282 283 561
1	15 16 24 30 64 77 85 161 183
22 82	17 24 87 273 399 493
12 36	16 41 71 98 112 160 353 354 355
19 22	41 50 125 130 202 231 239 309
57	60 90 125 130
6 46 165 166	17 67 120 147 158 235 236 591
58 79	0 26 54 94 298
55	15 28 32 33 64 90 94 298
37	15 27 30 37 41 51 85 100 102 433
30	16 27 41 75 78 116 118 280
124	60
0 1 24 56 260	41 51 85
123	15 107 118
0	16 32 39 86 142 148
6	78 83 84 85 116 147 284
83	16 21 60 120 124
124	6 147 155 404
25	15 16 23 25 33 48 54 60 83 90 92 100 102 124 153 157 171 180 181 249
7 9 17 51 69 94 274	0 3 5 10 67 69 76 89 101 150
275	12 38 44 59 71 80 435
103	16 32 41 101 125 239 258 329 330 332 387
1 9	9 12 118 136 149 427
15	8 15 38 71 85
1 55	0 2 3 4 5 6 33 38 43 44 80 100 102 150 161 197 207 240
37 43 195	15 38 46 110 143
43	69 78 206
0 11	23 51 54 99 203 268 442 452
6	16 51 71 89 111 180 181
17	15 27 41 71 114 161 404
25	2 6 25 27 60 98 140
36	16 33 89 174 283
0 71	73 175
33	15 45 46 51 85 177 347
6 103	247
41	6 17 24 27 67 77 78 147 149 155 176 306
0	60 83 85 96 143 165
1	37 90 108 175 353 354 355
0 7	15 37 38 67 89 101
29	16 23 30 72 83 112 116 118 369
154	10 27 41 91 116 148 178 398
15	9 24 69 75 78 85 162 206
0	0 15 17 27 46 85 90 120 161
15	24 27 28 30 80 85 94 150 207
1	18 24 41 404
0	17 54 80 83 93 94 165 300 301
124	60 100 102 130 243 335
43	23 27 67 76 113 115 120 133
6 104	8 38 52 53 78 89 101 107 119 189 216 219
24	15 33 35 78 83 84 87 307
9	8 67
77	15 32 33 54 90 94 298
1	15 37 46 100 102 198 240 278 279 287
113	8 15 16 32 94 101 153 264 349 435
68	8
63	25 38 44 67 71 156 208 228
10 49	15 37 89 100 101 102 275
1 6	15 24 28 30 85 150 207
6 9	27 41 57 107 151
22	16 27 30 32 41 51 57 75 78 83 85 116 118 119 120 164 191 207 216 337
54	8 16 45 57 250
59	67 89 100 101 102 194
149	38 52 67 77 78 87 112 144 162 191 202 206 277 311
28	147
148	7 67 98 109 135 149 208 239 309 594
15	15 27 28 30 85
11 49	37 54 100 102
7 52	2 15 24 38 42 71 76
50	78 163 187
44 50	27 41 57 91 107 116 146 185
145	124 130
12 68	0 16 26 33 66 68 98 153 300 301
110	28 158 421
70	15 18 24 41 45 64 116
0 21	0 15 54 61 89 94
1	10 13 15 16 24 27 32 80 85
127	8 16 30 51 53 68 89 107 119 216
1 19	15 16 27 64 68 85
0 1 48	15 24 32 38 41 66 197
15	60 75 77 78 85 119 120 216
20 55 78	15 30 75 83 84 117 118
12	12 16 25 32 202
200	8 15 17 27 45 57 76 211
35	67 180 181 353 354 355
1	15 80 147 404
1 24	18 23 29 41 78 85 100 102 120 295 366 404
15 41 104	15 24 27 41 69 75 77 78 84 116 117 118 119 121 207 383 414
27 53	53 92 124 238 437
127	17
2	4 8 9 13 15 16 27 28 32 41 54 89 101 116
15	15 41 78 119 121 216
0 1 55	7 15 24 33 37 54 80 100 102 118 240 275 404
7	15 37 39
127	151
4 22	15 48 88 159
78 117	15 16 27 38 41 54 90 116 118 133 143 203
0 6 24 40 41 55	15 24 28 30 81 85 182
8 9 169 181	67 126 416 498 527 596
128	16 25 37 54 94 157
1	52 124
66	66 68 116 164 223 347 387 425 590
44 68	12 16 26 37 38 41 68 71 112 161 203 204 234 357
1	15 23 51 149 180 187 191 327
131	0 2 3 5 6 10 15 16 38 49 54 80 89 101
53	153 190
23	16 48 60 73 78 159 171
127	53
216	45 46 89 101 208
49 78	7 15 37 80 89
53	15 24 27 41 68 71 85 116
50	23 29 48 305 426
99	15 27 38 41 248
20 44	16 18 27 32 54 91 108 109 110 136 137 149 184 185 327
255	15 27 41 103 160 291 347
154	7 15 61 89
25	73 171 200
9	597 598
0 11 14 95	0 15 16 32 37 39 41 54 64 315
1	16 40 48 50 67 129 206 244
1	0 6 12 15 17 23 27 29 64 71 80 100 102 138 155 161 189
17 111	16 25 154
6	16 48 83 84 85 171 187 191 193 202 213 276 277 322 450
122 133	16 18 23 27 36 63 72 91 98 109 136 139 149 150 180 181 249 258 283 289 358 371 397 398 451 458 462 496 527 530
77	6 8 25 26 46 67 90 91 103 471
13 36 67	60 73 75 83 171 173 176 186 200 343 423
15 24	30 116 156
40	7 15 27 41 45 79 82
17	15 26 38 45 67
67	37 39 40 60 103 173 219
276	0 15 16 32 41 64 108 180 181
3 21 45	16 18 32 41 51 52 68 83 89 116 118
59	7 83 296
28 54	50 75 77 78 124 129 130 131 144 176 390 426 499
24	51 78 85 191 207
80	6 13 15 32 41 54 80 90 116 155
189	67 171
25	3 5 25 49 103
0 1 7 24	6 27 41 51 85 95 96
1	7 24 27 41 51 85 116 251
84	16 37 39 50 54 60 61 83 94 96 118 165 250
0	60 175 403
83	15 30 45 51 75 79 81 82 229 316
7	124
1 82	8 13 22 24 27 51 85 87 95 116 129 150 156 183
48	15 39 41 47 54 91 98 148
27 109	16 68 89 101 118
36 80	127 403 469
59	15 21 26 71 471
54	11 15 53 67 88 107 118 437
11 48 56 78 80 81 144	15 27 41 83 89 116 118 275
73	180 181 334 421
10 12	60 124
6	15 16 27 41 54 64 78 278 279
43	15 16 23 27 29 32 37 54 89
50	206 293
9	15 16 18 23 27 30 41 45 51 57 295 429
174	164 543
83	11 15 41 68 116 146
64	15 16 27 41 45 68 89 137
25	2 8 15 16 21 25 32 38 54 67 80 94 116 150 180 181 197 375
76 119 132	0 16 32 41
15 22 74 107	24 30 41 120 147 207
17	15 27 33 41 81 116 204
0 1 11 155	600
61	41 54 83 90 91 116 118 184
1 6 15 37	1 39 40 42 50 58 60 83 122 130 153 165
33	8 25 38 46
11 34 40	15 37 83 89
43 80	372
14 21 44 45 99	11 37 315
124	15 27 97
7	2 15 17 25 103 215 239
0 1	24 28 30 71 85 120 147 182 203
91	2 8 9 12 13 15 16 24 27 28 30 32 51 66 67 68 69 73 75 76 78 80 81 84 85 87 116 120 124 138 144 147 150 156 162 173 191 197 202 204 206 207 223
66	15 16 53 83 90 91 106 112 118 153 239 369
6 27 29 36 67	15 53 57 60 73 75 78 91 92 100 102 106 107 109 124 125 168 171 174 178 238 258 343 365 405
72	73 124 144 171 206
12	8 9 38
68 90	16 91 180 181 202
5	8 12 15 18 38 41 44 45 71 178 228
260	16 78 91 116 167 174 185 186 316
1	15 23 27 37 41 80 138
52	8 15 27 39 42 71 85 116 153 156
40	8 24 27 76 80 179
66	16 17 78 119 121
59	15 88 134 179
27 109	180
37 80	27 66 116 160 291
6 60 104	30 69 119 233
7	8 19 60
11	15 33 54 61 80 94
6	8 16 147
6 11 49	37 89 101
15 16 25 206	27 97 172 341 363 601 602
0 68	15 17 38 46 54 61 148
59	67 118 206
30	27 41 78 83 116
0 17 78	15 18 37 41 46 116 118
15	60 75 81 85
80 216	15 38 68 89
44	9 12 27 41 160 300 301
78 80 88 99	15 83 116 275
1	15 37 100 102 142
6 24 92	15 27 41 83 84 85 87 116
0 7 8	10 45 248 261
263	19 60 126 130 209
77	0 12 15 25 27 46 66 103 212
1	15 17 38 45 80 86 212
0	16 71 98 112 184 353 354 355
0 1 7	15 25 27 41 71 80 90 116
50	92
6 20	27 32 41 68 160
27	16 83 107 116 372 373
1	270
25	98 374 375 511
25	60 73 171 243
70	11 60 68 89 186
124	46 525
1 59	78 341
54	11 25 38 41 50 58
222	33 143 169 175 186 255
12	15 16 24 27 32 38 71 150 202
6	15 77 84 87 204
110	15 21 24 30 51 127 142 221 242
19 21 116	223
6 95	130 151 169
3 25	48 124 293
54	83 143
1 15 129	15 38 39 40 42 61 85 94 223 540
54	19 39 48 50 60 124
45	12 15 16 18 27 41 139 185 427 549
13	48 50 60 73 143 169 171 200
11	15 27 32 41 51 80 85 89 90 142
27 146 147	58 77 78 84 85 122 254 268 272 444
67	28 73 83 91 171 200 227 316
28	8 133 296
1 17 37	15 46 100 102 178 295 366
7	15 25 74 76 80 386
27 61 109	16 52 53 83 92 107 111 189
0 17 24	46 92 95 306
7	12 15 25 38 44 46 59 71 74 89 100 102
80	27 100 102 113 115 133 287 404
49 66	15 41 255 403
4	45 252
68	27 41 66 116 248
48	15 16 41 54 68 89 94 148 210 211
0 53	15 33 35 46 51 96 186 298 434
154	27 41 77 78 81 116
28	15 41 78 187
6	15 27 30 41 118 147 278 279
19	15 18 66 98 189 223 251 275 438 443 530
41	51 85
40 68	27 41 43 45 79 82
4 5	15 17 27 41 71 79 80 82 85
0 7	12 15 17 25 41 46 71 89 101
53	15 27 40 41 116 186
6 15	24 27 84 85 116 118 150 156 162 191 197 207
76	15 25 32 33 37 54 61 71 94 100 102 275 298
1	15 16 23 29 30 33 41 46 54 57 80 90 116 118 184 210 298 385
150	27 41 48 57 116 160 362
19 20 31	15 23 52 72 189
36 64	18 57 91 210 226
38	15 27 28 41 64 116 135 218
7	7 15 38 44 46 67 71 89 101 112 161
210	83 94 300 301
48 199	27 32 79 82 90 142 161
17	15 27 41 60 124 306
27 35 103 109	75 108 186 258 276 365
1	15 23 45 85 100 102 142 166 189 256 295
1 95	24 27 69 85 87 127 321
12 17	49 156
32	0 2 15 44 54 80 177
1	11 12 15 23 29 38 80 100 102 144 212
16	50 67 124 125 126 127 212 498
117	15 16 41 263
54	1 15 32 140 153
7 130	7 25 43 44 45 46
54	77 78 87 204
54	27 38 41 42 44 49 50 60 67
54	17 54 76 89 101 120
12	15 156
1	15 37 100 102 404
14 21	10 12 26 27 41 46 71
103	18 27 41 57 136 178 372
0	2 6 7 8 9 32 38 67 80 103 148 212 307
63	10 15 50 228 604
64	10 15 16 33 41 45 85 89 90 111 118
28	15 16 32 89 211 316
116	15 16 27 57 64 106 108 137 149 223 227
66	15 41 89 101 275
27	9 12 16 27 38 97 116 341
6 40 105	38 68 78 118
6 217	15 16 78 83 87 204
54	39 58 172
67	51 83 173 186
43	17 37 67 71 78 80 94 100 102 114
11	12 15 27 38 49 71 78 111 120 218
27 35 109	8 12 45
15	15 24 27 41 81 84 116 207
31	15 16 32 52 89 189 219
260	15 16 32 68 94 101
44	15 24 27 68 116 347
132	37 39 83 94 165 190
0 7	78 176
1	15 18 80 100 102 147 189
6	41 68 75 78 83 116
60	15 24 38 71
6 7	8 9 16 89
25	73 93 247 485
0 22 55	8 301 382
51 66	15 16 67 69 71 89 156 180 181 275
0	46 96
75	8 9 50 124 126 130 131 335 514 515
103	15 16 17 24 38 68 69 87 204
7 125	12 15 38 44 46 49 59 71 89 100 101 102 362
22 195	6 15 16 27 68 71 116 191 197 239 348 350 493
89	73 130 168 200 243 525
110	78 187 204 280 380
30	27 41 75 85 100 102 206 238 305
0	15 109 148 149 246 476 502 529
68	12 15 23 27 41 44 49 71 80 100 102 112 203 295
83	8 49 78 147 180 181
54 57	15
15	78 120 143 348
95	16 32 68 69 162 180 181 202
17	38 126 231
14	0 2 6 12 15 16 23 26 27 29 32 38 41 44 46 67 71 80 88 89 116 295 362
50	92 124
17 53	8 50 71 78 96 120 126 159 220 264 421 512
277	39 54 73 83 94 174 387
29	150 154 202 219 292 309 326 481
136	15 16 23 32 54 61 72 91 94 112 116 137 202 262 316 372 373 524
278	16 42 68 116 126 210 262 386 498 558
188	6 12 38 68 80 207 272
25	49 69
36	9 28 32 91 133 185 316
1 17 68	15 18 27 41 45 54 57 100 102 133 136 160 185 189 210 239 256
6	17 24 27 30 116 150 197 207
27	27
45	24 78 116 120 124 207 221 421
11 99 171	9 15 16 24 25 41 71 85 119 207 233
12	4 393
105	8 9 17 24 67 76 78
15	15 24 27 41 81 84 85 116 207
1 10 11 20 155	15 24 27 30 33 80 85 99
4 7	0 2 5 6 8 15 38 41 71 80 86 103 127
3 6 15 53 54	131 206 207 244
1	23 67 76 79 82 100 102 295
15 41	15 16 24 41 64 116 118
0	15 25 28 33 37 54 83 94
0 24	50 83 85 96 165 239
89	127
84	23 39 60 83 96 105 148 153 165
15 107	24 30 69 75 77 78 84 87 108 129 156 162 169 206 244 280
0	83 85 96 143
1	8 16 30 38 57 83 89 90 100 102 118
15 25	15 16 24 27 41 71 89 116
53 132	40 50 60 153 190 206 225 243
1	23 452
95	8 15 16 27 30 32 44 68 69 71 85 87 111
0 1 55	2 6 32 54 80 84 119 121
0 11	81 88 234
80	27 38 71 116 135 218
15	15 41 51 447
0	46 83 165
1	15 18 23 24 29 41 69 80 85 100 102 404
14 19	16 87 116 136 160 223 309 371 397 527
0	6 32 33 38 54 61 90 192 281 362
81 87 146	6 38 63 67 103 106 130 251 372 457
60	15 24 41 75 188 248
15	27 41 83 116 197 207 353 354 355
49 78	7 28 33 54 99
44	57 91 109 136 137 149 160 184 185 187 227 497
24	50 83 85 96 131 153 165
1 4 17 21 44 68	12 18 27 41 57 66 68 108 135 138 149 160
15	75 78 85 88 92
150	16 41 49 60 77 126 130 210
72	8 9 168
92	15 30 67 120 156
32	0 7 12 15 66 161 232
150	66 248
3 7	11 15 38 41 67 88 107
5	16 23 27 59 68 91 116 223 316 452
54	15 16 32 41 51 69 71 85 95
6 63	120 158
0 4 17	15 46 71 89 101
1	41 78 94 211 352 380
4	7 15 45 147 178 211 327
199 279	24 28 87 116 156 207
14	15 16 32 38 41 71 89
25	0 9 15 16 28 32 33 35 36 54 61 67 81 89 90 94 98 101 103 149 172 199 215 250 298
24	60 180 181 204 353 354 355 426
15 19	15 27 75 85 86
15 24 104	15 51 119 233
15	85 305
53	37 40 48 60 173 190
113	50 60 126 130 131 159 209
6	16 30 38 41 80 89 90 118 143
6	11 12 16 17 67 112
44	11 16 18
6	118 221 280
15	15 24 27 28 30 69 81 84 85 156
1 99	15 18 23 27 37 38 45 71 74 85 295
59	9 15 41 51 64 66 414
59	44 309 328
56 154	15 27 37 41 46 54 61 83 90 100 102 116 118 133 184 203
55 58 83	0 13 15 84
0	60 403
36	28 39 40 83 173
28 70	131
14	23 27 44 46 59 71 116
54	23 37 39 48 49 50 59 60 61 83 87 94 105 124 153 165 299
6	27 187 282 462
89	32 33 107 168 243 318
50	25 38 41 44 49 76 78 89 103
19 68 90	66 101 309 347 370
32 171	27 135 218
42 81 171	27 108 110 116 160 180 181 186 227 300 301
136 144	15 17 23 28 37 54 61 83 90 91 116 118 136 137 185 186 203 249 275 285 316 332 605
104	16 41 116 118 207
1 12 83	6 24 37 80 85 161 256 265
6 163	67 148 190 277
32	0 12 15 16 36 46 300 301
9	8 44 57
0 11 46 155	0 54 90
124	1 2 4 8 9 10 15 16 25 32 38 54 89 94 101
11	78
99	15 16 37 54 59 61 100 102 161 203
191	38 50 67 88 153
7	41 45 50 56 100 102 140
79	15 16 36 38 101 304 529
25	4 13 15 16 51 73 171
37	25 44 46 51 99
93	15 127 225
6	15 16 32 68 87 101 116 136
48	15 27 41 45 48 211
7	15 38 44 161
24 41	8 38 67
21	15 16 32 41 54 57 61 85 90 94 263
24	27 45 98 118 136 149 160 178 180 187 282 372 373 457
14 44	8 15 17 27 41 54 112 228 264
0 1	15 27 37 39 40 41 48 83 153 165 186
24	2 10 15 26 44 45 54 90 183 203 247 405 408
1 37	27 41 45 189 249 322
0 80	11 45 195 206 244 488
89	95
41	30 67 78 120 156
6	15 16 27 41
76 117	0 15 16 24 39 41 54 66 116
57 67	16 27 32 33 37 39 40 41 49 50 54 55 59 60 78 80 83 85 94 96 118 153 165 171 189 434
9	23 60 189 215 300 301 348
10	9 15 37 41 54 71 94 100 102 116
117	3 5 15 23 25 49 78 103
85	23 59 80 114 148 156 211 347
12 19 20 195	66 149 160 310 347 398 425
0 170	0 6 32 33 38 46 325
54	48 85 95 124
1	15 41 54 66 80 100 102 164
6	8 15 37 41 83 89 90
27	116 561
55 84	0 6 32 33 37 46 54 90 98 143 148 173
15 28 30	15 17 24 27 28 30 32 94 119 120 163 182 187 197 216 414
0 1 7 11 21 24 36 48 50 76 78 83 99	15 25 28 41 51 54 61 68 71 81 85 89 94 116 161 208
6 29 85	16 83 85 116 118
6	83 118
12	27 38 66 68 80 103 178 184 295 366
1 55	12 16 32 80 100 102
1 37	24 41 78 84 100 102 119 121 187
22 107	27 51 84 85 87 185 220 223 245 269
53	40 78 86
4	10 12 15 16 24 68 71 89
0 24 68	16 27 41 77 83 108 116 204
160	95 120 144
1	86 248
88 94	27 36 54 61 83 89 90 91 116 118 135 160 184 239 295
19	309
0 19 20 42 68	38 57 68 87 107 246 300 301 473 558
11 48	2 43 100 102 269 411
9	292
23	41 84
44	8 19 21 48 60 75 119 158 216 243 264 426
1	41 147 295 366 433
21	15 16 32 41 89
1	16 27 87 135 160 180 181 202
17 78	83
1 17 24	51 85
1 3	16 18 27 41 83 106 110 116 160
56	7 15 25 68 89 94
6	15 16 27 32 41 87 101 116 136 154 180 181 202 239 284 385
103	41 83 91 106 130 258 327 329 330 332 347 427 592
255	18 66 91 118 185 227
1 4 14	12 45 100 102 103 265 278 279 295 366 386
15 104	32 73 101 354
14 17 44 68	60
54	271 351
0	8 46 60 130 157
54	90 153 353 354 355
6 15	15 30 118 187
69	15 101 169 180 181 202 311
1 255	90 118 295 366
31	189
31	23 27 72
1 7 11 51 78	2 5 8 15 17 25 32 38 54 66 76 80 161 405
12	15 49 83 99 118
6	18 80 85 116
54 154	37 41 61 67
53	48 60 75 124 125 343
110	48 60 135 222 228 246 271 351
17	8 23 25 37 38 45 94 100 102 264 295 322
1	85 93 100 102 206
1	7 15 37 46 80 100 102
0 21 68 99	16 41 66 68 89 108 136
54	6 39 48 54 485
7	49 50 56 161
22	83 87 117
6	25 44 89
3	6 15 38 71 85 101 202
6 20 28 54 57 132 154	37 49 60 125 126 127 130 409
150	15 24 27 41 64 85 116
15	27 41 78 161 191
99	78 85 120 161 183
33	0 1 15 25 76 80 150 161 202
15	15 41 83 86 87 116 204
6 9 15 21	27 32 41 116 284
41 82	15 17 24 30 69 71 78 84 87 119 144 150 307 557
104	15 24 30 41 76 78 85 114 116 156 182 183
45	83 106 109 110 258 277
89	129
1	15 18 23 24 29 37 80 205 278 279
4	104
9 17	95
1	24 27 85 100 102 116 223
134	41 57 108 184 337
6 105 108	606 607
89	175
11 81	46 88
6 21 64	16 32 51
1 104	85 86 116 156 161 197 207
17 37	0 15 16 37 67 89 116
15 21 44 64 78 80	15 27 28 30 51 81 83 85 86 116
1 80	12 27 46 138 159 272 386
8	12 155 362
48	83 87
14 17	2 15 54 58 144
15 121	51 79 82
92	15 41 83 116 118 160
54	88 471
74	15 24 28 30 83 84 87 207
15 24 97 112 125	48 60 124 194 270 522
0 95	8
12 25 45 259	8 15 16 21 32 78 89 221 228 264
19 22 99	41 50 60 125 126 130 309 321
8 9	27 88 91 180 181 239 263 435
26	8 16 147
2 25	23
29	116 180 181 202 223 348 443 478 492
9	23 51 248 261
1 15	15 18 108 118 295 366
66 69 80	15 30 38 44 67 156 208
44 89	73 124 171 243
107	8 24 85
123	8 17
50	18 78 83 180 181 300 301
4	8 15 38 44 45 48 50 60 67
11 155	15 24 27 30 41 64 94 116 118 156
0 78	16 37 39 41 48 50 54 59 60 61 83 90 91 96 116 153 387
15	75 77 78 118 120 163 187 305
89	16 73 171 209 243
50	15 26 27 33 51 146 156 178 184 422 562
41	15 16 30 84 116 156
1 17	15 46 147
0 17 78	32 35 46 54 77 81 83 87 90 199
14	60 73 124 206 243
117	7 15 37 41 46 54 59 61 89 90 101 116 133 143 186
121	15 16 24 25 41 69 78 85 135 153 197 307
16 25	50 60 73 124 171
95	16 17 32 68 71 85 89 112
8	328
15 17 22 68	4 6 147
11	15 25 54 64 90 228
67	15 57 66 78 91 106 109 174 258 311
91	10 16 32 87 90 290
125	20
115	16 23 67 72 78 89 101 108 151 350 384
0	9 15 16 24 25 28 32 41 71 90 299
58	16 27 84 109 149 187 226 239 258 282 300 301 427
31	16 32 154
7 17	7 44
6	83 87
6 68	8 16 49 78 219
6 13 54	8 15 27 30 41 54 57 71 80 100 102 108 111 118 129 186 206 250
61	8 9 11 15 16 33 38 53 83 89 90 107 118 134 297 369
1 5	15 17 23 100 102 133 178
251	10 15 16 32 38 41 45 68 71 89 147
19 22 142	210 239 341 385
18	16 60 73 78 159 171
11 49	7 37 99 101
12 170	7 15 34 46 51 66 68
53	48 192 281
9	15 51 229 276 561
52	60 67 73 83 124 165
1	15 24 69 75 77 78 164
0 78	83
1	477 608
17 19 22 44 45 87	11 56 63 103 239 341 363 374 375 572 609 610
57	0 15 32 41 64 385
15 24 70 99	15 28 51
95	15 119 233
43 46	48 54 78 85 88 100 102 124 143 173 206 242
74	84
17	15 27 41 60 119 121 124 306
36	15 16 30 41 51 78 83 118 120 492
99	15 41 45 51 80 85 116 161
23	277
1	38 88 353 354 355
63	25 38 44 49 71 208 228 396
92 144	173 309 344
4	7 11 15 37 45 46 58 147 315
5 17 129	15 101 159
17	80 83 90 116 118 143
59	83 135
17	91 304
115	16 67 89 91 101 151 154 180 181
43	91 285 316
36	15 16 23 32 52 72 78 189
6 8 14 21 27 36 48 64 109 123 152	9 15 16 18 24 27 41 116 135 136 160 184 185 283
9	15 25 26 43 44 45 49 67
57	19 48 60 73 75 126 159 171 209 243 448
7 15	12 16 89
36 88	17 69 71 85 116 150
43	15 16 25 27 32 41 89 91 116 275 316
1	8 12 15 37 38 80 87 100 102 122 295 321 366
3	8 15 21 64 67 84 120 150 158 197 207 264
42	15 16 18 27 32 41 57 85 108 210 211
20 87	15 16 24 27 32 63 68 91 98 116 135 136 160 185 223 285 327 347 371 386 397 425
17	10 15 27 68 76 89 180 202 405
43	6 21 33 74 90 127 130 153 155 220 241
89	46 67 490
112	48 57
36	364
0	15 32 54 61 90 94 203
3	30 32 38 68 71 89 120 156
110	8 24 69 78 116 120 158 191 207 228 264 348
6 29	16 23 24 32 57 68 71 72 73 77 78 84 87 106 112 135 159 171 184 185 202 204 211
42	16 41 57 66 109 207 212
57	15 27 41 57 91 108 110 112 116 178 184 185 210
79 170	15 17 37 38 55 59 100 102 133 203 300 301 347
64 76 99	16 41 48 50 60 67 90 118 124 143 206 611
4	38 44 49 67 71 89 101
15 24	15 24 27 32 39 42 51 68 85 116 135 248
101	15 177
6	15 81 307
0	15 37 39 83 96 143 165
7 15 49	5 7 12 24 37 38 46 54 100 102 161
0	15 17 37 38 46 51 54 90 161
117	17 30 67
63	8 15 16 24 25 27 28 41 44 71 88 116 135 208 218
75	40 140
6	15 16 38 41 45 85 142 189
0 15	6 15 39 46 54 60 83 94 153 165
54	15 16 37 38 42 46 61 89 140
6 85	60 78 111 119 120 216
12	15 24 27 41 116 118 160
6 136	16 30 33 61 67 73 75 94 101 103 108 117 123 130 171 305 316 318 340 372 383 467
123	8 47
6	100 102 206 296
53	15 27 41 64 83 116 165 271 351
1	15 93 287
6 11 21	275
9 15 44 59 123	365
17 40	2 60 71 101 175 180 181 202
123	0 6 17 47 95 155
57 280	15 27 41 75 81 84 96 116
1 55	12 15 26 27 37 41 46 67 71 80 88 100 102
36	9 16 28 32 116 185
54	8 48 50 51 60 78 85 118 206
6	15 16 41 67 83 118
89	124 171 200 243 270 335
42	15 41 78 211 367 368
6	73 77 120 171
7	15
208	152 169 194 270 522
15 28	15 27 30 41 81 84 85 100 102 116 316
26	8 16
23	99
17	15 27 31 41 66 295 386
14 68 90	8 68 264
7	2 3 5 44 46 67 74 80
68	15 119 180 181 233
49	26 27 66 91 110
15 24	15 24 27 84 85
127	10 16 35 46 53 77 78 92 318
17 51 83	2 3 5 6 15 49
1 15 25 37 43	15 16 17 24 27 32 54 69 78 80 85 89 114 120 156 204
25	6 50 60 93 260 485
76	33 46 54
124	67 73 124 171 190 200 243
122	16 23 32 68 91 94 98 109 136 149 316 371 397 443 449 451 581
50	15 16 33 54 83 90 93 206
6 24	15 41 51 75 85 118 119 121
246	15 37 54 80 90 94 100 102 295
0 7	0 2 4 6 15 17 27 32 54 61 71 80 94 161
16	16 41 86 116 150 160
177	28 37 54 116
6 44	8 15 24 41 64 116 120 207 256
58	27 41 54 57 109 184 210 211 476
68	15 44 46 54 81 84
0 209	7 15 23 25 46 67 76
48 224	15 26 54 61 90 148
170	15 27 38 41 44 54 59 71 90 116 148 298 300 301
1 12 49 55	0 7 15 28 32 33 38 50 54 94 100 102 240
112	33 36 38 49 54 59 74 80 94 174
27 109	16 32 89 137 202 219
54	13 15 24 27 38 44 78 80 85 156
8	18 41 66
28	7 15 16 27 30 41 51 83 118
73	6 67 153
17 53 57	17 27 40 41 48 60 83 131 153 165 321
110	40 41 228 471
1 40	79 82
15	24 27 83 85 111 116
6	8 9 16 38 219 276 583
59	17 67 76 114 120
112	15 46 67 71 112 259
45	12 15 41 75 78 80 147 180 181 221 227 259
101	26 27 54 57 83 91 106 118 146 210 227 327
0	15 32 33 39 54 90 143 173
6	24 27 28 30 41 78 84 116 150 197
12 21 68	8 12 15 65 66 110 177 515
29	15 16 18 24 32 36 38 41 45 91 116 184 372
46	10 15 16 32 33 68 83 87 89 136 204
36 181	9 12 15 18 84 149 185 249
0	37 46 54 59 94 133 148 211 239
103	16 32 41 52 68 87 89 116 139 160 437
0	15 28 32 90 118
1 95 99	15 41 80 100 102 111
65	15 26 68 223 347
1	2 6 15 23 38 39 42 54 60 85 86 124 130 153 159 166 254
1 236	9 12 66
199	54 109 111 185 193
99	15 27 41 248
53	48 60 75 77 78 81 124 125 176
148	16 27 32 37 63 67 78 88 116 133 135 150 155 235 375 387 563 567
117	7 37 51 54 83 94 100 102 203
66	85 93 100 102 120 206
1	15 18 38 71 85 118
66 68	15 38 44 46 59 67 71 76 78 135
6	15 16 38 118
91 121	534
72	48 50
48 114	8 12 15 26 38 45 71 89 101 120 228
174	1 4 103 135 152 162 180 181 191 202 220 239 265 294 339 612
6	283 305 426
171	15 24 27 41 64 116 156
50	83 107 369
37 180	41 75 81 116 119 121
27 31 36 103 109	15 16 24 27 32 52 64 68 84 87 116 185 189
0	6 23 32 33 54 166
6	15 52 88 329
15 24	60 67 78 83 112 180 181 191 206 277
1	13 24 27 38 51 85 100 102 122 156 240
59	12 15 24 27 76 85 87
24	30 41 51 85 116
44	9 12 15
230	0 15
9	41 116 118
11	15 28 32 37 54 89 94 116 133 275
6	78 83 108 111 258 276
7 53	271 351
66	30 78 118 180 181 187 198
15	15 27 46 85 86 248
89	46 243
86	15 32 41 54 83 89 91 94 116 133 136 185
40	15 27 41 75 77 78 120 176
103	87 154
1 9	15 41 71 100 102 112
42	15 27 38 50 56 57 58 60 148
20	66 91 109 138 372 398
64 67	16 89 101 116 137 174 298
53	24 81 85 116 254
6 15 24 31 43	0 15 16 17 23 27 30 32 52 63 68 72 94 106 109 116 136 189 223 272
19	15 16 18 24 27 48 51 57 64 66 80 85 103 138 156 210 223 239 248 251
6	16 32 89 180 181 202
61	53
32	1 54 153 175 177
31	15 24 41 108
43	16 68 89 116
43	33 54
1	15 27 45 90 161 372 373
1	157
0 113	0 28 32 33 46 54 87 90 94 148 153 186
1 14 44	9 12
0 7 11 15 24 67	0 15 16 32 37 39 40 54 90 94 98 110 124 173 186
0	15 27 38 41 45 89
136	23 29 568 613
57 67	15 27 32 33 37 40 54 61 83 94 165 186 275 298
1	13
17	0 60
1	15 18 23 29 66 80 91 138 295 366
0	15 17 37 46 54 61 90 148 161
68 90	7 15 25 54 64 68 71 89
6 217	16 32 38 68 78 87 116 180 181 202
3 17	10 15 16 26 41 89 101
232	16 32 89 151 189
1	8 41 58 67 159
36	15 16 23 61 72 83 89 91 94 101 110 185 285 434
80	27 76 88 135 218
12 22	144 422 424
6 78	124 146
0	32 46
43 80	16 23 27 59 67 76 89 101 114 120 133 161
21 56	28 83 316
148	32 63 67 116 133 135 150 208 231 239 332
6	15 16 26 27 32 78 87 91 101 106 108 116 136 137 151 154 187 189 198 239 282 310 350 438
43	17 23 27 59 61 78 113 115 120
44	27 57 109 136 160 185 210 227 372 457
6 217	15 16 27 32 41 68 116 136 154 189 350
0	6 75 130 318 352
51	54 61 83 203
104	17 80 89 101 116 120 239
7 17	48 50 60 96 429 437
4	11 15 64 66 68 112 189
22 64 165 166	38 67 78 135 150 208 287 396
0 6	6 15 17 24 27 28 30 32 33 54 78 81 84 85 87 94 119 161 182 204 207 317 404
27 109	52 143 162
17	0 2 5 17 25 32 38 54 66 76 80 103 161 405 409
6 15	15 16 41 116 118
16	2 6 9 15 16 33 69 73 80 101 171 304 344
43 95	15 38 41 51 85 275 295 433 494
123	0 8 16 25 38 44 47 68 147 189 219
0 5	36 41 46 61 78 90 103 118 206 239 271 351 380
36	171 175
68	16 18 44 68 103 184
93	15 25 74
1	15 93 95 100 102 366
116	32 48 147
45 64	15 16 32 63 68 98 116 136 223 239 371 397
15	27 30 41 51 79 81 82 85 119 216
1	12 15 80 223
10 13	0 15 16 28 32 33 37 39 40 41 48 54 90 94 124 173 186 187 298 461
111	16 91 180 181 202
17	8 19 21 48 50 58 60 124 125 127 264 309 485
23	311
1	23 76 80 100 102 114 120 142 161 295 366
51	15 67
1	15 18 41 85 89 189 386
6	111 187 282 516
29	0 16 32 68 87
0	8 10 15 17 25 38 44 161
36	16 17 23 27 54 72 91 94 211
115	16 33 101 151 169
0	15 54 94 109 116 300 301 333 334 349 502
0 4 64	27 43 45 91 110 185
77	12 15 41 73 77 78 187 282 348 426 455
15 104 195	280 383
6 74	308
95	15 17 32 71 87 89
99	27 101 180 181 275
170	8 25 48 49 50
1	15 25 37 74 80 100 102 114 142 295
66 85	18 27 77 83 106 110 116 156 210 211 327
25	103 146
105	8 15 68 78 88 89 116
56	15 16 27 30 41 51 83 116 118
1	27 41 80
0	15 24 27 38 71 76
53	144 206
36	23 72 83 91 94 185 285
19 150	48
9	24 44 68 69 87 89 135 144
2	95
28 92	15 17 27 30 31 71 78 81 94 176 316
1	37 41 46 81 278 279
1	100 102 189
1	15 18 37 46 57 62 122 614
16	2 4 8 11 67 101 212 511
70 281	8 15 16 27 41 53 54 57 67 90 91 109 110 116 118 135 137 184 185 210 258
6	117 316
1	6 15 24 27 37 39 40 42 48 50 54 58 60 94 122 129 130 153 159
6	16 32 60 68 89 151
149	15 26 41 57 78 116
123	88 92
82 116	51 156 275
1	15 41 80
19 64 83	15 45
67 136	16 28 61 68 80 91 185 316 578
23	274
91	17 38 67 85
37 43	15 23 37 41 100 102 113 115 218 295
1 55	15 100 102 256 366
61	16 369
124	4 15 16 27 32 68 97 212
6	15 16 30 51 83 89 101 116 118 147 189
1	13 15 16 44 69 161 295 311
5 15 24 41	15 24 30 33 41 69 75 77 78 81 84 85 87 116 119 120 121 182 197 207 216
112	15 26 38 41 49 57 203 347
21 53	15 16 27 32 41 68 116
1 14	9 10 12 15 16 18 24 26 27 41 45 68 71 89 116 136 178
125	0 1 2 33 217 299 306 341 385
0	15 16 27 41 45 46 71
25	365
54	15 41 50 67 195 206 347
9	52 89 189 219
0	83 91 148 149 227
1	6 13 15 17 23 27 41 80 142 161
9	15 68 89 136 151
0 78	0 15 32 33 38 54 71
8	60 132
80	15 24 27 78 116 133 135
6	16 32 78 154
3 15 20	15 16 24 27 32 38 41 52 68 84 87 89 116 189
11	15 45 100 102 161 295 386
0 1 7 78	15 24 28 30 54 61 80 298
56	10 25 38 71 135 141 142 156
27 29	16 32 52 68 75 89 136 189
0 1 7	15 25 45 46 80 100 102 161 295 386
36	51
0	15 17 24 28 30 80 81 84 87 120 124 150 161 197 204 207
46	17 22 100 102 180 181 183 189
44 64 83	11 15 18 27 41 45 116
1	0 6 27 28 100 102 180 181 187 282
1 44	12 18 26 71 112
7 17 24	73 75 194
95	41 151 180 181
0 9	32 87
17 66 112	17 38 67 71 85 89 101
7	252 324
17	27 43 45 51
51 80	12 15 38 45 49 76 88
53	40 48 60 153
6 105	9 44 116 219
15	31
0 1	27 41 45 46
6 104	73 119 216
41 107	2 8 22 27 28 38 85 86 111 116 150 207
16	2 8 26 71 78 87 150 162 191 197 206 207 212 264 347 353 354 355
1 37	100 102 161 240 256
36	16 17 24 28 30 32 33 54 80 180 181
12	15 27 41 45 80 84 135 212 218 316
43	78 119 120 216
42	26 57 91 109 250
19	36 256 299 411
7 53 54	39 48 60 83 96 127 165
7	15 36 48 50
89	242
64 146	27 51 68 116
66	15 16 41 50 60 67 89 118 252
1	92 124
37	12 15 27 41 45 46 89 135 177 252
282	304 431
17 51	15
24	15 75 117 187 280
112	16 150 180 181 202 385
77	6 32 33 35 46 54 77 83 87 90 155 225 247 300 301
232	16 32 247 284 555
17	16 81 203
48	6 33 298 540
42	57 107 174
0	10 15 17 45 49 76 94 135 148 161
53 117	39 40 48 190
75	95 220 225 241
9	52 118 189 248
112	175
0 15 99	17 41 46 83 85 120 161
14 19 20	9 18 26 66 68 239
0	15 27 37 41
54	15 27 50 60 89 100 101 102 195 206
81	8 107
42	57
51 57 283	1 8 12 15 16 27 38 39 41 44 49 66 88
37 43	100 102
117	15 37 41 54 59 61 83 90 116 133 203
63	87
43	15 75 78 84 176
1 12 54	6 8 38 39 40 42 58 69 77 83 86 94 153 159 161 165
123	15 37 42 49 54 68 89 94 140 212
17	15 17 23 27 41 49 67 71 78 89 101 112 120 295
72	4 15 50 139
23	32 83 91
6	16 38 88 89 101 179 463 464
40	30 43 51 79 82 116
0	44 46 99 148 177
6	27 41 53 60 73 116 160
80	75 88 362
6 111	60
77	17 83 90
50	27 41 54 83 89 94 109 135 227
48	15 54 71 94
25	60 75 76 88 129 343 506
37	18 23 27 29 41 100 102 287 295
0 6	69 75 108 147 191 206
0 1 55	15 27 32 41 44 45 46 48 49 90 189
28	15 27 41 116 316
6	16 32 68 136 154
134 244	11 23 27 105 107
6 27 109	15 16 27 30 41 51 78 80 89 118
6	16 73 159 171 200
51	16 27 32 68 84 135 160 189
64	15 41 45 136
8	10 38 101 144
1	87 169
25 89	73 168 171 192 200 243
1 15	27 75 85 118
67	16 40 48 60 73 143 169 171 173 175 186 365
24 105	60 75 78 92 206 305
28	117 316
74	16 100 102 112 162 191 193 206 268
15	15 24 27 68 85 89 116 119 120 182 216
35 134	11 41 89 106 251 337
53 54 154	48 180 181 202
15	75
78	12 15 16 25 27 37 41 45 46 49 51 54 59 60 67 78 85 89 100 102 111 112 116 124 143 251 255 380 447
177	27 83 100 102 137 160 180 181 187 283 348 394
25	16 61 73 83 94 171 173 186
25	2 3 5 17 25 38 67 77 89 93 94 101 103
92	24 67 78 120 124 162 191 277 481
78	23 29 41 51 251 295 377 414
7 54	11 46 48 50 60 124 195 206 488
60	79 82 248 271 351
1 9 37	50 60 77 78 200 534
76 99	16 41 48 50 60 67 90 118 124 143 186 206 611
99	37 85 90 100 102 135 156 161
33	6 60 131
199	77 78 119 164 176 202 216 407 417 419 420 480
6	15 49 76 78
15	15 24 35 83 84 87 119 121 176 191 307 337
37	100 102 189 447
77	8 10 16 25 33 37 119 228 233
3 95	15 17 24 32 71 87 89
0 5 46 68 129 142 188	38 42 44 71 78 87 148 380 399
11 49	15 28 32 33 90 94 298
95	15 17 86 307
54	73 211
56 99	16 30 37 51 85 108 116 118
261	15 16 41 99 189
15	27 57 107 151
1	15 18 27 41 85 89 90 100 102 118
25 125	2 3 5 25 37 38 67 74 77 78 156 375
76	116
118	15 30 33 67 150 197
15 50	17 85 116 118
21 216	89 275
18	20 93 180
7 54	12 15 25 37 42 44 46 56 67 71 140
6	0 16 17 101 108 151 154 169 284 385
14	0 15 32 38 39 40 41 54 61 94 122
51 66 112	67 180 181 213 214
10 11	1 27 80 81 85 102 207 245 317
50 55	16 33 83 90 111 161
6 7 15 74 104 110	16 17 48 60 78 206 244
80	16 23 29 85 90 100 102 118
11	15 32 39 54 85 96 118 186
6	193
8	16 284
0	0 15 33 54 71 186
99	15 16 27 30 41 100 102 118
64	10 15 189 251
24	15 27 41 75 78 116 117 119 121 233
64 83	41
1 37	6 15 23 24 29 37 66 79 80 82 86 100 102 180 183 212 240 256 266 272 344 386 615
6	8 15 16 107 118
190	88 306
95	75 84 116
5	0 15 16 37 67 78 89 116
12 17	0 1 2 3 5 8 15 17 25 32 45 54 76 80 161 405 408
7	23 26 27 29 71 112 116 234
0 21 28	15 16 18 30 32 33 41 75 78 81 83 85 116 118 136
0 1 11 49	15 24 37 38 54 80 85 90 100 102 161
5 83	18 59 239
32	7 15 17 23 25 80 86 100 102
1	124 144 206
33 77	2 8 15 25 46
25	98
5 83 199	10 15 27 38 57 85 211
9	16 38 68 89 118 189
0 236	0 2 6 8 9 15 16 32 33 38 44 46 50 67 80 101 130 148
53	39 40 48 58 122 190 206 244
1	27 51 85
103	7 119 121 255 306 479
89	46 257 490
1	48 85 95 124 362
54	36 41 45 50 103 347
1 32	15 23 80 86 100 102 161 265
73	8 52 78 120
16	100 102 103 140 215
75	23 105
27 109	8 16 27 41 67 78 83 91 108 110 116 118 119 120 164 171 184 216 227 263 383
6	15 24 69 78 119 216
123	38 89 101 151 189 248 261
41 45 104	24 78 84 87 116 197 207
17 28 30 70 117 256	83 118
3 6	15 16 38 89 101 362
23	189 255
0 1 11 55 76 155	0 7 15 33 51 54 68 71 80 94 100 102 275
19 20 192	16 56 77 126 210 211 223 498
6	0 15 30 32 68 94
89	280
6 27	15 16 32 52 68 78 83 87 91 108 111 154 162 171 187 191 202 204 239 280 350 385
48	67 208
10	15 116 203 275
6 136	16 32 54 475
8 9	10 15 38 189 249
68	15 41 111
247	16 17 80 91 101 180 181
15	75 84 120 162 191 307 337
20	15 17 28 30 83 84 86 87 187 282
6	16 67 69 87 108 162 169 180 181 202 239
43	15 23 24 27 29 38 41 66 76 88 114 116 135 218
62	27 30 51 116
284	60 107
125	2 6 8 15 28 33 36 50 54 55 67 73 101 124 126 127 130 171 172 212 270 272 413 484
15	46
23	24 38 116
54	15 16 67 90
56 66 80	15 24 27 28 30 116 118
8 9	274
43	107 243
46	67 100 102
48 55	15 33 41 54 81 94 161
7	15 17 25 27 41 61 71 80 89 94 161
50	16 32 33 109 136 146 185 250 300 301 394
11 27 38 56	15 16 25 40 64 71 75 78 83 187 350
12 50 57	6 15 16 23 27 64 68 71 116 166
25	15 32 54 61 94 298 299
54	27 41 48 50 60 67 94 228
190	106 107 109 237
103	16 27 30 41 73 83 90 91 111 157 165 171 250 297
21 78	15 16 27 32 54 89 161
95	30 51 78 120 180 181 187 191 198
24 27 58	10 16 32 38 68 71 87 116 191
0	27 37 83 90 116 148 161
78	103 212
27 109	10 16 32 38 52 68 83 87 89 116 136 385
4	15 17 23 27 41 45 71 79 82 110 178
20	15 18 24 27 30 33 54 90 108 110 116 118
6	16 189 248
5 41	75 77 78 119 121
15 91	8 15 17 22 24 27 30 78 80 81 85 87 116 150
43	23 27 38 76 78 113 115 133
43 94 153	27 36 41 54 61 83 90 91 103 116 118 135 184 239 295 347
57	41 48 50 60 96 124 321
1	15 23 37 74 80 85 100 102 295
1 34	99
127	17 164 219
16	60 73 124 171 190 200 311
1 24	24 68 116 135 160
6	15 24 28 30 31 83 87
67	118 143 193
15	77 78 83 113 115 120 187
1 46	15 17 24 38 44 66 80 85 100 102 161 256
0	8 16 32 33 46 54 68 298 299
43 80 177	27 41 108 160 184
19 20 48 50	10 38 68 71 85 146 250
25	192 215 281
1 55	7 15 17 27 78 80 85 161 254 347
57	15 27 78 85 116 163 183 250
24 123	8 17 27 89 101
6	15 71 78 119 120 161 187 203
25	98 293
124	67 311
25	2 6 15 16 103 297 341
43	32 41 78 116 133 295
51 54 112	48 50 67
14	12 15 26 27 38 41 71 112
181	8 10 15 23 29 80 189
12 32 68 165 176	0 2 3 5 8 12 15 25 37 38 46 54 66 80
101	8 211 228 246 264 333 334 476 488
53	83 96 165
54 276	33 77 78 90 94 122 125 130 131 176 399 493
15	15 24 75 83 84 119 121 197 207 216
113	0 28 32 33 54 299 341
95	24 85 307 557
66	17 38 51 71 85 89
1 7 83	0 12 37 66 80 164 212
15	32 75 78 84 108 162 164 182 206 207
7	7 15 37 46 98 116
17	16 17 38 41 71 85 89
1 65	1 2 4 6 15 23 38 42 46 58 80 100 102 122 153 166
123	369
22	41 60 125 308
112	8 12 41 46 103 353 354 355
104	15 30 41 51 75 117 119 233
68 90	7 15 17 26 27 38 41 71 112 203
170	15 25 27 45 48 49 76 100 102
20 42 87	15 24 63 64 98 109 136 137 160 211 285 327 332 372 373 427 438 503 530 617
1 15	10 12 15 23 29 32 33 54 74 85 100 102 157 178 189 404
54	27 41 42 45 56 57 59 100 102 133
13	16 60 73 143 169 171 173 175 365
6	11 68 89 118 349
14 15 41	15 27 51 64 81 85 108 116 118 147 164 207 414
64	27 41 68 71 116
14 21	16 24 27 41 66 68 85 90 161
123	15 17 38 68 180 219 242 284 510
1 34	8 12 15 38 71 100 102 112
1	15 18 41 84 100 102 275 278 279 295 366
46	0 2 6 9 32 33 38 44 54 67 80 148
78	10 15 23 41 51 295 377
1 14	8 9 12 15 16 17 18 23 24 27 29 32 68 80 85 89 100 102 103 116 136 189 205
77	6 32 127
4 11	10 12 32 38 46 54 71 90 94
123	15
36	78 185 187 574
20 68 90	45 109
36	15 16 28 32 54 61 71 94 108 133 180 181 207
16	33 60 73 75 130 157 171
77	153 215 318
127	24 25 27 41 68 116
132	8 31 94
132	17 24 27 30 31 41 81 84 116 212
7	27 51
6	48 60 67 73 124 125 144 206 243
1	2 6 15 17 23 29 38 44 67 80 100 102
55 77	32 33 73 124 171
1	2 4 15 23 46 100 102 166 177 411 454
1 4 5	8 15 67 71 83 90 99 100 102 112 118 147 180 181 186 203 234
157	12 15 46 71 275
7 54 68	48 50 73 78 94 153
15 41 45 195	15 28 30
1	27 38 46 77 85 122 130 256 272 433
81	15 32 51 78 84 85 169 204
7	12 15 23 26 38 41 45 67 71 89 101 112
113	118 131
16	127 130
36	83 111 258
19 150	15
0 21	15 16 32 41 64 68 108 116
13	32 111 130
6 15 184	16 83 99 257 284
1	6 15 24 42 48 50 58 100 102 127 130 150 153 158 159 197 206 207 212 220 240 244 265
53	15 78 83 116 119 216
64 238	15 16 27 38 41 51 83 89 251
7	41 46 107
5 7 62 104	15 45 48 89 206
6	15 44 80 116 156
53	60 73 124 171
6	15 24 28 30 54 68 78 84 197
68	41 48 50 57 159
28 66	30 41 99 116
6 7	44 447
6 27 109	0 33 55 95 153 208 388 529
18	15 16 27 89 118 151 219 248 506
54	8 11 21 39 40 42 56 58 86 124 144 146 159 171 228 250 264 439
48	148 149
4 5 15 17 44 48 121	67 120 179 187
1	8 21 41 60 100 102 169 264
49	15 24 27 30 32 33 80 81 85 99 114 116
1 21	16 27 41 48 57 68 73 89 171 211 250
17	2 8 15 38 44 67 88 103
20 21	0 2 3 4 5 15 33 54 73 171 212 272
193	6 8 100 102 217
1	6 15 17 18 23 24 29 37 41 46 80 85 100 102 147 295 366
5	15 80 88
17	4 8 15 48 49 50 59 73 94 103 124 126 127 130 148 171 196 265 405 482
17	0 1 2 8 15 44 54 89 94 101
7 66 80	88
36	172 185
14	15 16 17 26 27 32 45 54 57 71 85 89 101 161
17	15 38 88 463 464
42	8 15 16 24 32 45 57 68 89 211
11 78	15 28 32 38 46 54 64
25	11 13 16 27 68 71 85 116 345
74	8 9 38 274
0 14 21 44	15 16 68 71 116
84	7 15 25 28 68 89 155
21	16 83 252
51 57 66	13 85 156
6	30 51 52 53 83 107 111 117 118 119 216
68	0 2 3 5 16 32 38 44 45 54 76 89 101 179
27 109	15 16 32 52 68
127	8 15 25 38 54 68 94
1 6 15 91	8 24 27 78 80 85 87 116 150 156 207
43 177	27 118 135
1	13 541
11	15 83 89 116 275
144	16 17 24 32 61 73 87 94 171 202 350
15 24 41 107	78 85 86 116 156 197 207
157	311
64	15 28 69 73 75 77 78 83 84 87 91 116 119 121 160 171 176 187 216 227 283 307 311
23	16 32 66
19	15 24 27 85
15 24 68	8 15 24 27 28 32 44 85 87 118 207
114	18 57 83 91 226
1 15	15 17 24 27 28 30 85 94 207
53	60 190
15	15 17 24 27 85
53	6 60 83 96 153 165 190
27 30	11 16 68 107 111 118 160
76	15 16 37 89 116 186
41	8 24 69 206
92	84 87 117 176 204 239 386
67 117	33 37 39 49 50 54 60 83 85 94 96 153 165 172 258 298 299
0	33 46 73 90 171
1 21	0 15 23 26 29 54 80
25	60 130 157 270 374
33	16 33 35 60 75 78 81 83 87 119 120 168 199 216
18 61	53 444
0 17	90
6 14 31 68 82 100	15 27 68 71 116
21 53 88	15 83 116
15	17 30 51 67 85
6	16 27 78 108 120
53	15 41 60 81 85 153 190
1	15 18 37 68 85 89 90 100 102 118
32	0 2 15 54 80 161
1	18 41 51 76 90 100 102 248 366
1 37	1 100 102 205
68	17 23 59 89 120 350 384
6	61 83 91 94 149 165 187 226 227 283 300 301 394
95	16 118 162 171 193
127	60 75 127
1 5 83	339 381 388 618
6 105	78 111
55	0 6 155 163
61	15 16 32 52 68 89 116 118 189
2	11 33 38 83 89
123	23 85 295 422
27 68 90 109	8 10 12 15 16 32 41 45 68 71 91 112 160 178 184 203 239 264 316 372 457 512
121	16 66 91 239 353 354 355
31	15 16 18 24 32 38 41 66 68 87 99 116 295
18	104
36 62	185
30 64	16 52 53 83 106 136 137 369
0 7	41 67 83 118
0 1 46 48 53 54	8 9 16 21 38 44 60 67 78 127 228
5 33	15 54 81 149 150 207 317
12	15 24 41 114 273
6 27 109	15 16 18 28 33 57 83 108 157 202 223
5 95	27 66 71 85 90 116
37	78 120
1 44 45	15 17 26 41 48 60 67 71 100 102 112 142 178 203 228 234 295
72	15 33 73 101 124 130 171 306
7 53	41 68
7 88	15 37 67 71 90 208
56	15 54 116 133
117	37 39 48 54 60 75 81 83 96 124 143 153 165 186 299 343
67	8 15 17 24 32 39 80 153 161 203 204
67	210
113	8 19 60 130 209
45 81 82 116	15 24 27 30 32 64 75 78 84 85 116 118 223
34	15 30 37 51 67 111 118
0 1 11 76	15 28 37 54
43	15 30 81 85 207
13	4 27 54 55 76 97 316 387
1	58 85 88 95
54	92 206 619
1 5 44	11 15 18 26 27 41 45 71 80 85 116 295
80	27 113 115 116 120 195
4 5 24 41 48	15 23 24 29 30 41 45 75 78 80 81 83 87 114 116 182
13	83 173
44	11 15 37 41 45 107 315
1	159 180 181
1	24 27 41 81 89 116 118
27 109	16 187
14 17	0 15 27 32 33 37 38 44 54 67 89 94 101 160
43	15 17 23 24 27 29 32 51 76 94 114 116 120 135 218 287 346 404
17 37 55 125	0 3 5 6 15 54 67
6 105	8 78 83 165
19 66	27 38 41 66 68 78 84 116 250
1	15 37 74 85 295
15	15 17 24 28 30 54 78 87 119 120 121
48	15 30 41 51 80 90 100 102 108 116
6	69 111
62 99	18 83 106 137
11	15 41 54 90 111 210
6	15 16 27 32 38 52 66 68 85 87 111 116 154 171 187 189 254 282
3 74	75 124 206 243
17 183	2 6 8 15 24 38 44 49
1 22 83	15 18 24 37 46 65 84 100 102 103 156 240 272 278 279
84 117 132	39 54 59 60 83 91 94 96 153 165
1	38 45 100 102 295 433
121	15 185 272
11	99
16	4 393
127	16 18 25
1	15 100 102 366
1 55	0 15 17 18 23 29 37 41 71 80 85 89 100 101 102 142
11 21 49 78 177	15 27 37 54 90 94 116 133
36	16 91 137 159 171 239 492
19	10 15 41 45 51 189 251 275
6 41	30 51 83 111 118 163 280
43	91 202
75	15 16 37 41 46 54 61 83 100 102 133
20 50 88	0 15 46 61 90 142 298 299
285	16 33 52 89 103 137 203
15	24 27 51 84 85 87 150 156 162 191 207
16 25	23 33 54 90 93 137 177 199 299 302 385
7 55	12 15 16 24 25 28 32 38 66 71 99 116 161
16	60 67 73 125 171 360
11 43 77 78 80 99 104 153	15 16 27 41 45 46 50 54 57 67 80 85 89 90 92 100 102 118 143 161 189 203 210 251 297 314 364 429 437
48 55	0 15 32 54 90 96 148 153
0 1 6 16	2 15 16 23 33 36 67 101 180 186 297 365
113	0 15 28 93 142 148 349
15	15 24 41 69 75 85 116 118
1	15 80
236	130 131
117	7 32 39 68 101 203 239
89	73 168 243
44	8 10 15 16 45 68 252 253
6 24 44 57 58	27 48 107 227 270 283 450
52	6 10 15 44 45 54 76 155
44	15 24 27 41 71 112 116 191
66 68 80	8 15 38 44 45 76 135
28 36 50 64 100	49 54 90 118 124 143 190 293
103	16 32 68 71 78 83 108 160 180 181 187 283 372 373 437 496
94	9 12 84 180 181 257
53	190
1	6 13 44 80 85 100 102 144 161
6	15 24 25 27 28 41 54 68 69 71 89 116 118
27 109	0 8 9 12 15 25 26 27 41 71 110 226
7	2 15 16 17 25 27 38 44 49 67 78 103 219
1 173	2 13 15 17 23 24 29 37 38 66 80 85
23	16 32 33 73 171
51 57	8 38 50 144
4	18 41 45
154	106 180 181 226 227 283
6	15 16 26 27 106 117 118 143 180 181 227 251 295 374 414
41 56	15 16 24 41 69 75 78 81 83 85 90 116 118 119 187 216 337 414
6 66 70 99	15 16 38 41 45 51 85 99 142 189
117	39 96 153
68	5
110	15 17 24 69 75 78 84 116 120 150 162 182 191 204 207 220
6	8 16 147 189
14 68	6 15 46 144 362
0 133	98 371 397 527 530
113 193 230	8 16 19 48 60 73 75 95 126 130 131 171 209 243 448
15 63 80	8 24 27 28 38 44 76 133 135 156 208 218
66	44 67
46	8 16 17 28 67 69 78 81 87 120 162 180 181 182 191 207 221 264 285 317 346 380
25	2 60 93 98 124 485 621
132	7 15 16 25 37 38 41 46 61 100 102
30	83 118 119 216
1	15 45 100 102 295 366
21	15 41 89 116
4 5 17 58 68 85 90	6 26 38 68 116 228 247 580
110	16 33 60 73 78 101 162 169 171 173 186 191 192 206 311 365 461
59	17 32 33 40 60 61 73 90 92 124 168 171 185 275
54	15 25 38 46 49 56 177
7	16 32 39 60 85 94 153
92	77 84 87 144
6 104	15 16 17 27 28 30 32 33 68 80 85 86 89 111 118
7 48	15 17 27 37 38 46 54 94 148 161
0	15 38 41 45 71 85 116
4	15 23 26 71 89 101
13	172 173
105	15 16 27 32 68 81 83 89 118 385 505
11	16 27 32 41 118 164 180 181 247
63	3 5
5	8 38 54 91 109 138 185 300 301 386
116	15 27 116
37	275
17 44 48 68	15 16 27 41 71 85 89 101 116
41	8 24 28 38 111
18 27 48 109	15 16 27 68 89 151 189
76	17 25 26 27 45 54 59 89 94 120 142 161 300 301 387
0 77	16 32 33 54 61 90 94
115	15 27 41 64 85 91 108 116 154
24	9 46 85 100 102 156
0	46
20	15 83 87
67	85 96 143 153 186
6	111 151 252 364
12 17	41 66 68 147 160
6	16 32 68 78 154
2 286	2 8 67 68 69 71 76 88 89 228
41	15 24 30 69 75 78 87 119 121 163
6 105	8 78 83 87
16	168 192 243
1	15 18 23 25 256 295
87	16 32 73 75 83 89 90 108 118 162 171 186 358
12	15 18 41 45 46
68	8 53 92 120 243 285
24	15 24 41 51 85 116
0	12 15 24 27 31 41 44 45 46 89 116
18	11 53 89 107 227 438
0 7	15 37 46 71
6 14 104 123	15 16 67 89
34	7 15 17 30 37 51 89 101 112
0 14	23 46 59 71
1 37	0 15 37 80 85 100 102 156
95	10 16 33 61 67 89 447
6	16 68 73 89 171
129 186	15 27 37 41 49 90 208
53	49 50 60 73 83 96 165 190
6	15 16 27 89
33	16 33 60 75 78 81 119 120 199 233
29	118
67	50 60 73 124 130 159 194 200 335 360 384
66 99	15 17 23 27 37 85 100 102 120 295
15	8 17 67 77 78 120 150 162 204
9	83 100 102 124 190 206 293 301 382
6	0 2 3 5 15 54 76 101
6 36	15 27 41 83 89 275
92	15 24 35 75 78 81 84 87 176 197 204
15 92	85 86
25	15 25 32 33 41 71 73 80 86 87 228
16	50 60 73 75 78 171 200
30	16 32
1 255	51
15 57 177	83 91 109 143 160 187 348 394
107	16 68
27 50 53 240	21 48
63	8 25 49 76 208 228
199	15 28 46 64 87 100 102 133 275
15	81 84
48	0 15 39 83 165
1	16 60 71 112 203 426
43	48 73 124 144 171 200 206
1 37	18 27 80 85 100 102 183 366
44 172	8 19 21 48 50 60 125 264 403 485
115	151 155 180 181 384
25	4 33 73 89 101 171 212 311
60	17 78
125 158	8 9 46 362
77 128	4 6 8 9 15 38 44 67 80
6 77	48 622
43 66 74 81	8 15 24 27 36 83 85 87 116 207
6 108	6 15 31 33 48 54 78 80 81 84 85 87 94 114 116 119 176 182 204 207 316 325
43	148
15	15 38 41 49 64 66 247
43 45	11 41 46 80 83 85 206 227 239 263 301 382
74	30 51 83 85 337
77	16 32 33 37 83 90 94 298 383
80	18 27 41 57 109 110 184 203 227
63 80	623
25	41 60 88 293
15	27 41 84 116 118 197 207
124	2 4 15 16 67 101 153 190 300 301 311 511
25	15 28 35 67 75 90 124 176
117	73
136	54 73 143 169 172 173 175 365
22 107	27 51 84 85 87 137 220 223 245 269
31 62	175
57	51 55 67 83 90 111 112 116 156 208
1 5	71 127 148 151 161 319 501 624
1	6 15 23 27 29 64 80 85 100 102 110 240 245 272
80	0 17 22 23 29 77 86 114 120 183 204 316 404
38	24 41 117 162 163 191 307
108 195	17 116 150 197 207 590
0 44	15 18 41 66 80 212 299
116	15 16 37 41 51 64 71 108 116 118 160
6 12 17 112	15 38 66 212
6 64	10 51 151 180 181 251
1 55	0 1 15 24 80 153 256 433
13	28 32 33 51 99 173
0 22 49	31 81 148 234 319
15	15 24 84 87 207
7	15 27 37 41 79 82 83 116 118 161 337
15 120	15 24 54 71 87 94 275
0	6 10 15 16 32 54 68 71 89 94 148 300 301 435
29	164
1 3 6 24 27 109	77 120 126 162 191 208
29	11 16 52 53 107 111
52 117 172	83 96 143 165 186 206
0 17 170	15 17 27 30 41 46 66 71 85
64	15 16 18 27 41 68 83 85 89 91
1	12 15 16 23 26 27 41 71 80 83 85 89 112 116 120 203 295
43	258
34	12 15 27 41 45 71 80 85 89 101 112 114 147 203
6 15 74	16 24 27 30 67 69 77 78 111 116 135 156
83	18 27 41 54 78 83 91 106 109 110 120 135 184 185 227 258 277 283 327
52	2 6 15 67 156 161
1 14 99	15 41 66 386
124	60 206 244
74	48 67 78 92 206
4	300 301
7	0 27 32 33 54 61 71 80 94 161
8	30
64	15 16 38 41 51 85 89 161 177 251
67	16 24 32 61 91 262 399
7 49	0 15 37 80 100 102
7 54	39 60 83 85 144 165
0	0 32 33 54 90 94 298
28	78 111 119 121 316
103	16 30 32 41 111 118 136 143 186 437
17 31	10 25 38 46 99 100 102 127
4 5	15 17 18 27 41 116
70	238
15	15 41 51 75 116 118
50	16 185 251
7	15 25 49 156 161
1	12 15 24 37 41 80 189 256
1 55	15 17 23 38 66 80 86 100 102 161 265
15 24 41 82 92 107	15 156 274 399
2	8 60 92 130 243
125	15 24 38 71 85 101
117	15 99
13	39 40 60 73 83 94 124 153 165 169 171 173 175 186 243
7	15 17 26 27 32 39 41 61 71 80 94 161
33	2 7 8 12 15 25 38 44 46 67 88 110
75	100 102
105	3 4 5 8 15 108 160
37	17 41 77 78 120 204
1	15 16 27 66 68 160
1 27 62 108 109	78 83 92 111 206
207	3 5 6 15 46 57 66 80 85 100 102 252 347 370
48	149 227
3 14 17	4 15 16
40 76 78	15 38 61 89 100 101 102
0	0 15 17 46 54 93 142
6	15 16 68 154 202 337
6	15 16 89 275
15	24 108 116 118
1 9	51 73 171 172 192 281 365
185	2 15 33 101 212 387
48	15 37 41 46 54 61 90
85	16 27 30 41 51 78 83 118 120 280 383
36	9 15 17 24 27 28 85 87 204
164	15 33 151
55	32 33 41 54 178
34	15 16 17 37 38 55 83 90 94 100 102 133 161
1	15 18 41 80 100 102 108 147 189
53	8 21 48 49 50 59 60 75 85 96 124 264
6	15 27 54 61 83 90 143 184 210 387
66 172	8 19 21 60 75 119 127 158 216 264
68	15 41 43 79 81 82
20 45 142	16 197 210 385
117	7 15 38 46 51 53 61 89 429 437
0	7 15 38 46 89 90 101 161
1 55	6 15 25 27 41 71 80 90 116
44	11 15 18 41 137
59	15 16 88
0 12	6 15 24 25 32 33 46 85
43	18 23 27 41 49 135 142 404
89	60 130
10	0 5 6 15 17 54 80 161
73	6 60 130 131 488
17	8 76 88 229 362
0 17 20	16 23 32 38 68 91 148 166 202 371 397
123	10 189 219 261
61	0 8 9 15 60 95
19 29 83	11 15 27 68 107 160
15	24 69 75 188
1	0 15 24 80 256 295 433
54	15 42 50 55 67 90 140
9 123	8 15 103
41	17 24 43 177
21 61 99	15 16 24 28 64 68 71 116
1	15 60 73 133 189
1 15 24 48 99	85 95
33	6 8 15 50 126 127 130 131 155 335
66	67 112 180 181 381
57	125 461 554
124	243 335
1 37	15 85 186
77	2 8 10 15 16 33 36 80 90 118 147 257
0 71	32 46 148 153
15	10 12 15 27 32 33 41 85 89 161
9	89 144 180 181 275
43 44 68 90 99	11 15 27 41 83 109 116 118 135 178 184 185 226 562
85	16 18 41 75 77 89 101 116
43	16 24 27 68 89 116
52	48 50 83 96 118 127 153 165
7 9 12 17	12 46 66 103
57	42 57
1 11	2 6 15 38 80 100 102 212
0 94	75 77 78 81 380
25	16 23 33 38 54 57 76 94 112 116 180 190 203 239 316 326 346 405 452
53	6 40 48
68	15 17 27 36 103
11 17	12 15 45 46
0 11	15 100 102 275
101 175	15 148 625
15	67 120 158 280 421 481 484
1 15 53	48 100 102 271
35	83 180 227
22	88 316 463 464
15	15 27 30 41 45 116
1 15	15 24 30 69 80 81 85 87 191 337
0 6 24 70	19 37 39 41 48 124 130 200
0 21	54 61 67 71
7	0 2 25 36 38 44 54 80 101 156 241
42 150	10 16 41 45 48 57 103 210 211 250 367 368
7	15 25 38 41 43 49 57 71
63	38 71 85 135 198 202 300 301 307 326 384 511 557
15 24	99
108 127	63
36 197	16 23 32 54 61 72 137 185
54	7 15 16 38 41 46 50 67 89 100 101 102 140 215
9	15 45 229
45 108	15 53 108 116 118 119 164 216 223 283 369
1	256
170	15 27 60 135 160 184
6 103	16 32 38 68 84 87 116
115	33 67 77 78 171 311
15 58 68 264	15 27 41 45 71 79 82
78 135	15 38 41 71 101 177 275
0	40 270
0	6
7 52	83 88 96 165 206 243
27	95 118 143 186
36	16 51 77 87 108 185 187
8	60 561
11	83 90 118 366
18 27 45 61	11 16 52 53 106 112 137 189 219 369 438
17 32 83 170 195	2 4 66 103 110 177 482
160	17 30 41 51 55 67 89 113 115 116 120 142
124 167	48 124 243
91	17 69 78 86 206
70	15 64 83 91 108 135
18 30 35	53 271 351 369 437
7 52 117 132	39 40 50 54 58 85 124 126 153 159 161 190 272
194	40 48 50 58 60 124 153 159
1 68 90	12 23 29 46 80 100 102 295 366
25	15 37 38 41 83 89 100 102 108 133
19 21 87 142	15 41 64 66 84 150 189 251
255	17 27 30 41 51 83 85 119 120 142 161 233 468 469
95	13 16 17 24 32 68 69 71 87
0 71	16 39 54 60 73 83 143 167 169 171 174 175 434
6	15 16 41 89 116 118
143	111 321
7	8 19 21 35 48 50 60 75 124 206 264
15	15 27 43 45 85 135
15 41	15 28 30 81 84
6 42 62 195	6 136 227
12	2 30 31 626
44 114	11 16 23 39 54 91 94 105 108 109 210 227
54 117	311 506
15	8 38
53	48 50 51 54 60 83 85 96 124 143 165 186
1 17	15 17 27 48 58 60 77 122 124 153 159 272
1	15 17 23 44 68 88 180 181 261 295
1	15 27 64 85 86 160 251
25	153
15 24	33 46 88 306
68	8 21 100 102 125 127 403
20 114	23 91 98 166 185 327 371 397 451 503 527 530 589
6	84 99
1	366
44	169 288
25	15 60 67 213 293
35 42 177	27
134	16 23 41 68 106 107
12 83	15 27 66 80 103 164 265 542
9	15 16 38 68 83 89 116 189
28	7 15 25 27 37 38 54 83 90 100 102 118 133 203 422
0	8 15 32 54 71 94
190	6 9 88 130 376
6	15 51 85 118
108	24 28 78 81 85 155 208 234 268 269
15 53 110	15 27 41 150 158 160 197 207 247 291 387
260	23 51 75 108 130 173 318 406 452
21	68 89 99
37	100 102 120
15	15 17 24 27 41 51 64 85 116 251
20 45	16 18 24 66 98 252 253 347 370 371 397
5 14 50 68 83 95	8 15 25 38 41 71 85 89
59	159
44	11 32 33 37 298 315
85 118	32 54 61 90 94 111 118 119 216 233 316
23	32 35 90
1 15	6 8 15 24 27 28 30 39 42 48 54 71 78 80 81 85 90 94 100 102 114 126 130 153 159 161 197 207 240 275 317
0 11 12	0 6 7 15 25 28 38 89 101 155
95	15 16 23 27 41 45 68 72 89 91 108 112 136
15 121	24 27 77 78 80 85 96 156
1	85 93 96 100 102
211	0 15 27 116
15	24 28 78 111 116 119 121 250 407
36	42 61 68 69 71 87 89 204
1 9	23
1 9 288	0 2 6 15 23 29 38 45 80 89
289	11 41 83
7 117 170	16 39 60 73 83 143 169 171 175 365
130	329
52 194	8 39 40 48 50 67 101 122 124 130 153 159 231 519
14 37	15 33 54 80 90 94 101 108
36	54 90 118 239
68 90	16 24 27 32 68 78 84 87 116 350
170	9 175 604
1	15 95 366 431 550
32	15 37 38 44 68 85 90 118 275
6	15 27 41 83 116 118 164
6 20 27 43 109	15 16 27 32 38 63 68 78 84 87 108 116 136 137 154 160 189 223 239 350 372 457
0	15 32 90
1	15 41 116 117 118 280 295 366 383
189	12 26 27 41 54 57 67
49	37 44 275
123	91 100 102 109
3 14	67 69 78 108 162 206 244 271
0 49 55 78	15 17 27 32 39 41 54 71 80 90 161
5 6 41	24 83 87 187 191 207 307 337
75	6 15 32 80 155
48	0 15 16 32 33 46 54 59 94
0 55	38 116
67	16 17 39 61 73 86 87 94 98 171 202 203
14 68	12 18 71 78 80 85 94 112 180 181 203
54	41 42 48 49 50 60 67
30	15 16 30 41 116 118
36	9 16 38 40 60 67 73 83 100 102 108 130 156 162 165 167 171 173 180 181 186 190 191 195 200 202 206 240 270 311 335 339 628
7 117 170	50 58 95 96 124 321
6	6 197 228
43	24 30 77 102 553
7 37 54 57 132	6 42 48 49 60 124 130 159 175
136	15 16 37 54 61 73 91 94 171 174 185 202 265 272 275 300 301 309 316 372 373 605 629
202	16 54 90 228
15	41 75 77 83 84 86 119 197 207 216
53	0 15 27 37 54 100 102
83	59 66 110 262 347 424
53	42 48 50 58 60 122 124 126 159
195	15 152 208
99 273	41 100 102 180 181 202 272 322
61	8 15 16 17 27 38 68 89 147 286
1 8 75	2 4 16 67 89
103	10 41 291
89	33 48 53 73 107 124 125 131 151 171 200 204 243 362 472
74	14 17 84 120 150 160 197 207 220
68 90	12 15 27 41 66 68 71
74 110	85 88 96 206
125	59
6	14 15 27 41 116 160
95	630
6	15 17 24 28 30 69 78 84 87 120
17	15 26 41 44 71
106	12 15 64 84 487
56 88 129	24 25 27 54 85 94 135 197 207 218 337
0 7	7 15 25 26 45 46 49 71 103 229
60	8 41 68 83 108 111 116 164
7 37 146	1 15 24 38 80 88 153 228 385
55	25 37 44 46 54 76
3	12 15 16 67 71 78 112 120
36	15 16 23 27 41 54 59 61 68 72 83 89 90 91 185 203
7	51
36	16 180 615 631 632
0	24 28 30 41 69 84 85 116
68 80	77 83 106 109 136
255	27 41 80 83 85 116 120 161 295
43 68	100 102 114
36	242
6 24	15 24 28 30 81 84 119 121 176
0	0 6 140 155 349
1	15 27 41 96 189
18	11 15 16 18 41 57 107 110 118 135 143 185 369 437
43	23 27 41 78 113 115 120 142 161
6	6 15 16 17 24 27 28 30 32 41 61 68 69 71 85 94 118
43	15 27 37 46 54 61 89 90 91 101 133 143 239 494
1 9	22 51 80 295 366 424
36	95 131 238
54	15 24 51 182
6	8 24 41 69 89 101 119 120 158 216 221 222 228 264
67	41 83 85 226
53	40 60
1	15 41 80 85 100 102 118
112	15 16 24 27 32 68 197
0	41 71 127
43	48 118 124 206
66	17 23 27 76 80 120 386
59	44 45 56 76 89 101 103
70	15 16 89 90 111 118
44 45	11 27 37 41 107 315
15	30 51 67 78 114 116
6 68	18 27 54 59 80 89 101
4 63 64 66 142	15 16 41 51 83 85 89 251
76	15 38 54 71 85 94
63	44 180
21	33 48
54 117	7 15 16 27 32 41 54 61 133 135
27 109	238 362
186	48 50 60 107 124 140
30	118
25	48 50 60 92 124 146
7 88	15 27 33 41 43 45 71 81 89
10	6 36 51 83 153 165
36 195	15 16 27 32 38 41 68 77 78 84 86 87 91 116 154 159 189 204
19 22	15 24 27 57 85 100 102 142 150 151 159 169 175 239 254 326 447
6	24 28 30 32 85 87 202
48	23 41 61 72 91 109 137 184 185 226 227
95	54 94
7 15 54	27 38 41 42 44 49 50 67 140
8	531
290	1 15 16 27 28 32 54 64 89 94 101 140 246
3	259
232	16 41 68 116 160 189 210
27 109	107
48 113	1 8 16 32 33 38 49 50 54 59 67 88 94 148 529
1	41 78
1	120 234
15	27 28 30 81 85 87 118 150 197 207
44	16 24 27 68 116 347
25	9 95 297
1	15 27 66 68 89 347 386
125	48 95 124 125 200 225 243
80	27 135
2	15 27 111 118
57 68 90	15 16 18 38 41 67 71 80 85 89 101
114	7 25 28 33 54 61 94 298
17 24	15 27 85
0 54	15 17 25 26 27 45 49 50 56 59 60 103 127 228 248
1 9	8 71 264
33	8 10 15 16 25 78 81 84
30	15 18 24 27 28 41 57 78 91 99 109 116 149 160 187 282 348
7 11 25	2 49 67 74 78 89 103 297 374 375
255	15 27 41 51 80 85 89 142
117 256	15 83 118
0	15 17 23 27 71 142 161 300 301
59	88 463 464
17	10 51 154
53	15 27 41 48 60
18 27	16 68 89 118 136
36	15 27 28 30 83 91 116 118 185
96	27 41 66 248 252 274
36	90 185 239
50	11 28 83 87 187 348
0	15 25 38 89
89	73 171 200 242 243
59 99	0 15 16 67 151 180 181
1 37	15 17 41 80 89 90 93 101 111 112 116 118 120 143 180 181 186 295
15	100 102 206 238 305
27	102
20 36 42 116	16 18 26 27 41 57 66 68 78 91 109 135 136 138 149 160 184 185 210 227 250 257
59	15 27 38 44 51 67 100 102 156 161
229	27 38 41 54 67 80 90 435
68 264	15 26 38 45 49 89 101
181	9 11 12 45 57 80 135 178 256 295
67	27 83 116 118 135
36 291	15 23 64 68 72 116 137 149 160 184 185 223
17	15 27 41 45 57 71 107
27 109	9 16 28 32 41 68 87 116 189 219
15 66	15 24 28 30 51 120 182
1 87	2 6 7 15 38 44 46 80 101 103 155 161 230
6 9 18	15 16 52 89 118 189
0 14	12 15 26 45 46 67 112
54 68 90	15 48 50 58 60 96 124
6	16 67 101 388 393 411
207	12 85 96 206
55	24 27 32 33 54 80 85 90 94
117 132	15 16 38 41 54 90 116 118 133 143 203
37	15 17 27 77 78 204
57	60 94 153
4 12	41 66 160 291
6	16 38 45
53	39 48 50 54 60 83 85 96 124 165
59	15 76 88 133 218
125	16 34 37 54 94
1 68 156	15 23 295
6 92	28 75 77 124 343
6	15 24 28 30 32 78 85 87 118 150 156 207
0	6 15 17 27 32 38 41 51 61 67 71 80 94 161
113	1 6 15 16 32 33 38 54 68 80 94 148 300 301 349
25	15 25 38 44 49 54 67 206
15	37 38 100 102 195 506
52	60 96
110	15 69 78 120 206
29	0 8 9 10 12 15 16 25 38 54 90 94 298 299
53 57	25 33 40 48 50 54 60 67 96 100 102 107 153 190 228 288 295 386
1	100 102 169 194 206
1	12 15 26 45 80 100 102 178 366
1 99 142	15 90 100 102 111 118 295
56	0 8 15 27 28 41 44 49 50 67 76 88 89 144 159 200 264 350 390
6 9 59	46 53 179
32	2 3 5 7 16 32 38 68 71 202
0	7 15 25 38 41 45 46 49 89 101
80	88 179
13	143 169
50	76 83 100 102 146 180 181 192 206 281
6 46	12 16 91 103
1	15 95 108 322 366
18	118 174 204 304
17	15 17 38 67
67	3 5 28 54 80 91 94 149 203 524
260	15 17 24 27 85 307
0 8 9 17	10
9	6 12 100 102 164 272 295 335 366
68 90 93 292	15 27 41 45 251 437
1	15 27 161 404
20 42	63 98 106 109 136 149 160 226 227 283 285 398 427
15 22	6 15 17 24 27 30 33 68 69 78 80 81 85 94 108 116 120 150 176 182 197 207 307 317 557
63	44 67 100 102 112 206 208 259
49	12 66 409
43 80	23 94 346
0	41 78 83 100 102 114 116
34	54 172 202
49	34 37 83
25	60 118 124 173 186 200
16	1 2 4 6 16 25 33 39 41 54 71 80 94 101 156
19	11 15 68 83 89 107 135 137 327
50	38 54 67 90
0	0 10 16 32 38 54 68 71 298 299
17	15 16 27 68 71 103
66 80	16 27 76 111 113 115 133 386
91	15 16 41 57 66 98 116 138 160
78	15 16 17 18 41 77 78 116
6	62 63 116 149 160
94	27 448
233	16 17 32 101 200 340 384
14	15 16 17 18 23 29 38 41 100 102 118 136 189 234 295 366
0	16 27 32 59 89 91 101 148 162 180 181 384 492
0 64	0 2 6 15 17 38 54 71 80
130	15 16 32 41 64 75 83 108 116 118
24	75 89 111 116 120
41	16 41 83 89 118 161
54	32 94
32	9 38 73 103 124 131 335
228	15 16 17 71 76 78 311 506
25	8 38 53 67 89 101 111 297
34 68 90	67 171 180 181 213 214 446
103	109 149 190 226 227 250 258 278 279 329 330 332 504
80	88 287
9	8 38 49 88 127
95	27 68 71 135 160
48	8 9 13 15 27 38 54 64 71 94 135
6 68	15 16 52 89 189
6	15 64 116 118
0 5 7	15 67 78 83 118
29	20 154 219 309
255	18 27 41 83 90 100 102 116 118 295 366
15	27 30 41 51 67 111 116 120 383
25 183	0 8 16 49 54 58 60 80 103 122 124 126 130 243 321
124	40 190 215 293
49	0 15 17 24 27 32 54 68 80 85 94 116
25	206
75	50 126 130 243
30	447
7	15 16 54 94 228
0	15 27 75 80 81 118 187 282
89	0 15 33 36 52 54 61 94 99 101 155 210 215 303 304
0 22 54 78	7 15 24 27 42 85 254 275 422
13	162
6 223	16 32 54 275
0 1 7	7 15 25 44 45 71 386
6	15 27 28 30 68 89 116 135 218
54	11 15 16 26 37 38 46 50 53 54 67 89 94 101 203 362
6	16 27 41 80 111 117 120
21 35	2 12 15 25 46 54 80 85 119 121
27	53 78 84 92 95 107 118 119 143 186 216 238
127	16 84 118 219
15	15 30 33 41 54 111 116 118 414
5 50	15 38 44 66 68 71 112 234
117	17 38 80
54	15 16 37 41 50 90 100 102 116 203
60	87 361
181	27 28 76 135 208 218
60	15 32 68 71 84 87 204 353 354 355
24 48 136 210	32 33 37 54 60 73 83 90 124 142 153 165 186 298
1	10 15 16 38 41 67 112 180 181
0	15 16 25 32 41 71 90 116
95	28 87
53 57	15 39 48 54 60 83 124 153 165
0 17	15 16 83 116 118
6	28 30 111 116 207 283
35	88 134
0 1	0 6 24 33 54 80 94 100 102 240 265 404
6 15	8 15 41 80 85 118
19	24 27 57 116 160 211 223 239 247 250 251 367 368
59	15 24 25 27 44 76 85 116 135 218
208	16
46	323
7	15 44 147 447
79	3 5 17 61 178 300 301 387
10 11 49	39 48 85 124 173 186
1	15 100 102
45 199	50 127
27 109	95 186 293
19 20	567
72 119	55 61 83 92 94 95 165 243 258
24	15 16 30 51 118 180 181 492
37	67 117 118 180 181
4	7 15 27 147 164 272
54	8 13 15 24 27 38 78 80 85 156
1 4 14	12 66 100 102 103 240 256 278 279 295 366
22 41 60 107	15 68 77 78 87 116
44	11 15 27 37 54 116 252 315
0 11	15 37 51 83 85 89 100 102 118
1 19 27	74 107 295
14 44 206	11 66 67 107 112 136 138 157 189 256 272 347 370 437 438 633
160	9 90
1 15 99	15 24 41 83 85 90 100 102 118 295 366
63	8 9 38 44 67
6	67 83 118 206 309
25	204
13	48 60 73 78 169 171 186 280
50	60 206 293
27 109 114	11 92
91 121	30 41 75 83 84 108 118 119 188 379
26	18 41 69 83 90 100 102 118 120
89	168 192 281
1	15 18 37 38 51 295
144	16 27 41 68 77 83 89 91 110 116
66	15 83 117 119 233
68	10 16 32 68 153
0 1 22 37 55	15 18 23 24 29 37 51 69 85 100 102 240 254 404
66	22 78 280
68 90	7 15 25 54 68 71 94 99
15	8 15 24 27 38 43 66 85 156 248
19 195	15 16 18 24 27 41 57 63 68 108 116 136 458
64	15 27 41 45 51 85 177 251 252
15	30 41 96 116
55	16 33 46 90 304
29	48 73 169 171 369
32	2 3 5 6 80 101 103 153 155 230 294
0	230 634
15	15 27 41 51 85 118
68	12 15 27 41 46 66 160
6	15 16 61 89 90 111 118
66	15 27 30 31 81 116 176 316
293	8 9 16
200	15 16 68 284
21	0 7 15 16 32 41 54 57 61 85 89 90 136
49 80	15 16 27 37 38 54 83 116 184
7 53	48 60 73 83 96 153 165 312
54	8 192 281
127	17 77 169 365
42 58	15 16 18 27 32 41 68 106 136 210 211 227
0	48 60 83 94 153 165 300 301
1	23 41 77 189
92	126 265
6	18 27 57 91 100 102 110 135 139 148 210 277 327 398
64 66	18 27 30 38 41 54 57 80 83 89 90 110 116 118 143 148 184 203 228 295 562
15 17 24	101 180 181 239
17	127
31	84
15 24 91 121	75 78 81
72	8 15 38 67
15	78 84 116 156
80	8 14 30 31
7	197
112	25 44 71
17	14 15 24 30 31 71 272
43 68	23 143 169 186
1	15 17 27 45 76 178 256 295
0	37 108 284
53	48 60 96 146
7	16 28 41 78 85 100 102
20 83	68 112 149 239 326 371 397
6	16 41 78 108 284
6	15 30 68 80 89 118
48	15 28 32 46 54 94 148 333 334 349 471 476
15	15 27 28 30 41 85 86 116 135
41	27 28 65 68 75 77 85 86 118 135 144 218 501
28	7 15 25 27 37 38 54 83 90 100 102 116 118 133 203
20 21	18 27 109 135 149 160 210
1	12 15 23 29 41 78 80 85 189 295 386
59	16 67
6	15 17 89 101 219
54	8 27 30 41 71 80 83 93 111 118 143
54	50 60 124 159
6	16 41 51 61 108 116
103	15 16 24 27 32 68 85 87 89 116
7 12 51 57	2 42 49 59 103
25	41 83 89 297 324 374 375
177	28 91 116 137 185 186 187 316
99	18 23 27 45 51 100 102 177 251 295 366 429
291	76 179
36	0 15 28 32 33 54 61 71 94 161
0	18 27 53 91 109 135 184 185 226
68	15 147
8	8 15 38
76	40 48 60 73 96 143 173 190
85	11 15 38 51 64 71 85 112 202 223 326
15 93 99	15 16 25 41 45 54 57 74 77 107 437
27 109	8 16 27 30 41 51 71 80 93 111 112 118 143 191 206 295
6 15	16 40 67
99	18 27 41 78 100 102 116
25	2 12 49 67 71 76 103 506
16	16 33 341
54	13 39 56 57 83 85 153 250 422
93	12 15 17 23 24 27 29 46 80 100 102
34	11 16 27 91 109 185 227 301 332
1	12 15 41 85 95
1 48	0 15 37 51 85 89 142 161
115	155 213 214 292 350
127	27 41 107
7	15 27 37 41 44 67 78
294	60 100 102 124 243
6	24 28 30 32 33 68 78 84 85 87 150 207
37 99	27 41 77 404
43 80	27 116 133 135 161 193 195 255 495
1	15 23 24 27 29 85 100 102 114
0	4 341
55	76 90
43	27 38 100 102 113 115 135 195 494
6	15 41 45 116 118
52 117	96
1 55 58 76	15 18 24 27 37 100 102
54	16 24 32 39 68 89 189 246 248
54	0 48 50 60 83 155 362
6	78 280
29	15 16 32 56 87 137 189 210
62	15 27
11 14 252	15 27 44 68 85
0 1 7 14 55 78	15 16 17 24 27 28 30 32 33 37 41 71 80 85 89 101 108 116 118 203
17	12 15 27 45
112	15 48 50 130 144 239
112	41 83 85 96 116
16	33 60 67 125 173 186 257
74	16 31 33 60 80 89 119 120 121 219
0 7	7 15 37 67 71 89 101
124	0 8 9 15 25 36 37 54 94 258 303 304
0 76	46 49 50 54 56 89 161
15	15 75 83 84 87 116 118 119 121
68	15 26 27 41 45 161 211
123	472
80	15 23 44 67 71 76 203 208 218
0 3 5 83	12 16 18 41 71 83 89 94 112 147 180 181 203
27 109	210 635
6	16 53 83 89 118
74	41 75 78 83 120 187 191 207 305
77	48
35	83 118 163 187 226
12 36 50	106
0	15 27 30 37 41 51 100 102 116 118
1 12 51	478
21	15 16 41 116 275
6	84
1	13 15 17 24 27 37 38 80 85 100 102 122 198 240 254 272 366 518
60 91	17 21 24 87 206 207 244 534
23	15 88
6 15 24 45	67 120 158 221 236 421 484
66	51 75 78 81 85 119 216
0	16 32 37 83 90 94 215
89	9 73 243
15	8 9 17 67 69 78 87 120 162
6 105 163	2 4 13 16 33 54
42	15 18 41 57 91 106 109 110 135 137 184 185 226 227 258 327
235	48 73 95 124 171 200 335 460
11 51	15 24 38 68 71 85
1	256 294 636
91	73 124 131 147 242 306
30 127	112 146 314
5	15 32 38 39 71 85
9 33	6 15 16 41 45 71 76 151 189
15	15 85
199	16 25 27 78 89 101 180 181 492
67	0 1 4 15 16 25 28 32 33 39 40 48 54 60 73 78 85 90 94 98 110 124 153 171 173 203 204 215 250 461
106	15 41 66 68 116 160
0 11	15 17 24 28 30 61 81 85 94 116 135 150 197 207 239 317
0	28 54
25	78 374 375 448
7 115	10 12 16 51 89 151 155 202
59	67 76 88
6 23	16 32 68 108
48	148
44	15 24 38 51 71 251
17 24	15 31 51 147 176 316 404
260	15 16 18 41 89 189 295
41	30 51 60 73 75 77 78 85 119 120 216
114	69 111 118
208	53 270 448
15	86 120
3	6 15 32 54 80 84 119 121 155
1	0 12 15 17 23 27 29 100 102 161 178 189
72	44
1 12 15 17 54	6 15 40 42 58 67 86
63	38 45 49 89 101 203 208 229 396
0 7	7 12 15 25 38 44 46 71 89 101
15 24	15 16 24 27 41 64 68 81 84 87
56 199	15 16 38 41 45 51 54 67 85 100 102 111 161
43	60 193 195 218 346
80	538
9	8 38
18	15 16 53 106 107 112 137 189 239 438
50	2 15 16 41 60 64 71 213 214
103	15 71 101 156 239 311 592
18	16 118 349
11	8 13 15 38 41 71 80 85 156 275
55	48 96 157
1	8 15 85 272
1 165 199	15 71 80 180 181 336 411
125	8
123	15 27 41 75 77 83 91 92 119 163 216 226 227 283 394 434
6	10 15 16 41 89
123	8 9 16 17 38 54 219 286
9	0 32 142 148 270
176	25 67
9	11 27 30 71 85 159 309
54	39 54 61 94 96 296
1	15 23 37 46 142 161 295 366 433
25	48 375 428 572
1	0 15 17 23 24 27 29 37 41 54 80 85 100 102 116 161
80	15 16 88 89 116 134 179 324 637
6 17 28	75 78 83 90 111 118 120 124 133 163 169 182 187 204 250 275 282 380 423 447
18 61	8 11 16 89 90 110 112 118 369
150	15 16 18 41 66 239
9	0 15 16 68 71 202
12 91 121	15 44 69 135 148 208
0 8 9 33 170 172	8 9 12 15 38 46 48 50 67 88 124 130 362
12	8 44 67 76 88 208 553
106	10
0 16 77	225
37	17 23 27 37 85 100 102 114 142 161 295
7 12 17	27 41 83 108 135 160
51	15 16 27 37 66 85 103 177
1	75 88 92 119 216
1 9	0 15 26 66 80 178 184
0	78 83 85 96 165
99	15 38 45 46 67
10	15 26 66 262 347
8	15 16 38 41 68 71 85
49 54	37 41 54 83 94
77	0 2 3 5 6 15 25 46 80 490
19 42	77
117	3 5 15 17 25 49 78 85 103
57	27 37 41 50 54 56 60 61 78 83 91 94 96 118 148 153 174 211 434
1	124 206 207
125 158	67 306
21	77 78 83 91 106 108 187 238 394
1 6 53	83 85 165 186
17	0 2 3 5 6 15 44 46 80 155
85	16 77 78 83 92 119 121 180 181 187 305 450
46	8 30 41 111 118 186 206
60	15 41 75 83 116 118
0	17 27 85 116 120
1	37 41 100 102
127	30 51 68 78 89 93 119 180 181 216
124	9 124 130 171 243 335 485
0	78 111 118 120 316
5 14 50 63 68 95	44 71 208 396
7 54	48 49 50 60 96
64	18 41 54 109 110 146 238 258 429
92	16 17 67 78 91 101 111 120 150 156 162 191 198 207 277 284
22 37	84 114 132 198 207 220
25	8 16 33 38 40 101 375
15 54	93
25	60
0	0 2 9 12 15 25 33 38 54 94 109 110 142 148 149 246 298 299 333 334 341 349 529
95	2 15 16 69 71 89 228
85	15 41 556
9	8 10 25 38 44 248
123	219
48	83 88 165 238 362
0	7 12 24 27 41 51 69 78 84 119 207 218
54	7 15 16 27 41 46 54 61 133 135
1	18 27 38 54 80 81 100 102 153 160 256 386 404
150	27 44 98 126 144 239 250 252 253 341 386 498 530
6	206 306
87 108 195	14 15 27 81 84 116 160 223 247 317 387 576
54	16 50
43	23 287
1	15 41 71 112 180 181
57	15 16 37 38 54 59 89 90 94 101
117	99
1	51 85 96 129 153
17 80	15 68 75 88 89 92
74 95	75 77 78 116 120 191 307
1	1 6 39 40 42 48 50 58 124 153 159
66	255 309 403 513
14	12 15 38 71 85 248
29 48	0 9 16 32 38 68 71 83 87 89 116 136 137 239
10 11	15 24 51 54 71 89
6 118	51
98	36 256 258
44 206	8 16 23 30 38 51 76 83 116 180 181 219
170	15 17 23 25 38 44 45 49 67 71 80 386
113	16 27 68 135 148 160 246 300 301
15	15 24 27 41 45 84 85 116 147 248
1	15 45 69 85 120 164
19 20	98 136 285 371 397 398 503 530
7	8 19 21 60 75 264 343
6 43	15 16 17 24 25 27 28 33 67 80 85 89 118
15 107	15 30 67 87 120 150 156 162 169 191 197 207
0 11 21	15 32 54 94 101 116 275
14 24	15 38 41 71 156
0 7	15 41 45 99 414
9	23 41 66 68 151 166 189 295
1	12 15 18 23 100 102 366
6 15 70	18 27 41 77 78 83 110 116 119 163 171 216 226
255	27 45 46 51 177 252
9	15 26 27 49 66 68 103 189 256 295
0 1 11 49	15 17 27 37 38 80 85 100 102 161 254 404
63	296
117	81 83 96 165
0 1 11 49 55	7 30 38 80 85 100 102 161 212 265 347 370 404
1 59	28 37 54 80 90 108 118
1	41 100 102 160 180 181 483
0 1 11 55	0 2 3 5 6 15 33 54 80 230
41	8 15 88
28	280 316
27	15 24 25 27 28 41 51 71 85 116
0 11 155	15 16 17 24 27 32 38 51 54 71
12	23 452
99	15 24 30 85 118
82	15 17 27 28 30 38 41 71 81 85 87 182
51 54 57	48 50 56 88 126 159 246
30	15 16 30 41 51 85 116 118 163
27 30 109	16 18 24 27 32 52 57 84 116 180 181 185 347 370 450 496
6 15	15 100 102 124 144 158 206 240 244 633
1 99	15 18 41 161 295
1	15 24 38 41 80 85 118 257 295
6 163	41 83 108 116 118
53	39 40 41 54 83 153 165
0	15 25
1 99	15 18 45 46 51 143 227 251 295
64	15 16 27 38 41 45 46 51 67 83 85 88 89 161
0 71	37 40 48 60 83 118 165
29	116 247
33	25 33 46 90 107 298 602
6 28	117
50	73 100 102 192 206 281
24	15 41 51 85 119 207 233
11 105 155	15 28 100 102 186
0	16 32 190
31	16 24 32 52 68 84 87 116 185 203
1	6 15 18 23 24 29 38 41 45 85 118 127
124	48 60 73 124 243
1 46	17 100 102
15 24 41	8 15 24 27 28 32 44 78 84 85 87 150 207
41 104	15 24 27 30 41 51 75 77 78 83 84 108 114 116 117 163 164 165 197 207 280 383 414
7 54	15 17 78 85 118 161
14 51 66	30 66 67 156
33	8 15 21 27 41 116 150 197 207
10 80	94
15 24	15 24 27 30 41 69 75 77 78 81 84 85 87 116 119 121 182 197 207 216
17	37 39 60 83 85 96 118 143 165 173
128	100 102 240 297
15	30 33 41 80 207
99	119 233
6	15 17 24 27 28 30 78 84 85
142 195	51 63 149 227 371 397 527 582
1	100 102 160 180 181
123	15 17 182 219
6 104	15 24 41 69 84 116 118
0 7	12 15 25 27 37 38 46 54 71 89 101 148
0 5	16 17 18 27 71 78 80 89 101 112 116
50	54 76 94 146
80	15 85 86 99 268 275
132	16 37 39 48 49 50 54 59 60 61 78 80 83 91 92 96 107 108 120 153 165 298 299
66	16 27 30 32 41 78 85 284
6 117	8 15 16 32 42 51 68 69 78 116 202
125	15 16 127 307 362
1	51 85 172
25	2 103
6	23 52 72 189
78 117	15 16 27 38 54 90 118 133 143 203
1	6 12 15 16 23 29 66 80 89 116
0 177	118 143 186
110	471
80	17 23 27 76 135 346 463
1 146	13 17 27 80 100 102 142 271 287 351 387 411 447 454
6	15 16 67 90 484
6	8 15 17 33
1	15 37 100 102 240 256 295
55	0 1 15 24 32 54 80 81 94 153
6	27 77 78 83 119 187 216 450
6	16 30 51 53 107 111 116
1 15 24 43 99 195	15 27 35 60 75 77 78 83 84 87 119 121 131 176 191
54	0 15 16 24 27 28 32 33 40 46 54 85 87 89 90 94 116 156 173 203
53	39 50 60 83 124 153 165
7	8 9 15 69
12	12 41 43 45 248
0 7 11	44 55 67 71 76 208
54	8 50 67 85 124
91	16 24 30 77 79 81 82 87 119 121
7 11	10 15 45 51 161 248
104 105	15 53 75 118 119 164 216
64	18 57 91 210
74	17 41 45 67 116 119 142 161 216
1	25 178 295
53	15 16 24 27 41 42 116
8	10 45 51
25	100 102 168 192
25	50 58 60 67 73 124 130 155 171 200 305 309 335 360
0	2 15 32 33 38 39 44 46 48 49 50 54 58 80 85 94 124 130 254
24 56	24 85
1	12 13 38 45 80 103 156 212 248
6	24 30 69 78 207
144	6 130 579
80 84	0 6 15 16 25 32 54 61 94 138 161
19 20 228	16 24 32 76 87 637
105	1 17 32 47 52 68 95 215 219 311 481 511
48	27 41 45 48 85 148 211
29	15 20 151 219 326
49	7 17 23 32 80 85 100 102 161
123	83
7	15 37 38 41 46 89 101 116 142 161
6	8 9 16 38 49 219
48	48 88 124 255 403
114	18 106 109 185 226 227
6 223	16 89 101 151
8	48 124
6	15 41 116 118
135	39 48 58 60 83 127 165
19 42	136 402 443 504 527 528
94	16 32 33 78 85 173 186 187 204
6	16 30 53 107
110	8 53 88 127 209 246 264
17 45 104 110	8 21 60 78 221 264 421 484
1 12 55	6 7 15 23 24 29 80 85 100 102 161
44	18 66 109 110 184 226
43	24 27 30 41 69 76 78 84 114 116 118 316
1 132	21 127 131 158 243
83 98	36
68	15 16 17 36 37 38 41 54 59 90 203 258 300 301
36	48 60 75 83 108 111 118 124 143 318
59	15 38 44 67 76 316 506
25	2 44 67 78 89 94 103 133
3 7 14 33 44 45 87	12 16 26 71 112 203
99	10 45 185
1	23 29 41 80 86 189 278 279 366 386
295	47 481
99	15 27 100 102 161
0	27 116 135
78	16 116 219
17	12 15 27 38 41 45 85 89 101 161
94	16 66 189 239
15 41	17 78 116 120 162 191
11	41 83 116
1	15 23 29 100 102 133
117	94
25	33 88 131 277 293 309
11	15 16 17 83 111 118 143 186
1 216	9 15 41 68 84 87 91
15	27 41 78 116
6	108 119 147 216 277
59	27 108 116 135 189 218
67 149	7 16 28 32 63 78 101 154 239
15 41	15 41 51 85 116 118 160
0 1 55	50 148 152 638
67	15 40 54 61 83
6	15 16 17 68 89 116 118 314
1	6 9 12 15 24 38 44 54 67 80 85 116 130 156 161 207 212 254 500
1	16 66 68 138
59	27
193	0 6 25 32 33 36 54 94 270
25	16 33 36 60 67 83 120 206
103	16 68
14 44	8 21 48 124 127 264
6 15 105	30 41 51 78 83 111 116 305 424
127	0 17 54 286
1	41 73
68	12 15 27 38 41 45
115 117	116 180 181 621
3 57	0 38 39 80 138 159 263 385
1	15 66 91 103 138 212 295
107	28 32 44 78 87 120 207
53	37 40 143 173 190
1	15 37 51 74 85 295
1 43 80	23 27 113 114 115 133 386
27 109	16 32 52 68 83 89 189 263 314 385
20	23 24 72 197 262 347 371 387 397
44 142	16 27 41 57 91 106 109 116 135 160 185 247 283 291 327 372 373
80	15 27 30 51 75 116 135 218
99	15 51 83 116 185 251
52 183	48 50 60
0	83 156
9 18 62 64	15 16 33 83 89 111 116 118 137 189
0 204	16 54 68 116 153
27 109	9 32 89 108
6	38 75 78 89 116
38 45	8 15 21 24 69 120 158 162 191 197 207 221 264
13 57	16 39 54 61 83 85 91 94 96 108 118 153 165 175
134 244	220
64	11 54 116
9	15 27 41 45 295 437
19 142	15 16 24 27 41 57 91 106 108 116 136 149 159 160 210 211 283
6	15 16 17 67 78 89 120
50	180 181 206 495
1	10 15 18 51 100 102 178 295 372 373
16 52	125 126 242
1	12 15 38 46 66 76 80 138
99	15 38 41 51 85 111 251 252
11 25 44 45	15 16 18 32 41 45 51 89 116 136 251
17 58 76 95	38 71
6	119
57	0 6 155
1	198
80	218
6 37 51 57	2 4 6 12 43 46 49 153 155 344
52	6 15 17 39 40 50 57 60 80 85 86 144 153
27 109	68 83 87 89 118 169
32	2 23
9	10 15 45 80 86 367 368
149	16 68 151 162 191 350 384
25	32 59 107 112 124 369
15	67
37	15 18 37 100 102 178 183
1	12 18 23 24 27 29 32 66 205
23	124 192 281
199	18 23 45 118 251 366 429
107	85 120 124
66	45 147
123 127	73 78 153 171 200 215
43	90 95 164 187 247
53	48 50 60 77 86 156
124	171 225
44	11 16 37 41 252 315
0 135	15 24 25 89 101 116 405
28	15 16 51 83 89 251 275
6	15 16 24 73 77 119 121
208 284	107
68	10 27 41 44 51 67 178 422
80	85 108 116 208 218
20 42	10 16 27 41 45 57 109 149 258 283 327
20	0 15 16 41 103
6 44	12 17 26 27 36 38 44 54 71 89 101 116 239 300 301
11 155	7 15 16 25 28 33 37 41 54 68 89
135	8 15 24 27 41 66 68 116 150 160 207 300 301 316
37	49 83 87
0	15 17 68 71 101 148 228 476
36 80	27 135 160 437
104	30 41 51 83 119 164 216
48	16 23 27 29 33 116 346
25	25 67 74 77 78 156 375 422
55	15 32 33 90 298
17 46	6 10 16 38 44 67 91 212
52	8 19 21 27 33 41 60 116 127 158 264
6	16 27 32 41 52 189 251
29	16 32 87 116 160 184 185 189 204 285 290 372 373
37	73 85 137 171 200 202 275 285 309 316 340
0 1 6 7 15 17 21 66	15 24 28 30 80 298
77	48 60 73 77 78 90 124 171 186 200 206 383
57 111 117	15 101 108 118 151
117	83 85 96 165
80	23 27 76 120 218
0 11 76	15 17 27 28 32 54 80 94
9	15 189
261	15 41 71 116 119 233
6	16 78 88 89 101 134 159 179
6	16 23 32 68 72 87 108 111 154 223
36	9 28 38 54 61 71
29	0 38
31	185
42	18 63 211 223
6	15 51 119 233 414
14	15 27 41 49 71 78 116 203
76	3 5 16 32 54 59 94 101 211
1 12 44	8 15 26 38 41 68 71 76 85 89 112 150 207 264
0 83	15 23 25 46 49 74 103 120
14	15 27 38 40 41 54 67 80 83 144 153 165
7 66	8 21 48 60 78 119 158 216 221 264 421 484
15 22	24 27 30 41 84 116
43	16 17 27 32 68 78 89
54	32 39 42 50 55 90 140
118	24 27 28 30 54 71 78 150
40	15 41 64
37	13 189
160	88
6	27 38 87 171 202 350
49 51 57 112	17 37 38 46 100 102 161
20 44	16 27 30 32 41 71 77 78 83 91 94 112 119 120 203 211 216
135	16 18 41 54 83 91 106 109 116 137 185 238 316
6	15 68 89 135
21 37 67 132	16 32 39 68 89 94 136 189 316
37 54	13 17 48 58 80 401 422
130	15 16 41 83 86 311
1	8 15 38 85 86
99	18 71 76 100 102
5	15 17 24 30 78 81 84 87 116 182
54	40 41 48 73 83 96 153 165 309
123	9 15 38 89 137 160
56	15 24 54 87 100 102
1	10 15 23 24 26 29 38 45 46 71 76 80 212
0 7	11 18 26 37 46 116 315
104	15 51 75 84
25	8 16 27 38 44 67 71 89 118
1	321
50	1 60 192 250 311
36	60 75 92
6	119 121 187 455
170	8 27 48 60 228 264
15	15 75 78 81 118 280
1	26 624 640
8	10
25	270
15	8 15 67 68 69 86 89 116 150 156 197
1	15 95 108 366 431
1 6 15 41 53 67	60 83 108 159
1	15 17
124	100 102 243
0	6 33 37 46 96 186 298
106	10 17 38 116 136
43	17 27 78 85 120 135 183 218
15	15 27 41 83 106 118
19	15 16 42 57 68 86 110 137 144 185 203 210 211 239 262 371
80	16 17 27 30 41 69 78 89 118 136 187 191 197 207 348
17	8 27 36 45
107	13 28 87 127
1	12 15 23 24 37 100 102 108 147 161 295 366
1	15 37 79 80 82 100 102 161 230 256 295
54	8 48 195
6	8 78 119 120 158 197 207 216 264
44	8 9 10 12 16 38 136
6	8 12 15 38 49 89 101 219
25	15 16 27 32 41 68 87 89 108 116 204
1 55	16 54 85 90 95 96 362
0 23 43	15 16 32 41 68 89 114
1 80	15 23 27 76 80 142 295 300 301
12 21 36	7 9 28 33 61 203
52 53	60 124 206
0 6 22 95	206 280 299 305 527
0 7	7 15 25 44 46 89 386
0 15 55 66	16 27 57 86 91 160 185 337 358
16 53	48 124
64	15 24 27 28 30 41 89 116 150
47	8 19 21 60 78 124 127 158 264
0 5 83	11 12 16 24 27 32 38 41 68 71 87 116 161
29	24 25 63 116 151 189 219 223 505
104	60 180 181 305
0	6 33 90
123	2 8 24 28
1	24 27 223
91	77 78
82	44 46 83 85 87
6	16 51 78 111 120
1 15 24	24 69 118
0 1 11 155	4 15 392 394 481 535 562
0 1 7	0 7 15 18 37 80 89 90 101 116 295
1	15 75 78 307
1	39 40 75 78 86 153
0 12 57	15 25 46 48 75 78 88 103 127 146 201 231 250 362 380
0 32 55 78 246	0 6 15 16 38 54 68 275
1	17 27 71 76 89 101 256 386
75 165 184 191 274	10 15 38 89 101
15	15 45 81 85
24	17 27 41 51 80 85 120 161 386
6 15 17	15 64 83 118
48	39 41 54 59 60 94 96 153
54	50 67 78 93 118 129 206
17	15 27 38 44 59 67 76 100 102 103 248
3 17 18 66 112 132	10 16 51 151 159 350
7	0 7 15 37 54 80 100 102 161
53	6 15 30 37 40 41 51 83 116
68	7 15 27 41 81 85
6 104	8 78 119 216
24	15 24 30 84 147 182 197 204
17 57	15 27 38 64 116 135 218
0	15 24 38 51 85
112	0 15 16 38 39 54 67 71 96 103
42	15 16 18 27 41 63 75 83 91 106 107 108 109 136 149 160 180 181 184 185 187 223 227 283 285 289 322 327 332 343 496 641
113	2 12 15 44 46 246
104	35 75 78 84 119 121 162 176 187 191
6	16 27 41 51 83 85 90 111
1	12 23 29 38 43 46 79 82 100 102
54	15 16 38 50 54 67 71 90
0 7 11	27 41 83 89 101 116
14 17 44 68	12 17 23 26 27 29 41 45 49 67 71 89 101 112 203
25	76 88
6 104	15 30 41 51 75 78 80 81 116 117 337
103	16 83 108 118 135 238
14 17 68	15 16 17 24 30 32 71 87 89 91 101 136 162 187 191 202 282
8	7 261
23	16 32 154
31	27 189
68	17 46 80 135 218 262
53	15 27 41 85 147
224	48 61
177	15 83 116
82	39 48 49 60 73 75 77 78 87 116 130 164 176 308 383 426
3 6 18 111 112 132	10 16 51 151 159 350
54 194	40 83 85 124 153 165 190 254
33	10 15 38 49 136 178 208
21	11 15 37 116 275 315
11 66	18 27 41 45 54 57 149 178 185 210 227 239 250 256
136	15 40 83 110 129 165 173 186 300 301 505
6	17 78 90 118 120 147 158 236
41 107	8 24 27 28 38 80 85 111
60	80 156
19 20	109 285 332 371 397 503
99 255	15 27 41 61 71 80 94 161
1 7	15 18 23 41 85 90 100 102 166 178 189 295 366 386
297	372
1	15 18 23 24 29 37 41 45 100 102 189 295
0 24 48 136 210	33 37 40 48 54 83 124 153 186 298
48	54 83 199 247
186 260	27 41 50 57 59 60 211
78	92
1 37	15 18 27 37 85 89 90 118
61	15 16 27 32 33 38 68 86 87 89 116 151 187 189 211 282
11	12 44 156
0 1	15 30 37 41 51 89 100 101 102 116 295
1 22	37 100 102
54	27 41 48 54 78 92 94
54 117	48 50
6	15 16 24 27 51 87 89 116
12 49	7 12 32 89
38	16 27 30 32 39 51 85 148 156 275
1	18 78 85 366 404
0	15 90 96 203
17	16 32 41 45 89 177
260	28 316
1 24 99	15 18 24 187
1	100 102 180 181 198
0	15 46 48
195	14 15 24 27 62 116 150 160 197 247 250 291 347 370 387
6	15 41 83 89
124	1 2 4 15 16 27 32 54 97 133 212 316 387
136	16 32 33 54 61 94 133 136 172 186 312 443 547
132	0 3 5 15 41 54 80
15	15 24 78 87 144 156 169 204 284 350
54	85
11 68	37 38 61 90
25	124 280
18	53 249 448
127	15 16 24 25 41 68 71 84 116 160
0 1 21 49 55 78 146	0 6 100 102 256 295 433
78 100 292	11 46 74 89 387
0 11	15 30 51 83 118
1	15 27 43 85 161
82	8 15 24 27 38 51 80 85
136	0 15 16 28 32 33 37 54 60 61 73 94 103 107 108 117 118 171 173 185 186 200 203 311 318 448
20 42	15 16 18 24 57 61 66 106 109 116 136 149 160 210 211 223 283
27 109	15 16 24 27 32 38 68 77 78 84 87 91 116 136 154 159 189 204 223 404
1 80 99	24 27 60 77 83 87 135 204
17	8 10 16 17 36 49 80 89 101 202
3	60 124 190
0	0 6 15 32 46 90 94 116
25 50 67	15 38 54 57 83 90 91 110 133 135 143 178 179 184 185 203 208 210 324 637
28	89
73	124 487
6	15 27 67 78 89 101 120 156
105	15 147 278 279
3	12 15 37 38 44 46 67 99
0	6 15 32 90 155 298 299
55 88 193	0 8 32 33 46 54 90 94 127 299 573
124	15 16 27 41 68 95 97
54	6 15 39 40 48 57 60 96
11	15 16 26 68 71 89 136 203
83	2 15 16 26 54 67 76 80 101 103 212
25	124 239 255 492
18 61	118
57	15 17 27 55 59 67 100 102 112 208
6	78 143 173
44 57	41 211 219
172	92
18	0
6	9 89 101 219
132	54 124 186
74	16 38 67 78 120 133 156
0 15 40	15 17 41 89 100 102 116 118
6 31 163	16 41 185 189
29 44	15 41 68 86 160 176 239
62 99	15 27 51 90 116 156
20	46 61 156
0 66	15 17 27 45 79 82 85 120 161
37 69	16 23 32 86 180 181 284 340 423
61	15 16 25 28 54 61 64 71 94 298 299
9 46 236	4 8 9 12 38 44 67 212
207	15 33 116 117 187 307
64	15 18 27 45 57 110 118 135 149 185 210 227 371
123	8 9 10 15 24 28 30 38 41 54 116 135 136 147 219
208 235	8 9 38
0	0 6 7 15 32 33 40 68 90 91 94 175
1	6 79 80 82 85 571
68	41 73
58 87 142	41 57 75 77 136 149 227 289 332 516
19 42 52 142	8 15 48 57 122 159
6	16 27 68 78 84 87 116 137 185
54	95 157 255 270 306 439
6	15 24 27 28 30 68 84 85 87 116 207
36 66	15 27 41 45 51 89 111 116 189
4 5	17 41 71 80 89 101 112 433
25	0 12 16 26 35 71 81 89 143 186 203
37 43	73 77 78 120 159 171
25	2 25 49 67 76 89 101 103 374 388
1	15 16 17 23 27 67 100 102 178 300 301
36	17 32 42 61 69 71 76 78 87 204
53	39 40 48 60 83 153 165 190
6	16 33 41 53 107 116
24	27 45 98 118 136 149 160 178 180 181 187 372 373
15 43	15 18 23 24 27 29 80 114 182 404
6 44 104	41 60 75 76 77 78 83 91 106 109 110 118 119 136 160 163 187 216 227 237 238 327 394
1	15 18 37 90 100 102 116 256 295
15 80	8 24 27 28 38 44 69 116 133 135 156 208
5 68 83 129 165 166	9 27 28 33 97 258
117	15 38 54 85
4	8 10
64	41 45 120 161
1	182
32	12 15 41 46 66 177
80	642
68 77 160	8 9 15 66 103 108 110 151 414
1	27 89 101 113 115 120 191
15 60	15 41 75 77 83 116 118 188
95	11 15 17 38 41 71 85
8	16 108 284
1 9 181 199 246	67 124 180 181 385
17 51	2 3 5 12 15 24 27 89 387
40	15 118 252
36	162
9	15 38 49 67 89 101
0	38 67 71 89 101 156
193	0 15 22 28 32 33 38 46 90 94 148 298 349 502
50	51
67 136 144	6 123 130
4	7 23 71 91 112 180
37 43	27 38 67 83 90 100 102 116 133 135 193 195
6	15 16 41 83 107 118
53	83 165 190
6 63	208
28	52 53 118 147
7	16 27 67 112
123	16 219 578
37	41 66 340
6	47 118
16	15 67
36	23 67 111 120 285
3	15 33 75 90 176 302 563
12 17	8 15 50 67 73 101 124 126 130 171 212 272
9	16 30 41 75 77 83 86 91 106 108 109 118 119 184 185 187 216 227 238 283
77	28 32 33 54 90 143 173 186
19 82	11 27 85 116 156 208 355
8	10 38 44 68 76 88 177
60	15 27 41 45 79 82 85 248
0 5	16 54 77 78 83 91 165 187 226 227 283
17 83	27 54 59 71 89 101 113 115 148 386
40 68	41 43 79 82 447
42 150	8 10 15 16 32 45 57 68 116 211
95	643
54	8 10 16 27 41 48 50 58 86 122 126 159 211
18 27 109	68 89 106 107 118
67	16 32 76 89 101 135 144 202 203
54	56
1	23 27 37 71 100 102 114 295 494
9	144
25	16 73 171 192 365
78	38 41
57	54 83 110 116 161 185 203 239 387
72	49 73 124 126 159 171 409
298	9 10 12 15 44 76
6 108	16
15	30 41 51 116 119 216
6	73 100 102 206 296
34 88	15 28
1 95	15 80 537
61 66	15 16 24 38 68 71 116
14	12 16 24 26 38 41 68 71 85
7	15 27 28 41 71 80 89 94 116 187 203 295
136	15 16 32 54 61 68 91 94 116 202 203 316 372 373
80 104 105	8 78 111
25	16 30 33 41 80 153
48	15 16 27 37 46 54 61 71 83 90 100 102 116 118
54	25 38 42 46 55 56 347 362 422
54	15 39 49 50 60 83 96 143 153
13	94 245
15	15 16 27 80 83 90 111 116 118
89	46 157 490
21 43 144	15 24 28 30 32 54 61 94 275 298
29	15 16 25 32 41 68 69 71 78 116
6	7 15 54 68 71 89 275
1	13 15 37 46 100 102 161 177
0 1 68	3 5 6 7 15 17 39 42 54 76 80 85 86 94 101 103 161 230
13 117 146 147 148 221	39 42 85 96
15	99
6	15 16 27 32 41 68 116 136 372 373
0 121	7 15 24 27 30 38 41 85
21	10 15 16 18 37 38 45 85 94 202 218 315 340
112	107
28 68	15 17 24 27 85 111 248
25	9 186
54	15 16 39 54 61 77 83 85 94 186 337
59	151 179
15	16 91 155 249 423
9	11 45 132 178 272 371 397
12 21 36	9 54 61 116
0 36 80 279	15 16 64 68 69 71 85
27 109 149	16 40 108 116 160 162 190 191 223 239 284 291 313 336 348 350 388 443
6	8 9 36 38 120 162
22	48 73 78 130 176 308 380
8	349
124	100 102 130 243
11 49	15 30 69 71 94 275
22 45 56	10 18 27 41 45 54 57 136 185 210 239 256
117	15 16 18 27 30 32 33 41 46 54 80 89 90 111 116 118 186 189 210 221 239 263 298 314 385
95	17 24 32 71 87 101
111	60 372 644
1	15 37 51 54 80 94 100 102
54 66	15 38 44 67
20 87 195	27 63 160 185 223 247 291 582
27	48 53 73 169 171 369 437
27 109	143 187
13	116 162 204
36	17 23 72
54	48 96 124 206
6	57 139 211
63 66	27 30 108 116 118 135 218
12	2 6 13 15 38 66 103
15	0 6 15 25 40 80 101 103
21	234
1 156	51 85 116
0 55	3 5 24 30 430 645 646
132	16 23 26 41 49 50 55 60 83 94 105 143 153 165 211 372 373 387
54 117 132	15 16 25 32 37 54 59 61 100 102 203 211
11 138	27 108 137 291 503
13	40 41 83 85 96 118 153 165 186
48	15 28 33 60 94 103 143 426
36	180 185 202
27	9 15 64 83 108 136
1	15 16 23 24 27 32 41 68 80 85 156 161
53 57	60 190 403 573
83	41 57
98	15 16 32 33
68	26 66 89 112 234
6	16 32
14 95	27 85 87
27 109	33 34 35 48 53 60 73 78 92 124 126 159 171 200 426
25	60 73 95 168 169 171 243 311
20 99	15 27 116
125 158	9 15 46 362
17 95	15 75 78 81 120 163 176 204
99	15 27 41 83 85 118
9	15 18 23 29 37 45 71 80 137 248 251 255
21 44	15 16 27 41 116
75	48 92
9	15 38 189
28 60	6 15 33 48 90 130
15	15 75 78
14	15 16 26 28 30 161 227
0 5 42 50 83	15 16 23 32 33 39 68 98 136 166 239 300 301 371 397 398 527
0	75 77 78 81
61	11 38 67 263
54	1 15 41 42 54 57 85 90 96 100 102 215 250
15 199	23 26 28 451
11 56	15 17 27 114
99	18 24 41 66 116 189
48	8 16 53 119 216
18 61	15 16 53 68 83 89 107 118 369
54	25 37 42 44 46 50 55 56 67 71 90 94 140 215 347 421
117	54 61 90
0 7 15	15 81 85 88
80	27 114 218 255 411 412 454 515 647
14 37 95	12 15 17 37 38 46 71 80 85 100 102
56 99	45
1	15 17 27 71 100 102 112 211 295 386
43	15 31 116 203 324 495
80	15 25 44 45 59 67 89 101 103
17	15 41 83 116 118
13	202
36	91 137 160 283 648
11 20 22 155	6 7 8 14 15 17 24 27 28 30 33 38 54 68 80 81 84 88 94 114 150 197 208 234 316 317 325
0	37 39 54 73 85 96 143 175
4	15 16 17 44 68 71 78 91
150	50 130 206 244
27 109	15 27 32 41 53 68 87 171 263 298
15 54	7 15 17 37 42 46 71 85 148
8	44 47
59 99	7 67
25	53 73 85 171 243
255	18 24 80 85 100 102 120 135
21 78	27 32 90 116 275
63	8 15 16 27 37 44 54 64 71 94 116 221
6 54	49 60 77 78 83 87 116 176 308 380 383 424 426
115	16 59 67 91 151 159 180 181 307
6	75 280 343
50	1 15 16 24 71 250 347
4 5 17	8 17
17	2 15 38 41 76 161
1 43	15 16 24 28 30 32 61 80 85 89 94 120 136 137 187 197
47	60 92 93 127 206
32	1 8 15 34 37 47
85	15 16 30 51 75 78 83 85 116 118 119 162 216
11	10 15 16 17 24 27 28 30 32 61 68 71 80 85 89 94 108 118 161
99	15 41 45 57 91 135
1 8 14 17 68 83	13 15 44 46 81 84
9	9 15 189
53	0 48 73 96 127
68	6 155 212
0 37	12 15 23 27 29 37 41 71 80 100 102 116
50	27 71 135 146 160
50	16 18 27 41 57 76 78 91 98 109 136 143 148 149 160 178 184 185 186 187 210 211 227 247 250 282 327 398 497
14 44 48 68 83 90	15 16 38 41 68 71 85 89
52	39 40 83 88 165 221
57	8 15 38 48 50 59 60 71 74 126 130 175 321 362 405 571 596
117 132	15 37 38 41 51 54 83 89 133
48	17 45 67 78 94 148 300 301 333 334
6	16 32 68 69 78 87 108 118 136 150 154 169 202 239 350 435
19	7 8 15 38
64	15 16 38 46 110 118 364
117 132	15 51 61 118
16	2 15 16 36 40 61 68 73 94 100 101 102 103 140 157 171 186 190 204 240 297 308 365
1	8 93 113 115 120 264
6	24 150 180 181 202 340 385
114	53 271 351 369
104 105	8 16 23 53 78 89 101 107 118 119 166 219 233
54	8 37 40 49 58 264
1 7	12 15 27 41 64 116 118 147
17 68	15 90 118 193
195	15 26 27 144 207 239 371 397 649
6	15 16 17 33 76 101
40	15 38 51 71 251
9	15 16 18 41 45 68 89
1	9 16 32 80 89 136
0 9	16
1 6 9 25 36	16 33 73 100 102 157 171 297 308 365
79	16 25 37 38 39 54 55 61 83 91 94 165 203 300 301
1 6 15	15 24 27 28 33 80 81 84 87 120 150 197 317
255	15 18 27 275
44	11 15 17 18 28 41 71 83 91 112 180 181 185 227
18	189
84 186	25 54 61 94
6	15 16 27 41 64 68 116
4 9	7 15 25 38 45 46 248
15	16 41 81 84 180 181
1	15 37 41 80 85 89 90 100 101 102 116 161
66	24 83 87 94 162 204
0 3 15 68 90	16 17 24 32 33 87 91 116 187 282
74 110	8 21 48 60 77 78 120 158 221 222 228 264
1 37	12 15 23 26 29 46
17 59	15 38 44 67
0	96
54	27 38 41 42 44 48 49 50 67
53	39 83 96 143 165
54	15 16 24 116
43	15 17 25 38 44 67 89 101 161 217 263 488
68	15 30 41 51 116
53	48 49 50 60 67 169 228
148	32 63 67 116 135 150 208 231 239 332
14	0 1 6 15 16 25 27 32 37 40 48 54 60 83 94 165 202
68	41 43 79 82
27 109	15 57 210 372 457
127	88
125	15 24 38 66 68 76 81
23	16 404
73	6 33 88 130
32 43	76 175 324
56	68 78 83 87 135 223 284 357 380
104	15 27 41 116 119 164 216
9	118
4 5 7	15 27 37 41 45 178
172	15 41 116
32	0 2 38 76 101 103 202
1 9 123	15 16 47 86 151 155 157 266 272 309 326 528
1 5 6 20	27 30 38 71
1	15 18 23 29 37 41 74 85 90 100 102 118 295 366
69	27 85
30	40 60 78 206 280
114	16 27 41 92 106 108 187
15	41 45 79 81 82 248
117	7 15 16 27 41 46 51 54 61 116
23	206
1 43	93 118
1	10 51 100 102 183 372 373
6 14 45	15 16 17 27 32 68 87 91 108 137 154 185 202 223 239
54	88 96 206 244
54	42 48 50 58 59 77 83 85 95 122 144 146 148 153 165 207 228 422 437 444
17 117	6 8 15 42 48 50 54 60 127 155 228
12 80	7 16 25 27 41 66
20	15 16 18 32 33 41 116 183 204 316
53 54	60 83 96 165
53	73 88 127
113	8 19 36 130 148 155 202 483
0	46 48 92 124
42	27 41 54 57 61
0	73 100 102 171 243
1 15 24 43 99 195	15 77 83 84 87
70	16 41 66 275
57	16 75 84 108 116 118 119 187 207 216
99	15 16 27 41 77 116 204
15	15 23 25 29 49 80 100 102 151 531
6 105 108	7 8 15 16 27 62 64 68 78 116 147 156 388
8	15 33 89 90 111 118 364
1 15 17 24	6 15 23 24 27 30 37 38 46 80 85 86 100 102 155 161 295 493
35 45	8 11 15 21 23 53 56 105 135 296
48 76 104	41 48 49 50 83 85 96 124 165
27	160
41	60 75 83 92 100 102 111 118 343
48 299	0 8 10 15 16 32 33 54 68 94 148 246 349 502
1	18 27 37 41 45 100 102 116 256 295
97	0 2 6 15 51 54 71 94
68	0 2 6 15 16 32 38 54 67 80
15 74	24 48 60 73 75 77 78 81 87 116 164 176 317 383
124	9 27 44 67 76 80 97
6	16 30 51 78 107
7 14	11 12 15 107
6	2 8 15 27 41 84 116 135 150 160 197 207 291
107	8 12 15 24 28 38 44 46 68 85 116
48 68 90	11 15 27 41 56 57 78 81 83 108 116 119 165 211 216
0 7	13 15 27 41 80 90 116
0 59	12 38 49 67 71 76 88 89 101 179
202	1 15 16 38 44 67 89 94 144 228 300 301 349
7 52 117	19 39 48 50 60 85 93 96 124 127 129 301 382 403
0	7 37 38 44 89 100 102
27 109 149	15 23 28 52 72 87 108 117 154 180 189 223 443 503 615
1 9	15 18 23 27 41 45 100 102 161 178 295 386
76	41 59 99
27	27 160 290
18 37 44 61	15
3	10 12 15 54 71 161 203
15	15 78 84 86 119 121 207
0 11 155	16 32 54 94 118 180 181
6	30 51 156
6 20 24	6 67 81 84 187 282 317 318 352 579
1 15	15 24 27 41 45 80 101 120
300	11 53
78	11 54 135
68	8 13 15 17 69 71 85
0	67 477
6	143 173 187
27 59 109	41 77 78 83 116 171 450
15	15 24 41 75 77 78 204
256	37 51 60 85 96 143 186
1	15 41 45 295 366
9	9
1	18 25 27 45 100 102 161 295
5 68	15 71 85 120 182 259
1	15 16 24 27 32 37 68 80 85 100 102 118 275
12 17 80	8 27 68 89 189
1 17 37	12 17 27 49 71 112 116
35	16 23 27 39 41 53 72 106 137 160 210 211
44	30 86 148 156 248
48	26 71 89 101 116 148 219
89	192 281
0 1 11 17 55 194	0 4 6 15 38 39 40 42 48 54 58 59 66 71 76 85 86 94 96 101 103 130 153 159 230 254 266 486 650
1 14 25 76	9 15 16 26 27 45 68 80 116
11 38 55	17 24 28 30 54 61 71 81 84 90 119 120 135 233 250 298
6 18 61 115 117	15 16 30 33 41 46 54 68 80 83 89 116 118 210 221 263 298 304 385
54	15 39 50 54 75 77 78 83 96 124 131 153 159 165
36	16
0 7 48 55	0 6 15 32 33 54 83 87 90 94 155
6	78 83 92 95 187
6	27 30 118 337
23	16 17 32 33 114
27 109	9 16 68 87 467
68	41 66 73 75 77 87 125 130 164 176 250 308 383
0 173 246	51 404
0 1 6 25 74 110	15 37 173 186 250 257
24 60	15 16 17 30 32 48 67 68 69 71 77 78 84 87 119 120 150 197 207 271 307 348 361 557
36	204 249
23	15 24 41 89 114 116
33	15 127
123	27 41 60 75 81
193	60
6 21 83	15 38 51 68 189 275
53	206 251
3 44	15 16 17 18 23 24 26 27 29 41 71 80 116 136 161
117 132	15 16 32 39 64 68 154 159 180 181 275 284 385
14	15 32 33 39 83 127 165
37 57	23 24 72 73 92 169 189 314
80	15 24 32 76 89 116
5 24 41 121	15 27 28 30 41
25	10 16 32 33 89 101
6 27 103 109	9 15 16 24 32 68 87 89 116 385
1	100 102 180
9	23 67 76 79 82 100 102 106 295 366
1 37	24 27 54 85 116 139 223 283
37	16 17 23 78 133
27 109	15 16 27 32 83 89 116 118 136
1 6 37 45	180 181
52	15 16 27 32 42 71 76 94 116
9 29 61 94 123	261
1 6 55	6 7 15 17 27 28 30 31 32 33 38 61 66 71 80 81 84 85 87 94 114 150 161 197 207 254
17 51	0 2 3 5 15 25 54 71 76 80 101
25	8 9 12 16 18 28 32 41 45 68 89 91 136 185
11 60	15 75 118 188
21 80	160
89	107 296
53	40 45 48 50 60 85 153
54	8 15 25 26 38 41 45 50 54 56 58 60 67 103 120 126 127 159 203 228
25	67 73 200 243
6 117	15 17 49 54 61 80 90 112 116 210
0	83 85 95 96 165
95	8 24 116
54	15 42 46 50 140 297
230	8 19 48 60 126 130 131 159 209
85	16 78 80 83 111 116 118 120 277
118 146	24 75 116
53 54	39 48 54
11	27 53 57 83 106 109 110 160 186 210 283 329 330
3 42 57 83	12 25 71 80
1 44 48 70	9 16 18 27 41 45 78 91 109 178 184 185 187 227 282
78	27 36 39 41 73 75 78 103 239 304 347 366
13	23 39 50 60 81 83 96 105 153 165
70 118	8 27 30 61 69 78 81 204 300 301 316
17 68	16 17 24 32 44 68 87 210 211 239
3 51	15 38 41 71 85
31 106	15 16 32 38 52 68 84 116 137 160 185 189
1	15 23 24 41 147
6 20 24	28 30 50 60 77 81 90 120 124 130 552
3 99	15 16 18 30 38 41 45 51 83 85 89 90 111 156
11 19 22 181	15 16 23 27 29 64 66 83 101 139 180 181 223 239 287 310
36	300 301
28	180 181
6 36	257
6	8 9 36 49 219
49 63 80	208 396
15 54	7 15 27 41 78 81 116
1	15 17 100 102 278 279
6	8 16 38 53
54	8 15 37 38 67
0 1	15 24 27 32 85 90 299
5	0 8 15 16 24 61 89 101 202 405
13	42 83 108 174 275 529
36	39 54 78 83 91 94 143 171 185 186 187 285
33	124 127 130 131 132 335
17	15 92 271 351
20	16 17 39 86 153 203 272
6	28 33 83 87
1 9 32	12 17 24 38 66 80 100 102 212
15	27 41 108 118 120 280 383
21 56 62 76	15 32 54 61 94 298 299
83	15 16 25 49 74 100 102
15 24 171	15 24 41 69 116 118
122	15 16 68 98 148 149 371 372 373 397
76	16 33 37 83 111 143 186
79	15 17 36 38 41 54 55 67 103 203 239 300 301 347 506
15	15 24 27 30 41 85 116
34	15 48 49 60 71 78 89 101 112 154 180 181 234
14 24 57 88	14 15 24 27 30 31 41 51 116 316
21	8 15 41 275
23	48 76 88 179 463 464
13	443
53	49 50 60 96 159
6 217	15 16 27 54 64 66 78 85 90 108 111 118 298
11	15 17 24 27 71 78 80 84 87 204
54 117	48 124
40 80	7 41 43 45 76
32	8 21 24 32 69 158 228 264
0	0 15 54
15 53 57	1 40 83 96 165 169
3 4 5	15 16 27 32 41 68 89 108 116 227
99	15 16 18 83 91 110 178 227 297 327 529
64	15 41 78 85 116
7 17	15 18 30 37 41 67 83 116
6 21 44	27 41 66 135 160
1	15 16 17 24 27 80 85 162
1	2 15 16 23 27 29 38 54 161 178
7	7 15 27 38 67 89 116 298
6	15 16 32 118 154 180 181 202
12 45 68 90 107	8 15 27 66 197 347 370
1	100 102 133 205
11 15 24 155	15 41 75 116
15 66	15 17 24 30 51 71 85 114
64	15 189
1 37 95	17 18 41 71 78 80 89 101 112 113 115 180 181 183
55 88	67 75 255 343 403
110	73 75 88 127 206 243
130	15 16 30 32 33 41 54 68 78 80 108
80	8 15 76 177 250
105	15 16 24 51 78 116 147 164 278 279
123	15 16 27 44 89
220	15 27 41 84 87 116
63	48 60 95 119 169 175 216
37	16 39 54 91 94 96 110 120 137 316 387 593
17	15 16 27 30 41 45 51 77 116 119 233
1 20 83	6 23 79 148 166 319 600
99	17
1 15	37 38 100 102 161 506
128	0 54 73 243
34	12 15 71 89 101 203
94	8
0 80	15 27 44 259
75	15 127 151
34	23 54 59 78 83 91 94 110 185 211 434 452
54	11 15 27 48 49 50 60 89 100 101 102 195 206
44	60 124 139 311 492
29	16 24 25 41 71 160
54	15 27 41 46 49 55 57
34	37
4 9	8 27 38 44 67 100 102
1	15 51 100 102 160 207
1 11	15 18 27 41 45 83 118 189 429
99	83
82	8 78 111
7 11	10 15 99
1 123	251 578 651
22	24 32 41 66 78 101 130 144 149 180 181 202 239 250 309 398 423 443
1	93 129 133
99	15 41 51 85 89 251
1 55	15 17 23 24 27 37 80 85 100 102 161
27 109	95
89	243 309
4	15 18 23 27 41 45 105 107 146
0 6 10 11 15 76 78	15 16 17 24 27 28 30 32 33 37 80 85 89 108 118
18	11 16 53 106
12 17	38 44 71
17	15 25 41 49 67 103
12 43	8 9 15 27 28 116 135
6	8 16 118 147 189
50	0 66 103 210
59	25 44 67
127	15 25 27 64 116 160 223
159	15 16 44 68 85
6	76 78 111 187 193 214 280 350
64	18 27 41 71 83 85 227
95 177	15 16 52 89 101 111 118
54	41 45 49 54 56 57 59 178
0 19 20 42 142	180 181 458 496
7 11	4 148 319 339 572 609
1 6 170 199	15 23 26 38 79 82 166 219 295
61	8 11 15 16 27 33 38 67 68 83 89 90 107 118 134 179 297 369
0 17 56	15 37 67 275
43 75	215
1 11 155	15 37 68 90 118 275
15	78 111 120 426
63	44 208
0 7 17 54	15 25 42 46 49 55 56 59
26	8 16 17 33 47 54 60 103 112 164 481 561
6 31 163	15 16 24 27 32 52 54 68 78 84 87 116 185 204
1	8 9 13 38 46 80 100 102 147 156 353 354 355
1 9	12 15 16 24 32 38 64 68 89 151 161 178 189 292
1 10 55 206	15 16 17 24 27 28 80 85 90 100 102 275 404
17	13 15 27 45
6	15 147
0 50	15 16 32 33 37 76 78 90 250 300 301
17	41 66
9 99	15 16 18 23 27 29 30 41 45 57 118 251 295 429
73	6 15 32 39 40 54 83 153 155 159
0 68	5 6 99 387
37 301	15 17 87
1 12	12 15 26 46 80
9 31 44 54 123	18 41 48 57 136 210 211
59	15 44 76 88
16	73 124 125 171 190 243 362
181	15 16 23 29 41 45 64 178 272 366
6	16 32 51 68 87 116 239 435
68	8 9 39 40 54 61 90 94 153
37	4 27 41 66 138
127	41 53 54 80 83 90 92 116 118 429 437
6	8 9 15 16 17 30 38 68 78 111 120 350
56	15 25 27 28 39 41 91 94 137
23	88 179 364
21 68 78	38 71 89 101 203
20 67	16 32 50 59 101 180 181 202 213 239 313
40	30 41 51 116 447
48	15 24 28 30 32 38 41 71 85 182
0 25	77 242
21	11 27 83 107 160
89	8 9 16 30 32 33 36 38 73 107 112 129 143 157 171 173 297 365
17	48 206
6	8 17 47
33	90 118
136	16 63 78 108 137 149 173 186 202 203 223 262 275 344 381 547 548
11 14	15 16 17 24 27 28 30 32 33 37 68 69 80 85 87 108
1 58 68 90	12 17 18 23 24 29 100 102 189 272 295 366
50 58 98	9 12 27 135 136 160 184
6	15 51 68 116 158 236 251
59	78 88 133 287
43	32 206 228 348
6	92 95
44	9 16 41 91 138 139 160 185
17	2 7 8 10 12 15 16 38 41 44 54 71 94
17	16 48 78 120 162 171
1	15 23 29 37 80
32 57	12 26 38 110 112 347 370
15	51 85 147
1 14	8 11 15 21 24 28 30 36 112 116 118 150 158 207 222 234 264 369 484
80	83 108 135 184 218
1 68	15 18 22 27 41 178 366
6 18 27 109	30 33 80 83 90 91 118 185 219 263 347
17 46	0 2 15 38 54 67 80 223
36 43 50	15 28 37 68 89 90 118 186 357
48	48 131 164 448
21	26 27 160 291 347
150	15 80 248
7	8 16 19 21 27 60 67 78 120 191 264
1 15 41	24 75 85 116
7	36
36	6 60 130 318 641
51 112	8 15 44 46 67 68 156 490
6	15 16 24 30 32 38 71 87 91 101 162 187 191 202 282
51	23 27 160 187 282
50	32
36	15 18 26 27 30 41 51 53 57 78 83 90 91 107 109 110 116 118 120 135 184 210 226 227 258 327 380
1 9	15 41 51 251
0 24 44	10 15 16 26 32 38 45 57 68 71 80 299 386
110	8 21 24 69 83 87 144 158 162 191 197 207 264 421
6	16 32 33 54 61 83 94 185 316
6 110	96 120 158
1	15 23 27 29 41 80 116 164
25	200
279	24
0	83 90 118 124 143
54	66 84 95 106 135 139 160 414
0 1 15	48 50 58 60 96 124 321
15	15 24 30 81 85
80	12 15 27 37 38 46 54 89 116 263
19 51 57	8 15 38 44 48 50 122 124 126 130 144 159
20	23 25 38 42 72 91 126 341 398 471 527 652
6	28 78 81 87 218 350
6	8 15 78 118
51	15 16 24 38 41 66 71 89 116
7 68	10 45
1	12 15 24 41 85 366
134	11 106 189
16	360
24 50	15 32 54 96 118 298 304
11	0 2 3 4 5 8 15 32 33 38 54 71 74 78 80 94 380
23	73
206	15 27 37 64 85 90 100 102 275 422
1	8 15 23 29 39 46 48 50 85 122 130 254 272
29 225	148 226 227
0 17	15 37 41 46 54 55 61 71 80 94 161
7 52 117	33 39 60 83 85 96 124 165
15	17 27 41 67 71 78
8	16 27 89 101 189
1 15	15 17 27 41 85 100 102 161
24	15 27 41 75 78 79 81 82 85 116 119 120 216
2	60 100 102
0	6 16 33 37 40 44 54 61 83 87 90 94 101 153 162 165 172 173 180 181 186 191 202 203 204 275 449 653
37	15
48	15 95 124
77	0 15 32 46 73 81 169 171 173 199 200
0 12 83	2 3 4 5 6 7 15 32 33 38 54 71 80 94 101 103 177 212
16	23 180 391 452
17 80 83	7 16 18 25 27 41 66
53	1 40 48 50 54 58 60 124 153 160
53	48 60 147
53	15 27 41 50 53 60 73 80 116 160
1 37	15 27 41 91 184 386
4 66	67 133 495
43	3 5 38
29 61	54
0 49 76 78 116	7 15 37 89 275
18	11 83 87 107 151
12 51 76 154	0 1 15 17 26 27 32 38 39 41 54 61 71 80 81 94 153 161 212 405
132	37 39 60 61 83 96 111 153 165
124	1 33 37 67 172
43	15 17 23 27 38 76 85 114 133 161
66	111 120 484
1 15	15 17 27 32 37 54 100 102
68	15 24 27 41 78 85 116
10 36	16 94 147 185 223
207	9 83 301 382
1 156	15 27 41 45 71 178 180 181 189
24	80 89 100 101 102
77	6 15 16 25 26 32 33 47 54 90 298
1	8 12 23 41 51 80 85 100 102
48	307
50	11 18 27 41 54 57 83 91 106 110 146 227 497
0	0 1 15 24 27 32 41 54 61 81 94
15 24	15 17 24 30 38 81 84 87 116 182 187 282
230	8 9 38 41 44 80 85
0 1 7 22 55	0 3 5 7 15 17 34 54 79 80 82 100 102
56	27 30 51 84 85 116 275
3 44	15 38 41 51 71 85 251
1	6 50 124 127 130 335
37 43	37 102
1	15 18 37 85 89 101 118 295
66	15 17 54 59 61 100 102 116 133
15	30 41 51 119 216
1 24	15 18 41 100 102 164 189 366
25	8 9 15 38 364
50	57 92 124
11	9 27 76 110 133 135 316
24	11 15 108 118 187
124	9 46 243
9 199	16 32 68 89 197
30	67 78 120
77	124 130 201
1 83	15 23 29 37 38 46 85 100 102 130 183 240 265 366 404 487
13 124	15 16 27 28 32 41 54 55 76 97 172 316
48 68 90	8 15 17 25 26 44 45 89 101
15	0 16 32 68 89 386
129	7 25 27 44 203 208 396
43	15 23 54 83 255 346
17	42 68 150 177 220
15	41 75 78 81 85 116
1 3 37 43	27 41 68 71 84 116 160
44	11 27 37 185 315
21 68	15 16 24 41 108 116
58 302	46 60 83 85 88 165 186
0 71	7 32 90 299
275	8 54 217
15 20 24 80	27 116 135
6 15 17	15 83 182
0 55	24 32 51 404
59	8 206
15 37 66 110 120	48 124 206 243
11 32	2 3 5 6 15 80 177 268
1	17 24 37 100 102 127 164 189
84	15 16 27 54 68 77 83 89 94 110 116 178
63	8 28 30 44 88 135 156 208 218
27 43 60 109	15 16 27 32 38 69 71 77 78 84 87 108 116 154 185 204 223 239
7 68	0 3 5 15 25 54
73	92 124 168 243 258
125	13 152 229 326 405
1	2 3 5 6 9 12 15 38 44 54 67 80 103 235 241
0	6 15 32 64 90 155 298 299
54	27 61 135 136 137 160 184
13	15 16 27 37 41 54 78 83 91 94 100 102 116 119 120 143 233
25	60 73 171 311 449
110	8 24 69 150
20 35 134	184
1	12 15 26 41 68 89
44	7 15 26 27 38 41 45 51 71 85 112 234 277
15	8 27 30 38 51 107 147 189
32	15 33 40 67 73 94
24	67 78 85 118 120 124 162 206
66 112	12 15 41 46 66 177
7	15 30 38 49 54 71 112 137 203 295
83	16 68 137 160
43 99	60 124 193 195
1 37 55	18 23 29 37 100 102 114 147 327 404
15	16 18 27 32 41 116 136
36	17 91 118 120
8	15 27 80 85 114 116 142 161
31 87	15 24 25 71 116 189 223
20 92 107	23 27 72 189 246
25	2 12 15 38 67 71 76 103 506
63	9 15 27 38 44 67 116 156 161 208 396
15	15 17 75 78 116 119 233
32 259	124
93	15 40 144 153 175
40	17 27 41 71 85 100 102 116 120 142
1	12 15 80 138
17 37	40 88 95 96 127 206 243
56	15 24 27 28 32 68 94 116 133 135 202 207
28	30 41 116
121	78 92
67 89	28 32 33 39 90 173 175 186
80	88 134 179 463 464 637
210	48 448
17	8 15 26 38 45 46 57
44	11
0 4 5	15 16 26 37 41 71 89 101 112 161 203 350
15	75 85
36	54 83
0	2 8 16 24 54 68 103 110 149 327 497 502
37	3 5 120 195 346
14 17	12 16 26 71 112 203
36	187 283
9 123	10 189 297
14 106 291	9 16 27 32 41 53 77 87 108 112 116 171 234 263 298
11	0 2 7 15 30 37 38 46 76 268 275 490
1	15 27 90 118
21 36 88	9 15 16 25 32 41 61 71 94 116
117	15 25 37 46 54 61 89 90 101 275
1	15 100 102 287 322 366
30	15 30 41 51 75 89 101 116 118
1	48 60 73 124 125 171 200 243
95	2 15 25 37 38 60 67 73 74 75 77 78 89 156
89	0 9 33 36 144 405
1 52	27 41 48 60 85 126
21	15 89
114	77 78 83 120 187 226 227 316 394
0	15 34 51 89 251
6 24	15 27 51 80 83 85 111 116 120
36 42	41 106 109 184 238 332
123	8 17 78 118
1 6	16 44 54 73 89 169 171 205 277
73	8 73 99 130 168 171 192 200 281
1	12
125	3 5 67 362
14 44 45 68 83 90	12 15 23 26 27 29 41 71 80 85 89 101 112 178 203 295
25	6 15 16 38 68 71 87 116 572
53	15 48 54 60 73 96 127 228
127	15 16 25 80 100 102 201
1 14	85 124 206
7 14 45	1 8 19 21 50 60 78 119 124 158 216 221 222 264
37	15 18 37 45 90 100 102 183
6	16 32 51 52 57 69 84 87 108 150 187 202 204
6	117 169
6	8 16 30 38 53 78 107 118 189
0	41 55 61 94
17	2 15 25 43 44 59 74 89 101 103 362
54	38 67 83 124 239 346 421
14	12 38 41 45 71 512
183	15 16 27 38 41 80 83 94 165 212
21 60 150	3 5 15 85 160 271
54 66	48 100 102 124 206 243 271 351
80	27 116 135 218
53 54	48 60 190
64 303	15 16 24 25 63 71 116 223
150	15 24 27 57 62 85 116 156 211 248 504
34	15 17 26 27 41 45 71 89 101 112
52	60 90 124 186 250 301 382
0	7 15 26 27 44 45 46
19 20 42 43 87	9 12 16 18 23 27 41 63 66 72 91 98 135 136 138 149 160 185 226 239 283 332 371 397 527 530 549
121	51 493
0	15 30 83
4 59 207	23 25 27 59 67 74 76 105 133 179
17	15 25 38 46 49 54 61 133
27 48 109	53 271 351 369 437
43 262	15 24 27 97 137 154 197 223 245 285 332 404
3	16 27 91 97 227
15	15 27 75 79 81 82
17	15 41 45 51 248
15 24 54	24 69 84 162 191 206
15 24 70 104	15 27 41 69 75 78 84 86 118 119 121 176 191 280
66 112	12 103 148 212
1	90 100 102 118 295
1	15 16 17 22 27 38 80 85 86 207 212 422
8	38 151 248
199	15 18 23 45 118 366 429
15	8 15 24 67 69 116 150 156 197 207
0	54 83 90 118 160 184
110	21 122 127 158 321
28	316
24 41	60 75 85 116 120 191
128	0 2 8 15 23 29 32 33 36 44
6 7 83	12 16 180 181 384 492
25	27 80 83 89 118 137
53 54	6 96 103 143
27 109	83 117 118 285
48 79	0 15 17 27 41 46 54 61 80 90 94 148 161 300 301
117	51 54 61 96
53	27 40 41 54 60 61 78 92 94 108
132	48 50 54 59 60 83 94 96 108 165 189
1	336 422
151	0 15 24 32 37 46 60 116
15	15 16 27 64 89 90 108 111 118
52 70 118	124 444
55	8 300 301
49 69	28 46 54
6 61 106	38 160 189
25	30 67 156
15	27 41 75 83 116
17	15 23 29 80 301
45	8 21 24 69 78 84 158 207 221
145	9 15 17 24 28 30 64 88 116 135 218
10 58 79	0 186
61	11 53 107 116 369
7	12 17 25 38 44 46 67 71 89 100 102
6	187 280 282
54	33 39 48 50 54 60 83 124 130 153 165
42	11 16 27 41 57 68 107 116 137 160 185
304	27 51 85 156 275
20 27 109	11 16 32 41 87 116 127 137 160 185
1	10 51 100 102 189
48	23 39 83 85 94 96 105 142 298
3 37	0 16 32 37 89 91 101 136 207
4 5 7 48	16 143 169 171 173 175
15	16 67 91 137 151 159 180 181 358
1 32	46 205
17	2 8 9 15 32 38 101
1 12	12 15 18 27 66 138 160
41	27 30 51 80 83 111 116
54	95 362
42	10 18 26 32 57 109 250
117	60 83 85 96 118 153 165 434
32	27 66 86 245 248 347
11 56 80	27 463
45	60 95
24 42 48	32 39 40 83 85 96 143 153 165 186 312
7	2 12 45 48 112 133 134 135 147 381
6	92
112	16 67 180 181
6	24 40 78 206 244 280
6	16 30 51 52 78 83 116 118
13	180
20	15 16 17 32 41 54 78 80 86 89 101 120 275
77	25 54 76 90 94 215 298 364
24 43 74 105	67 69 75 78 108 118 119 120 121 129 162 191 193 206 216 244 280 444
1	2 6 12 16 26 32 41 68 71 80 88 101 116
13	39 48 61 92 94 131 206 277 437
9 27 109	41 48 60 73 75 78 83 107 124 165 169 171 174 187 222 280 282
43	17 78 118 120 133 162 195 205
25	228
1 12	8 13 15 24 27 38 85 100 102 156
17	12 15 46
3 15 58 305	2 15 32 38 41 71 80
95	17 38 68 69 71 89
42	18 41 63 66
0 55	6 32 90 127 130 573
15	27 41 116 160 291
0 1 11 55	7 46 94 152 234 415 652
55	7 15 23 25 46 67 203
0 11 49	15 32 41 51 54 83 90 94 275
1	12 15 23 29 85 100 102 189 366
15 21 24	15 39 40 54 73 91 137 171 227 285 316 434
43	15 16 24 32 64 84 87 116 137 185 189
12 28 68	8 30 31
48 64 100	15 54 57 90 148 156 184
59	46 88
6	30 67 120
37	23 24 29 80 85 100 102
1 21 44	18 23 29 41 136 295
42	8 18 50 57 124 130 147 250 264 409
132	1 16 28 32 33 39 48 54 60 73 90 116 124 171 173 186 311 461
6	15 51 68 89 275 377
17 46	0 2 6 15 16 32 33 37 38 46 54 67 80 88 89 116 300 301
8	27 38 135 160 292
11	76 135 150 156 180 181
17 46	1 4 38 46 59 67 81 88 101 152 317
66	37 38 85 89 156 161
0 170	15 33 38 71 80 89 94
8	2 6 8 15 38 41 44 48 80 155
127	16 84 118 175
18	0 68 202 219
97	15 16 30 32 41 54 68 78 204
1	85 100 102 205 206
25	15 16 33 37 85 90 108 157 173 174 186 193 194 195 202 270 375
43	15 16 17 18 23 27 80 85 114 116 182
105	15 147
46	48 60
6	178 184 421 481
50	299
127	0 15 16 25 32 54 68 87
30 45 66	16 23 32 67 72 85 89 101 111 120 180 181
0 11 15 17	88 92 95 124
11	0 3 5 6 15 54
79 306	9 17 55 116 172 190 441
89	60 151 176
0 15 46 54 57 58	38 59 228 239
29 95	11 52 68 89 101 107 111 117 118 162
19 66	8 15 16 24 27 30 32 38 41 66 68 78 87 116
43	23 452
154 307	140
66	38 44 67
111	16 32 91 108 151
62	15 16 30 41 56 67 80 112 116 118 120 143 161
81	15 16 17 33 78 89 96 101 108
73	9 33 92 95 111 120 243 258 318 362
0	0 15 32 37 39 54 78 90
12 15 24 165	46 81 100 101 102 208 269 385
101	18 109 149 333 334 435 476 497 529
117 132 256	0 16
26	7 8 15 16 68 219 239
33	15 27 41 75 90 119 121 216 233 379
15 53	6 7 15 16 32 33 60 61 67 78 85 90 94 125 173 186 250
228	654
50	9 12 15 17 33 40 51 54 71 94 204 250
112	66 103
7 57	15 28 30 38 68 69 71 81 85 87 120 150 156 182 198
79	16 27 101 246 393
9	15 16 33 89 90 101 111 118 364
1	51 100 102 256 377
1 15 48	75 78 85 118 280
9	10 51 274
113	0 2 6 8 16 19 33 38 44 54 60 68 73 90 126 130 148 159 171 209
1	15
1	2 10 15 16 23 38 54 80 138 161
17 53	48 60 73 211 271 351
54	8 15 27 41 48 60 64 77 124 158
0	25 46 203 230 422
9 181	6 12 16 18 45 80 178 189 212 295 386
12 17 77	8 9 15 32 38 44 59 67 103 130 201 228 231
105	41 67 164
36	9 12 16 91 185
22	78 130 239 308 309
0	31 54
227	27 43 51 85 207
1	25 45 71 89 101 103 178 295
298	8 38 67
0 48	0 12 16 27 32 54 68 89 94 136 178 435
121	41 111 156
73	11 35 37 78 81 83 168 199 315 380
37 56	15 16 18 27 38 41 45 46 54 67 80 89 100 102 116 118 135 161 189 277
27 67 109	16 27 91 98 109 327
6 80	53 118
28	32 39 41 75 78
0 4 5	8 9 15 44 46 67
10	15 16 33 90 171 357 385
79	147 293
81 87 95	15 16 27 68 69 71 84 112 116 156 175 223 229 326
6	24 41 116 164 207 414
94	83 87 219
36	18 185
0 7 129 170	7 51 99
1 15 37 58	15 18 23 29 37 41 85 189 278 279
41	15 88
7	33 37 46 51 60 83 85 96 165
83	15 41 46 71 89
1 82	8 12 23 41 51 80 85 100 102
25	87
112	16 32 57 85 239 250 350
42	15 24 63 98 109 136 137 160 211 285 327 332 372 373 427 503
0 71	60 175
83	8 9 15 16 27 28 32 38 41 66 89 116
12 29	15 26 38 189 219 555
13 104	15 17 24 32 33 37 39 40 54 61 80 90 94 118 153 204
7	27 41 44 49 60 67 68 77 78 89 308
67	16 37 41 73 89 171 172
193	8 16 60 73 75 124 171 209 243 424
54	124 126 296
104	8 15 16 17 64 84 116 118 189
48 70	83 108 118
154	0 124
14 44	8 60 112 119 158 164 197 207 216
15	15 24 27 41 69 75 77 78 79 81 82 84 116 119 121 216 233
277	16 89 101 116 120 204
1	1 8 15 37 54 67 80 85 94 153 254
0 12 69	4 6 23 66 103 110 148 155 166 203 524
54	48 60 67 78 206 271 351
36 197	16 250
0	15 27 31 75 81 176 316
54	40 78
1	15 23 26 27 45 76 80 100 102 161
1	23 76 80 113 115 120 366
1	41 67 78 120
54	7 37 46 140 144 421
99	15 41 46 54 161 251 263
1 15 260	39 48 51 83 85 95 96 165
21	15 16 68 78 83 89 108 116
16	8 9 10 16 33 38 54 67 73 80 89 93 100 101 102 103 129 171 200 365
0 8 17	10 15 38 46 71 89 101 248
66	143
57	15 54 80
95	16 51
49	0 12 46 54
84	15 41 61 71 83 85 89 112 147 211
6	89 349 369
51 69	17 38 68 71 85
13	23 37 48 49 50 54 60 61 91 96 105 133 143 186
195	27 150 160 651
24 48	8 15 27 111 481
41	15 27 28 44 68 71 85
6	15 17 83 87
24 41	77 111 116 118 207
66 99	124 144 194 206 235
12	15 17 76
54	39 40 54 60 83 153 165
33 89 124	126 130 159
11 21	15 41 108
12 33	9 15 91 132 272
1	16 17 23 27 41 80 116 386
1 156	15 23 45 80 295 386
89	6 10 51
88	15 27 41 68 83 116
77 259	15 16 25 26 32 33 47 54 90
15 43 56 80 108 134 168 177 300	15 27 116 118
74	8 27 189
99	15 41 51 85 177
32	16 21 27 69 158 245
221	16 23 32 54 68 72 203
0 5 17 77 83	110
40	15 51 251
1	6 15 32 60 80 90 93
61	16 106 118 189
27 109	15 16 17 24 27 28 30 32 33 68 80 85 87 111 118 187 282
64	15 16 18 27 41 116 118
25	60 246 293
57	8 38 39 40 42 44 48 50 58 59 60 122 124 130 159
25	0 2 6 98 191 299
144	15 27 108 116 133 186 223 547
186	8 38 67
0	12 15 26 41 45 263
27 109	21 51 53 189 219 369
54	15 54 67 90
17 51	7 15 17 30 71 80 150
44 64	11 18 27 116 251
61	0 242
1	23 27 45 104 118 324 387
1	8 9 38 44 67 124 148
59	15 23 27 72 76 80 113 114 115 120
6 81	83 118 187 282 329 330 348
18	15 16
15	150 156 307
15	41 191 337
73	140
28	8 133
6	15 16 108 151 162 169 171
77	15 25 38 46 85 89
1	15 23 67 71 80 112 120 142
1 3 15 17 24 36 48 59 68 106	6 12 15 16 17 23 24 26 28 32 33 38 51 54 66 68 71 81 84 85 87 90 94 99 116 135 137 148 154 160 166 185 223 248 393
0	17 27 33 41 77 78 85 114 120 161
48	6 15 32 80 155
59 66	15 67 88
1 34 44	15 23 55 71 85 114 116 161
11 49	0 15 54 71 94
24	67 153
1 7 10	15 33 37 41 80 116 118
0 79	0 15 44 59 133 148 184 203 298 299
25	11 93
1	15 24 37 71 80 164 203
50	45 54 57 71 90 100 102 146
1	38 202 340
146 147 213	8 17 38 85 118 144 198
0 17 20	42 91 126 135 148 150 341 498
1	15 37 67 71 100 102
37 83	10 15 37 45 51 177 252
53	27 41 53 60 73 116 160
25	2 15 23 25 49 67 103 381 388
31	23 41 45 72 113 115 189
40	15 30 41 84 116 118
60 82	15 16 24 27 63 68 78 116 150 223 273 275 339 380 448
66	15 34 51 89 251
0 22 53	50 60 90 129 130 499
5 15 64 121	15 27 147 207 316 414
91 121	8 48 73 131 242 306 335
6	8 16 53 83 221 372
124	27
115	41 91 385
0 7	15 27 41 83 85 118 135
15	15 24 27 41 116
7 11	7 15 45 161
25	2 49 76 100 102 103 506
308	47 91 316
15	15 17 30 51 75 77 78 89 111 116 118 119 216 305
15	16 24 32 81 84 85 180 181
15	41
15	17 24 69 78 87 118 120 191
101	48
17	15 38 44 45 55 59 67 71
15 24 40 41 91 92 107 121	8
1	15 23 41 71 80 85 90 116 161
14 17	7 15 17 25 38 49 112 147 161
8	60 130 391
1 12 17	15 40 48 50 58 122 130 153
1 9 25 27 109	16 33 67 73 89 101 103 108 171
1 74	15 27 85 86 116 254 295 366
0 1 55	2 3 5 23 24 29 32 54 66 94 100 102 152 161 240 404
51	88 124
5 83	15 24 27 32 33 41 69 76 78 81 83 85 87 114 116 120 162 182
0 67	16 23 39 68 72 73 86 171 173 175 186
15	8 24 78 84 85 87 116 156 197 207
59	108
6 16 55 70	125 130 170
1	15 93 100 102 386
27 50 67 109	24 48 60 75 77 78 81 83 92 95 100 102 111 118 124 165 243 258 343
1 55	15 27 32 41 80 90 116
17	144
21	11 37 83 315
80	23 29 255
0	6 25 28 155
6	15 24 27 28 32 33 44 87 88 118 207
309	18 57 109 124 258
56 86	146
259	8 15 48 50 60 74 127 130 131 132 335 362 550 655
55	18 54 90 106 109 110 118 135 137 148 203 210 227 258
15 24	15 30 67 69 78 120 150 156 197 198 204 207
103	16 32 84 87 185
16	15 71 103
1	26 116 272
35	18 78 83 91 106 110 226 227 237 450
48 114 277	15 18 27 32 39 55 77 78 83 94 120 180 181 227 300 301 434
1 37	15 23 26 29
6	16 32 154 284
6	15 17 27 28 30 80 81 84 85 86 87 150 207
7	37 39 60 83 94 153 165
15 41	41 118
25	48 60 73 95 124 171 225
46	16 17 25 91 135 227
6 53	15 67 120 158 257 421 484
50	16 55 68 89 100 102 116 250 299
123	67 151 219 286
1	15 41 45 80 295
17	8 15 25 44 45 48 50 59 71
68 80	15 16 18 26 41 45 51 53 54 57 85 89 107 146 156 227 251
17 170	27 41 46 66 71 86 116
8 15 43	23 27 29 100 102 147 189 256 295 366 386
45	8 95 107 264
116	16 108
1 173	15 16 38 44 66 68 234
1 14	6 15 26 32 39 41 61 80 94 116 161
32 79	0 15 101 180 181 202 300 301
15 120	7 15 27 41 75 81
12 51	2 12 66 110 156 409
43 77	60 73 125 171
36	27 91 106 135 185
0	15 37 38 46 83 87 89 100 101 102 116
9	8 24 27 69 78 84 116 135 207 218 223
89	9 10 16 28 33 168 200 209 243 318 405
15	51 116 120
15 24	6 15 48 75 88
6 15	48 60 107 124 131 235 448
44	0 16 24 44 68 71 116
20	37 51 54 85 90 100 102 156
48	8 9 16 164
36	83 106 185 426
44	7 76
199	78 144
0 20	15 23 38 68 72 91 148 185 246 275 341 452
123	8 17 219 286 481
12 15 17 46 51 123	2 5 54 68 71 239
37	0 17 23 24 27 100 102 135
59	76 88 179 463 464 553
53	40 41 153
11 60	24 41 118 324
21	15 68
33 44	18 26 27 91 110 184 347
17	8 15 16 24 41 45 85 116 156 211 248 422
77	6 127 131 132 155 241 294 335 656
66	24 84 87 116 150 156 197 207
0 135	15 25 68 76 89 405
7	15 25 405 408
38	78 89 101 120 161
25	6 39 83 85 93 96 98 131 485
207	153
36	41 83 106 657
37	16 91 316
6 15	6 15 17 27 28 30 32 33 54 78 81 84 85 87 94 119 121 161 182 204 207 254
15	15 25 41 44 53 147
52	48
6 223	15 16 89 180 181 277
80	28 32 33 87
46 58	16 66 68 144 347 348
14	0 6 8 24 116 150 158 264
310	6 60 130 318
5	15 27 32 41 75 76 77 78 81 83 87 94 108 116 119 120 121 182 204 316 404
33	8 21 60 124 127 264
63 66 69	15 30 38 67 156 208
4 7 85	15 25 45 49 55 208 347
27 109	0 8 21 40 50 54 60 124 132 228 264 478 658
15 24 41 82	15 17 24 27 69 75 78 81 84 87 116 117 119 120 150 197 198 207 233 317
6 105	36 78 607
59	15 17 24 27 76 85
105	8 119 143 206 216 244 444
36	32 61 137 160 185 285
43	67 100 102 193 194 206
100	44 118
54	95 296
7	0 15 54 74
15 104	15 83 85 118 251
32	152
127	30 53 78 83 93 119 180 181 216
21	28 54 116
68	15 46 362
6	24 28 30 81 84 87 150 197 204 207 353 354 355
34	15 32 118 143 186
150	2 4 49 59 212 250
37	15 18 23 45 76 80 85 295
0	6 46 127 144
0 54	144 403
17	2 15 41 42 54 94
0	28 32 33 173
6	10 15 27 41 45 61 118 251
15 20 54	15 17 37 46 71 85
124	50 60 73 126 130 159
0	39 63 239 309
1	67 161 195 206
27	9 12 15 25 41 83 108
1	15 23 386
105	0 16 17 86 100 102 136 189 227
6	7 8 69 78 88 207
53	40 186
57	51 422
6	83 187 348
78	0 17 26 36 39 41 54 73 98 103 148 154 172 239 304 347
117	83 94 96 165
29	11 15 16 23 32 41 68 71 87 105 112 138 160 239 291 372 373 457 512
0	41 49 78 80 85 120
60	8 27 48 57
1	0 2 3 5 6 12 45 74 80 212 241
31	8 9 15 17 38 116 248
6 20 27	15 30 32 41 68 84 87 116
11 155 228	6 16 32 66 68 69 71 311 506 511 637
70	15 64 83 94 118
24 28 41 85	15 16 18 24 30 32 83 84 108 116 118 280 305
25 45 62	10 16 32 33 48 83 90 118 124 143
6 223	41 116 284
24	124 143 186
1 11 49 155	0 54 71
1 15 40	15 35 75 78 81 83 84 87 162 176 307
0 1 21	16 89 99
9	528
53	15 39 48 57 83 118 130 153 353 354 355
251	73 91 180 181 202 239
32 79	0 16 17 25 36 67 74 300 301
20	8 16 66 103
42 44 58	16 18 26 62 88 109 126 137 160 371 376 397 402 498
6	150
1	13 16 17 27 100 102 203 239 300 301 348 399 540 541
6	50 60 124 126 130 131
89	73 107 171 448
53	48 89
15 17 24 54 57	15 27 32 38 41 45 49 50 59 60 71 80 89 100 102 108 116 118 124 151 160 189 207
6 46	2 4 67 78 101 180 181 339 348 388 411 659
0	15 17 23 27 32 38 46 54 59 61 85 120 142 161
25	8 10 16 136
52	60 83 127 165 190 206 243
0	15 43 45 46
7	15 41 57 71 135 178
23	33
4	18 27 57 106 109 227
85	48 50 60 83 96 153 165
7 68	15 37 45 67 80
25	16 23 25 30 32 33 35 48 49 60 61 73 75 76 77 78 81 89 90 95 100 102 124 171 180 181 199 210 243 297 298 346 365 426 452
80	28 54
7	6 15 41 71 155
11 48	15 38 41 71 101 275
0 5 17 68	15 44 45 71 76 203 208
121	30 51 111 119 120 216
27	9 28 32 85 87 118
6	307
23 27 103 109	15 16 27 32 33 41 68 87 91 101 185 263 298
13	48 50 60 124 146 243
26	83
17 31	248
23	15 41 147 532 533
3 14	15 24 38 71 89
33	25 94 228
117	15 24 68 116 189 532 533
53	124 190
1	12 15 18 23 26 29 41 45 69 77 85
27 109	75 92 343
40	15 30 41 51 116 117 383
23	78 306
20 42 233	148 149 223
124	48 92 95 124
6	15 27 37 38 41 156
42	41 45 53 56 57
54	1 39 42 48 50 58 60 83 130 153 158 159 165 428 444
15 24 82 87 92	6 15 78 157
0	15 17 38 44 45 46 67 71
17 37 52 57	8 48 50 58 60 85 264 401 444
60	41 84 85 116 118
0 7	12 15 25 38 46 51 67 71 89 156
7 52	40 48 93 124 144 206 243
7	0 8 10 15 25 49 54 66 80
1	133 366
53 57	15 39 41 48 50 54 60 83 96 124 153 165
18	11 92 238
0 54 57	15 48 96
17	2 3 5 46
68 90	8 207 221
20 29 68 90 199	6 15 16 27 38 51 68 71 87 116 481
67	9 10 15 27 32 38 39 54 85 86 89 91 94 116 136 202 211
25	2 8 15 16 17 24 28 32 33 38 46 80 85 87 94 103 116 127 212 374
12 195	27 88 135 218
0 7 10	15 16 24 37 51 68 116 160 275
54	50 58 60
0 7 129 170	274
0	8 16 17 23 26 46 54 67 71 94 142 148
6 28	16 18 27 41 81 116 316
29	0 8 9 10 15 16 25 32 38 54 68 71 90 94 202 298 299
50	27 89 91 101 106 107 109 135 215 226 237
0 11 21	15 16 24 32 41 54 71 90 94 116
6 15 21	15 17 27 30 38 67 90 94 100 102 133 161
6 24 104 121	30 83 118 207
36 66	15 27 41 51 66 89 111 116 189
27 29 109	16 67 78 102 202 206 242
27 68 90 109	8 15 16 32 41 57 66 71 116 138 160 203 227 264 512
25	10 15 16 24 27 32 41 116
25	293 309
25	48 53 60 73 95 124 171 200 225 243 335
1 15 78	15 16 30 41 51 85 89 111
7	15 25 27 41 42 44 49
21 44	11 15 68 107 275
78	15 16 27 32 38 41 68 71 85 116
1 36 197	15 16 18 30 41 51 83 90 116 185 251 295 366
9	151 292
11 155 311	2 4 13 15 16 69 70 71
117 132	15 16 27 44 90 111 118
36	16 83 87 154 187 202 326 335
60	24 41 75 116 118 188
89	107 168 318
1	38 41 51 85
7 17	15 54 94
95	15 41 77 83 85 87 204
0 55 83 246	0 2 6 15 16 32 37 38 46 54 67 68 80 88 116
6	27 78 81 116 223
25	16 36 53 67 73 101 171 200 242 335
13	16 32 40 41 44 54 73 83 165 171 200
1 116 182	15 28 83 108 116 118 183 198 353 354 355
215	15 16 33 130 243 307
14 15	15 27 43 45 51 252
124	4 16 67 339 637
116	83 116 184
56	15 17 67 80 208 396
78	15 41 49 57 67 98 154 171 304 426
76	1 175
31	0 5 6 23 54 59 61 72 451 562
6	16 17 27 67 80 89 101 112 113 115 161
1 68	2 12 23 80 103 212
1	18 85 129 147
132	33 54 81 83 96 143 165
0 10	15 16 17 24 27 28 30 32 33 37 68 80 85 118 275
105	118 119 233 350
54	6 37 40 116 155
25	41 48 60 90 124
6 24	16 27 41 67 71 89 100 102 118 180 181 213
43	18 27 67 116 133 135 194 218 495
36	185 187 227 282 283
53	40 48 153 243
150	85
0 15	15 17 24 27 30 37 41 51 85 89 101 116 161
35	9 18 23 41 105 107 132 327 487
19	8 10 12 15 16 18 27 41 45 57 71 248
95	15 41 75 78 81 120 163 187
88	15 16 24 27 68 71 80 85 94
43	16 89 91 157 186 242 255 297 358
0	7 8 12 15 25 38 45 46 49
9	472
121	100 102
15	24 27 30 41 75 78 108 116 161 164
6	16 171 202
6	8 17 30 38 51 52 53 71 107 116 118 119 142 189 216 219 295 337
42	15 18 24 41 45 57 103 116 211 250
59	67 100 102
43	23 33 89 90 91 96 167 171 186 200 358
44	15 16 24 27 41 59 116 159 211 367 368
1	15 18 23 24 29
154	32 41 48 54 90 250
75	151 448
37 59 81	8 88 108 159 193 194 553
6 50	300 301
20 142	249 371 397 398 462 527
27	102 116
13	308
0 34	0 15 28 37 38 41 54 108
1 4	10 18 27 45 51 74 100 102
5 50 83 199	15 38 51 71 85 89 212
6 27 109	16 18 24 27 32 52 57 84 116 136 160 180 181 185 347 370 496
0 17	27 107 364
9	157
273	15 37 74 85 86 100 101 102 175 487
1 32 246	0 3 5 15 23 26 29 34 80
0	51 99
17	39 56 85 86 159 239 250
110	48 88 124 130 246 448
136	23 28 32 33 34 35 36 37
0 71	15 16 27 68 71 85 354
7 43 135	306
6	95 280
21	54 116
48	15 33 41 54 90 94 161
43	16 33 173
15	15 41 51 116
4	15 18 23 25 29 45 54 80 85 89 100 101 102 116 148 161 299 366
6 78	108 162
177	15 27 83 116
1	41 147 278 279 366
1	73
57	16 32 41 67 89 108 169 180 181
68	27 90 118 161 193
54	40
7	38 67 195
43 77	0 6 15 90 155
1	23 29 37 80
6	118 169 206
1 17	15 16 38 41 67 68 71
24	24 69 78 120 206
0	16 45 51 99 116 251
189	9 15 84 148 149 517
20 58 116 144	10 16 27 39 61 91 94 103 108 185
43 77	60 125 169
21 42 312	16 18 68 83 84 107 109 116 185 327
88	1 32 33 54 94 203 250 298 300 301 303 304
37	17 24 38 204
1 15	0 24 37 54 80 100 102 161 240 256 295 366 433
20 103	15 16 24 27 32 52 63 66 68 84 87 116 136 154 185 189
0	60 73 124 130 171 200 293
27 109	15 68 87 118
9	249 284
240	0 15 16 27 41 68 71 108 116 353 354 355
20 42	15 18 23 63 66 98 109 116 136 139 147 149 160 184 210 223 239 247 262 291 367 368 398 451 509
6	15 112 180 181 239 275
13	10 15 16 17 24 32 38 54 73 77 80 83 84 85 87 89 171 175 204
36	28 185 372 457
53 117	48 49 50 60 83 96 124 165
94	16 106 137 151
10	27 38 88 114 218 324
54	15 25 38 44 45 49 103
1 9	41 66
68	24 68 78 116
15	16 27 30 51 77 78 83 111 116 117 119 120 121 191
6 74	24 28 30 32 33 81 84 85 87 150 197
15	0 6 24 30 54 71 81 150 204 317 325 590
16	4 15 16 212
23	15 16 17 24 27 28 30 32 33 37 78 80 85 100 102 108 118
6	48 75 146
1	15 41 100 102 189 366
20	15 16 17 32 38 69 84 87 101 116 191 202 277
0	32 33 38 46
15 74	15 17 24 27 85 120 197 207
27 109	0 9 15 16 23 27 32 52 53 64 68 72 77 87 108 109 139 154 160 171 185 189 223 263 284 298
92	8 15 38 64 85 87 118 204 386
1 11 14	15 66 68 80 103 386
25	60 93 98 124 374
6 24	15 16 18 27 30 41 75 77 78 81 85 86 116 119 121 176 183 216
0 7	44
50	15 16 61 76 83 90
1 3 9 37 44 54	85 95 96 100 102 189 206
53	8 32 39 40 50 54 58 60 67 83 94 116 122 124 130 153 156 165 444
134	11 41 57 107 270
77	0 73
43	24 67 69 100 102 147 169 191 193 194 195 206 207 268
11	38 71 89
19 20 21 44 87	18 41 66 651
186	48
80	27 83 179
57 154	15 16 23 39 41 49 59 60 61 83 96 105 124 153 165 321
31	16 32 189
48	0 3 5 6
7 17 32	8 9 37 38 67 202
22	15 25 26 38 44 45 49 67 89 101
74	73 83 92 162 191 193 206
89	46 127 423
1 78	27 41 295 372 373
43 59	67 76 87 120 135 182 193 194 195 421
43 50 57 58 78	27 98 135 185 285
49 63	15 28 32 33 54 94
61	85 86
0 11 78	15 16 24 32 41 64 68 71 116 212 299
84	39 54 60 61 83 96 118 165
48 189	17 54 91 100 102 110
6	8 78 264
6	17 24 51 69 78 85 120 147 191 197 207
64 78	135
15	15 27 41 78 79 80 81 82 85 116
27 36 67 225	15 45 53 57 60 73 75 78 91 100 102 106 107 109 124 125 137 168 171 174 178 227 238 258 343 365 471
1 15	51 75 85 116
8	16 32 89 136
12	9 16 28 32 33 38 94 133 180 181 202 207 275
54	182
7	0 6 8 9 15 25 38 44 54 68 80 153 241
27 109	7 11 27 53 107 119 127 137 160 185 212 216 291 387 467
0 11	15 24 27 32 33 37 54 85 94 100 102 275 298
117	15 17 27 41 44 68 85 116 197 207
37	75 77 78 83 92 108 118 176 187 238 282 394
22 199	16 32 63 191 202 223
7	8 15 16 25 38 44 49 54 60 67 77 78 89 206 308 380
0	51 83 117
1 117	116
0 15 24 41	15 24 27 78 85 118 182 207
0 1 11	6 23 148 166 319 393 395
34	26 39 41 49 54 55 59 83 91 94 108 165 210 211 299 372 373 387
1 9 48	15 16 17 24 27 32 78 80 85 89 161
91 121	329 424
37	15 27 37 80 100 102
0	15 37 44 51 89 101
31 36 114	185 589
59	12 24 38 41 43 44 46 116 248
95 191	15 25 45 46 71 89 101 177
12	7 27 66 135 150 160 212 262 325 347 370
15	24 27 85 116
17	15 17 24 39 46 80 202
54 262	83 85 96 165
6	16 67 71 89 180 181 492
15 146 147 171 188	78 84
83	7 12 13 41 45 85 96 127 321 362
9	118 189
80	88 96 127 206
63	10 16 24 25 28 32 69 87 89 162 191 207 208 277 307
8	15 27 144 429 437
110	28
24	75 78 85 119 120 216 316
12 17 206	15 18 24 37 46 84 100 102 240 278 279
57	25 37 54 59 61 133
76	7 17 23 30 203 207 452
25	54 61 91 143 148 157 203 239
115	2 38 44 46 67 101 180 181 213 214 350
43	48 73 78 120 195 394
59	38 44 46 59 67 71 135
1 14 97	40 48 85 95 100 102 206
0	6 7 46 51 99 148
127	270
64	8 27 30 40 61 75 83 108 135 143 186 206 244
6	180 181
27 36 73	9 28 91
68	15 99
1 9 14 20	15 66 68 87 138 239 292 371
115	16 89 101
94	10 15 38 76
51 69	15 16 38 68 71 212
0	15 18 37 41 85 90 100 102 161
6 11 155	0 15 32 54 61 71 80 94 161
55	15 17 30 51 67
6	16 17 38 41 49 78 89 101 116
114	33 75 77 187 204
175	16 18 30 78 98 109 116 150 160 207 223 327 503 530 593
13	45 49 51 147 387 422
43	12 13 15 23 29 38 86 100 102 203
176	13 15 17 24 30 87 150 198
73	185
111	92 472
1 14 44	27 38 44 51 71 80 85 114 116 234
55	0 6 9 15 32 38 44 54 67 80 88 148
0 7	12 38 44 46 99 161
9	9 100 102 372 373
107	8 9 28 38 87
68	8 119 233
24 40	15 51
17 54	15 17 27 41 48 58 78 122 159 160
54	0 2 6 8 9 15 37 38 39 40 44 46 54 61 67 80 90 94 101 156
1	67 68 71 78 89 100 102 120 295
1	9 12 16 91 98 184 210
207	15 41 45 54 57 324 429
15 24 68	37 304 618
117	15 83 116
6	8 19 21 60 78 124 127 158 264
5 50	15 16 27 51 68 69 71 85 116 150
28	2 4 23 27 88 111 155 169 250 452 478 482
157	180 181
36	16 54 83 91 94
127	16 25 32 41
35	8 13
58	67 120 187
199	15 27 41 77 80 280 404
1 37	3 5 12 15 23 26 29 45 80 100 102 178 205 366
6	15 52 53 107 116 118 189 424
46	77 227
6 108	17 30 32 48 60 67 77 78 176 206 244 251
29	16
46	16 24 32 180 181 227
52	6 39 40 48 49 50 54 60 126 130 131 153 159
11 15 49	15 41
87 262	185 245
80	8 24 27 28 38 116 133 156 197 208 218
9	15 16 38 45 49 59 189
54	8 38 39 40 54 86 94 156
236	60 107 225 251
17	8 15 24 27 41 45 71 80 85 87 156 248
17	8 15 26 41 45 49 59 71 78 112 203 264
72	4 15 50
55 58	15 16 32 33 39 54 83 90 160 165 298
1	15 23 27 66 86 161 166 207 212 245 248
127	8 107 119 216 314 383
1	15 37 100 102 147
43 81	15 24 27 28 30 84 87 88 116 135 218
20 36	16 27 57 77 106 116 136 149 160 184 185 226 227 283 310 322 337
172	8 27 67 120 142 228 295
7 15 54 68	15 25 42 44 49 50 60 67 140
0 11	15 116
78	89 100 102 275
1	15 100 102 142 178
1	24 41 60 75 77 78 81 85 119 216
18 252 292	15 27 41 45 251 255 437
68	10 12 15 38 89
43	83 306
8	7 15 16 18 66 68 91 116 160 309
6	15 41 75 78 81 84 119 164 216
106	52 189
41	27 41 84 85 116 160 207 226 291
45	23 27 28 29 36 95 99
48	15 28 38
0 7 9	15 27 38 45 46 89 101
78	15 24 30 81 85
107	8 15 24 27 38 116
15 41	15 24 27 64 85 116 118 135 218
59	350
77 236	15 48 124 125
9	151 363
17	8 38 44 48 50 124 126 130 144 231 250 498
80	15 88 160
14 81	12 15 17 22 27 38 64 71 207
27	15 17 24 27 28 68 88 223 290
11 43 56 78 80 81	15 27 41 68 83 89 116 118 275
77	193
17 34 44	8 15 49 67 89
7 76	15 30 37 67
42	16 18 68 91 109 116 164 223 238 322 327 371 397 549
37 43 80	193 194 195
9	5 10
0 4 12	15 66 71 85 103 207 299
57	12 15 16 27 41 71 112 116 161 203 259 295 357
43	0 6 15 27 44 68 71 85 300 301 502
17 53	27 33 39 40 41 54 78 94
0 24	15 28 33 116 204
1 9 14 37	27 84 116 155 185 189 210 257 495
76 84	48 83 165
43	23 24 27 28 30 41 68 76 85 135
54	50 124 243
1	100 102
42	10 16 18 26 32 41 57 109 211 250
6	16 112 118 180 181
9	16 39 78 242
11 30	32 33 51 87 169
6	60 73 77 78 119 164 216
36	10
1	15 23 26 28 46 80
1 19 27	9 67 193 194 195
56	28 38 85 87 100 102 116
15	15 23
1 68	12 15 46 66 177
46	15 16 32 67 101
1 15 24 60 80	15 27 28 30 85
1 53 59	48 206
154 307	372
34 68	15 16 41 54 56 57 83 90 116 118
1	118 223 265 347 425
6	50 60 130
1	23 29 37 71 100 102 366
25	309
32	2 3 5 15 54 80 103
2	100 102 140 215 274
15 23 29 35 42 43 44 117 154	16 60 78 159 171
1	13 15 17 38 69 71 80 85 100 102
54	48 50 51
1	15 23 27 37 80 86 100 102 161
57	50 67
253	15 16 48 88 126 134 144 159 553 637
21	27 88 135 218
194	1 6 15 17 30 40 42 48 85 86 96 153 190 313
57 117	16 32 68 136 169
25 54	12 15 25 30 41 42 51 77 78 103 219
19 68	9 11 107 239 347 370
67	32 39 40 78 83 85 96 116 165 186
11 14 252	0 15 38 66 103 212
7 11	213
19 20 83 87	23 63 68 98 285 371 397 451 527 530
59	15 88
1 40 45 99	12 15 23 26 29 41 100 102 147 189 278 279
37	8 15 16 24 25 27 30 38 69 71 85 116 135 202 207 337
15 24	15 51 75 77 78 81 84 176 487
24	15 30 41 51 75 78 81 85 116 118 119 121 207
10	15 27 28 54 94 116 133 160 203
68 112	12 15 38 44 55 263
0	0 6 15 28 32 33 87 90 94 148 208
43 201	24 27 90 101 118
181	6 12 23 46 155 177 452
24 41	15 24 69 75 78 100 102 163 187 307
68 90	16 32 52 68 78 87 111 136 151 154 162 187 191 282 283 350
68 90	8 24 147 207 221
66	8 17 27
24	117 118
25	2 8 9 10 12 15 16 17 18 38 41 44 45 54 61 80 94 133 135 218 298 340
19 27 59	25 80 116 275 324
154	39 54 83 211
36	73 147 171 654
6	15 16 44 67 89 90 111 118 180 181 213 214
0	46 85 92
0 1 11 21 50 76 78 83	15 25 28 41 54 61 68 71 81 85 89 94 116 298
132	15 17 25 37 54 59 90 94
52	58 60 75 96 144 153 173
1	15 93 222 293
63	8 9 36 38 67 287 403
1 9	10 51 100 102 180 203 251
275	12 38 59 80 178 435
80 125	8 15 27 41 80 103 127
117	15 16 27 38 41 53 54 57 68 83 89 133 203 299
6 103	15 16 27 32 41 64 89 109 116 185 372 457
17	8 11 21 48 53
7 40	15 16 27 30 41 80 116 118
54	58 60 124
0	33 96 186
14	0 15 83 89 124 165
79 306	83 87
6	48 67 124 206 301 382
1 10 43 56 80	0 7 15 33 54 80
15 80	23 27 59 67 76 78 85 94 114 120 156 161
32	15 405
1 52 55	15 17 26 27 32 39 40 41 61 71 80 83 94 153 161 165
110	8 21 116 150 221 264
52	2 15 31 42 46 54 71 85
0 7	15 18 30 37 41 51 67 83 116
6	151 307
1	51 100 102 183 189
77	0 8 15 16 25 28 38 44 46 68 69 81 90
36	51 83 91 110 285
186	10 15 41 45 48 50 54 56 57 58 61 263
12	15 16 17 37 74 80 212 241
25	92 124 293
36	109 185
4	15 89 234
99	24 41 66 83 91 116 160 353 354 355
12 14 35 68 88	9 12 15 38
59	76 88
15	15 24 27 28 30 51 84 85 248
1 7 11 34	0 7 23 25 46 89 101 116 161
63	124 206
0	8 15 32 38 54 64 71 94
5 11 66 83	15 66 103 148 212
48	8 27 41 45 49 56 57 135 140
9 29 94 123 181	48 53 73 169 171 271 369 437
0	15 24 28 37 100 102
15	17 24 32 67 69 78 87 120 150 156 162 191 197 198 207
48	8 17 25 45 49 54 80 103 120 228 295 333 334 347 386 476 488
19	7 41 63 309
4	8
1 14 66 195	15 38 67 89 100 102 180 181 213 214 277
46	8 9 12 16 32 67 68 212
116	15 24 66 68 71
1 6 15 104	15 28 51 83 85 116 118
6	16 32 78 180 181
31 61	23 27 41 72 116 189
44	8 16 37 41 251 252 253 315
36 44 68	27 109 136 210 283 372 373 457
142	24 57 116 136 239 251 402
108 110	206
0	33 54 60 61 90 94 148 173 298
73	9 15 28 46 88 124 127 130 490
0 7	467
55	15 54 90 161
37	78 194 195
80	8 15 27 44 116 135 208 218
30	8 111
121	8 9 10 15 16 38 89
14	15 16 27 68
6	308
15	15 30 85 284
54	48 51 83 96
124	16 32 37 172
53	48 50 60
6	15 16 147 219
46	48 206
127	203
6	151 169 239 350
6 117	0 5 8 15 16 32 41 42 68 69 78 116 405
0 7	180
89	16 33 47 48 50 73 75 124 130 171 305
68	15 23 48 75 166
7 10 22	12 15 30 38 89 120 182
15 24	15 16 27 30 41 75 81 116 119 207 216
136	39 41 63 91 202 661
6 11 21 59 68 223	15 89
15	16 67 78 81 92 108
54	40 51 85 153 186 195
59	15 16 27 44 76 89
6	15 24 27 30 33 80 81 85 114 116 118
1 44	662
6	300 301
0	73 169 171 173 365 524
110	22 24 69 120 150 191 197 207 348
40 130	16 27 30 32 41 75 83 85 108 116 164
53 57	60 126 130
0 5 7 83	7 37 100 102 142 161
83 298	15 23 27 45 64 451 581
1	23 166 192
62 66 95	15 24 77 78 94 114 116 120 316
11	0 15 54
40	7 15 45 85 248
0 3 12 51	15 17 31 38 54 66 80 88 100 102
8	485
0 48	33
32	1 15 25 37 46 64
1	8 27 189
1	9 16 32 80 89
0 7 11	15 17 37 51 54 85 89 90 100 102 116 118 135 142 161
0	8 10 38 41 116
36	98 167 478
43	23 54 83 255 346
24	48 60 95 125 243 362
9	249 481
1	15 37 46 86 100 102 131 240 256 266 571
15 24	24 30 41 60 75 83 84 85 106 116 118 119 121 163 207 216
36	15 17 68 71
17	0 6 17 25 54 76 80
21	32 33 298
0 14	15 24 27 51 76 87 94 135 218
0 6 24 40 58 118	6 27 30 31 33 50 60 75 77 78 81 124 130 176 194 207 316 520 521 522
16	10 15 16 33 311
42	41 45 49 56 57 59 113 115
54	19 83 85 95 165 190
1	15 16 17 18 23 24 26 27 29 41 64 71 80 116 136
57	8 38 50 144
15	30 41 51 85 116 156
127	0 16 46 47 103 219
58 83	6 147 155 404 479
76 117	23 39 50 60 81 83 96 105 153 165 189
7	21 96 158 206
6 15	81 84 116 135 218 316
54	27 41 48 124
80	529
36	185 187 227 455
260	85
25	60 75 293 461 538
74	15 27 100 102
53	6 21 48 73 96 127 131 153 158 206 243
0 1	0 15 24 32 51 54 87 203 299 404
6	15 77 78 81 84 119 121 176
66	15 41 75
55	100 102
94	88
9	15 38 71
49 51 56 66 112	12 15 28 46 94
67	16 41 83 116 275
0 1 21 68	15 27 32 38 41 46 54
1	15 18 24 41 85 100 102 366
124	51
0 1	33 152 229 395 535 663
63 314	23 37 67 203
54	0 27 39 45 54 69 85 87 90 93 116 135 218
0	0 46
30 81 116 146 171	83 99 118
25	60 118
15	30 51 79 82 156
54	7 16 32 38 41 50 67 140 215
66	78 83 87 120 162 163 187 191 206
7	15 16 38 46 54 90 110 118 203 364
9	15 16 38 89 248
1 43	15 17 23 27 41 45 114 205 218 386
1	15 27 41 100 102 118
6 34 66 68	15 16 38 41 45 51 89 101 111 142 189
44	37 315 495
172	7 15 41 80 83
0 1 54	6 8 12 15 16 17 24 26 27 32 37 38 39 40 41 46 48 54 61 68 71 78 80 85 90 94 108 109 116 153 185 298 299
0 76	16 33 83 111 143
315	10 66
55 58	15 18 38 71
83	15 27 41 211
27 29 30 36 109	16 23 30 51 68 72 83 89 111 112 116 118 285 369
1	15 18 48 83 165 287 295 366 386
12	8 15 27 31 116 135 212 218
0 95	16 32 33 90 118 180 181 307
45	6 15 16 24 27 116 202 219 262
0 4 7	12 15 27 41 45 46 49
3	15 16 27 41 45 46 50 54 57 67 80 85 89 90 116 118 135 143 161 203 210 239 251 297 314 364 437
6	8 16 27 30 51 118
50	32 67 83 90 116 118 206 239
0 7	15 38 41 45 49 71 85
48 101	16 17 54 91 100 102 110
14	15 16 68 89 385
6 15 24	24 27 38 75 76 78 84 87 116 118 135 182 218
44	14 15 27 41 116 136 204
37 74	41 403
113	175
0 6 11	27 68 83 111 116 120 284 350
6	16 30 51 78 107 116 118
27 109	15 24 28 30
0 15	83 111
80	63 76 91 101 108 116 179 184 347 450
6	75 119 216
54	0 32 40 48 51 54 94 96 153
112	12 15 25 38 44 45 49 67 347
22 82	24 87 156 273 399 493
66	13 198 355 409 577
25	83 95 124 190 206 301 382
0 55 78	0 2 4 15 38 54 80 152 234
234	70 175 239 348 511 637
59	67 463 464
136	16 23 27 61 63 72 78 83 91 94 106 116 149 172 203 223 275 350
17	8 15 27 64 85
1 22	15 37 57 78 79 80 82 85 86 100 102 108 161 183 212 240 272 295 366
7	15 38 44 67 71 156 208 228
1	15 41 83 85 90 100 102 118 295 366
36	78 113 115 120
0 1	4 148 319 395 664 665
1 15	0 2 4 5 6 15 43 49 76 80 101 153 161 177
7 78	15 17 27 32 38 41 61 71 80 94 161
43 62	16 21 67 108 162 191 193 194 200 203 311
44	15 23 25 27 29 32 41 45 68 69 71 80 89 116
36 114	185
79	0 1 3 5 6 15 36 40 54 153
0 7	41 54 83 85 96 153 165
68	16 41 85 144 239
51	15 25
67	422
255	15 80 189 248 347 386
9 123	16
66 99	16 67 83 111 118 195 263
1 4 6 15 33 46 108	6 15 24 27 30 38 48 54 58 81 96 100 102 120 150 155 159 197 206 207 212 218 240 244
0	301 382
1	41 71 79 82 295 322 372 373
50	25 54 90 148 184 298 299
80	206 255 300 301
53	186
41	15 24 35 69 75 78 81 87 150 176 191
13	10 37 73 77 78 167 169 171 173 186 316 468 469
42	15 41 91 108 116 372 373
19 22 199	7 32 63 150 239 342
69	66 103 138 211
8	15 17 24 38 49 68 80 87 242
1 7 68	15 45 100 102 366
101 175	17 51 178
1	15 41 95 147 366
17 48 78	15 37 46 54 89 94 100 101 102
95	63 67 112 116 180 181 223 239
23 316	73
1 55 58	15 23 24 27 29 37 100 102 183
49	12 15 37 46 100 102 275
54	11 15 42 46 53 67 88 107 118 271 275 362 437
66	27 36 41 54 67 83 100 102 103 116 118 206 239 347
7 32	8 38 44 124 144 228
6	15 69 71 83 275
12 49	15 17 25 27 30 67 74 89
7	7 8 15 44 49 50 53 58 107
0 8	15 25 38 44 45 59
89	9 15 16 28 32 33 61 69 89 91 94 116 120 185 316
99	15 17 27 41 45 74 89 101 161 295
1 48	23 27 29 37 80 86 100 102
5 83	6 33 83 93 96 101 123 130 163 165 173 183 204 275 278 279 318 353 354 355
7 44	6 10 51 71 112 203 234
1 88	2 6 15 38 44 80
11 21 49 78	15 17 27 28 32 41 61 67 71 80 94 161
193	16 32 41 300 301
33	60 95
23 111	192 281
13	16 39 49 50 73 83 91 116 169 171
9 68	6 15 16 38 45 59 71 189
7	15 32 41 46 90 301 382
15	81 83 84 108 257 284
1 57	15 41 48 124 362
15 17 57	1 2 3 5 15 40 50 54 60 76 80 125 130 153 202
41 82	32 63 157 448 614
0 10	9 15 27 28 32 54 71 94 135 218
68	3 5 17 27 36 44 49 54 203
58 133	23 91 98 109 166 185 371 393 397 451 462 503 527
77	0 6 90 383
1	15 16 17 23 24 27 29 32 68 80 85 118 161
1	18 45 100 102 116 118 189 275
25	75 153 293 311
17	6 15 39 40 42 48 50 54 58 60 83 85 122 124 126 130 153 155 159 165 254
43	28 60 75 78 88 124 125
6	15 16 89 189
1 9	0 26 27 66 103 347
76	16 33 78 111 118 143 186 263 468 469
125 158	25 37 38 54 67 203
11	27 31 116 135 218
0 12 49	37 46 100 102
37	78 85
185	2 6 38 101 212 339
0 7 40	0 1 7 15 25 33 54 76 405
51	0 2 15 25 54 66 71 76 80 101
170	15 66 80 103
48	8 38 46 116 127
63	44 67 156 208
45	14 15 24 27 41 80 84 116 207 291
67 136	15 53 57 60 66 73 75 78 83 91 92 100 102 106 107 109 124 125 137 138 168 171 174 238 258 331 365 471 487
105	8 15 24 25 30 38 68 119 135 218 219
52	666
87 142	15 16 27 66 68 98 116 118 136 150 160 223 275 530
42	8 12 15 16 18 24 45 116 178 239 250
54	25 42 46 56 67 71 89 101 158
48 62	15 23 45 64 68 371 397 398 451 503 558
15	15 24 27 69 84 87 116 150 156 162 197 202 207
1 80	495
27 109	11 16 18 32 38 52 54 68 89 109 227 258 327
14 17	7 12 15 27 41 46 71
0 1 7 10 48 55 78	0 15 37 85 100 101 102 142
14 164	15 25 37 38 89 101
21 44 58 262	15 16 23 44 62 66 72 106 109 138 139 439
1	10
7	15 57 59 221
9 199	8 38 67
12 17 43	15 28 37 46 51 251
0	15 37
1 7 15	0 15 17 25 54 71 80 94 161
46	17 67 120 164
0 19 192 199	32 78 87 101 150 202 239
44	15 16 32 64 159 180 181 284
133	10 27 41 75 77 78 91 100 102 180 426
32	15 17 27 51 80 161 404
21 44	15 38 46 71
51	2 10 38 49 103 152 250 405
11 44	11 16 37 41 68 89 116 251 315 377
117	41 45 50 58 95 124
1 14	15 39 48 83 96 165 321 499
6 104 223	15 16 32 83 89
1 43 80	24 27 100 102 113 115 133 159 183
0 17	15 26 38 44 45 46 49 89 101
4 5	0 15 16 17 27 41 54 71 78 83 85 91 94 112 119 203 216 226
95	15 21 32 67 69 71 78 228
92	73 78 108 169 171
121	15 24 28 30 38 41
15 179	27 79 82 85 248
37 43	15 60 73 92 124 162 169 171 190 191 195 305
27 36 109	60 143 171 173 186
14	15 26 27 41 45 54 57 67
73	20 127
80	27 116
123	561
1 9	41
6	25 49 78
9	41 249
0 7	15 37 38 89 251
25	50 293 364
129	9 15 24 28 68 73 91 135 171 172 185 316
22	15 67 76 80 295
154	8 13 15 41 76 89 101 116 518
59	27 77 100 102 113 115 133 135 159
267	180 181 321 496
43	15 23 27 89 116 255 346
9	24 27 78 161
26	8 10 15 16 17 47 54 68 219
42	27 48 73 211
25	6 75 485
1	85 88 96
0	0 7 25 32 33 54 71 89 90 94 99
5 14 50 68	13 15 17 38 71 80 85
6 59	60 113 115 127 206 244
25	2 15 16 17 27 80 83 85 153 165 311
1 10 11 12	15 23 26 29
12 83	0 2 5 7 8 15 46 80 177 212
6 15	15 24 69 77 78 84 156 399
1 48	9 10 15 16 24 27 38 45 68 87 89 116
38	8 15 24 27 38 51 64 85 116 135 156 218 307
103	9 16 18 41 66 91 138 139 160 185
45	15 17 27 41 67 71 78 112
43	36
1 10 55 78	4 148 152 319 395 535 634 663
3	12 44 156
16 89	2 9 15 16 28 33 38 67 73 85 90 94 101 153 171 173 186 190 202 203 258 358 365 413
95	16 68 147
21	16 83 108 118
0 45	15 16 24 41 116
35 255	54 90 92 109 137 226 283
33	9 127
6 146 147	17 24 30 78 81 87 135 204
25	16 30 33 41 54 80 108
54 117	125
1 44	8 15 16 26 41 60 71 78 80 89 100 101 102 108 112 264
1	100 102 180 181 366
57	16 32 41 54 89 91 94 116 136 185
199	116 156 207
57	7 51 422
51 57	1 4 15 16 32 38 44 71 153 154 180 181 202 385
68	15 16 27 41 68 89 112 116
80	15 27 41 83 116 118 135 218
6	15 83 91 92 118
117	15 16 37 38 41 90 118
74	116 119 164 216
118	24 38 81 84 116
8	0 16 68 76 302
19	7 15 25 89 103
9 199	8 15 27 38 51 69 71 85 89
15 24	15 51 84
95	11 15 16 27 32 68 137 316
37 43 80	23 27 113 115 133 135 195 494
14 17 40 58	7 15 16 37 41 46 89 101
0	0 15 16 28 32 33 37 39 54 61 94 110 173 186
30	258
54	56 124
30	78 83 92 95 187 238
37 43	15 17 23 27 78 90 114 120 133 295
43	16 48 60 73 75 147 173 186
24 41	15 24 28 30 75 80 84 108 118 187
54	11 15 46 48 49 56 67 88 362 437
6	15 17 24 28 30 78 84 87
15	15 17 24 41 45 79 81 82 85 164 251
127	8 15 16 53 118 147 219
73	9 20 95 243 335
6 18 20 31 35 177	15 16 32 41 68 89 111 118 185
12 20 68 83 142	15 26 38 44 66 68 80 103 138 160 371 397
2	33 101 108 173
43	51
48	41 54 90 228
6	16 41 116 239
95	16 38 73 78 171
68	16 32 41
1	147
95	11 38 67 71 112 153 202 224 307 557
8 17 26	2 13 15 44 58 124 144
54	15 88
15 24 107	12 13 15 16 17 27 74 80 100 102 240 433
11	7
0	2 6 91 103 148 153 155 190 229 298
0	0 6 15 16 32 33 39 46 54 85 90 142 298 299
0 19 67 135 246	9 10 15 16 27 32 38 39 54 68 85 86 89 91 94 116 136 202 211 275
17 68	8 15 16 24 26 27 41 45 57 71 116
67	15 16 32 37 38 41 46 54 55 57 61 89 94 118 186 203 295
17 130	16 24 27 32 41 75 78 83 108 116
64	15 16 38 41 89 118
9	15 139 481
11 60	8 16 32 47 73 215
0 40	9 25 45 46 76 103 161 248
21	16 24 25 37 41 71 116 315
6	8 53 83 219 221 372
14 17 20	15 26 27 68 109 135 149 371 397 398
54	15 16 50 60 89 101 140 215 239 538
36	9 16 32 68 149 180 181 185 187
0 1	6 395 607 665
36	16 54 55 59 61 83 211
13 67	15 16 17 24 32 33 78 80 83 85 87 91 96 120 187 204 316
21	15 83 89
14 21 44 116 150 191	15 16 18 27 32 41 45 68 108 116 136
24	24 27 41 51 78 83 85 119 165 233
136	15 16 61 94 136 149 186 202 203 227 298 547 667
58	18 41 45 54 57 160 178 189 210 239 256
9	22 147 295 366 424 479
122	16 39 136 316
25	24 27 68 71 83 116 212 339 572
15	116 207
6 53	17 39 40 50 73 83 159 165 271 351
0 55 56 76 79 117	60 143 173
83 171	15 16 24 27 32 64 85 89 116 136 203
21 24 104	16 27 41 77 83 91 106 116 119 216 238
7 21 24 40 48	15 27 30 41 51 81 85 116
14	7 15 38 54 71 161
20 22 199	151
7	41 42 45 56 100 102 140
6	28 48 60 73 75 171
125	10 25 38 44 46 49 67
80	38 67 76 89 101 120 179 229 463 464
6 276	15 16 18 32 41 52 89 116 185 189
45 129	15 16 27 57 66 68 86 116 149 185 211
0	7 8 15 25 38 44 46 54 61 103
7 9 17 32	18 45 83 91 116
93	15 16 25 112 124
27	23 53 81 84 105 109 185 285
41	15 69 78 307
28	111 316
77	61 90
3 15	15 27 28 41 69 89 118 191
27 109	16 23 68 80 89 119 151 189 216
110	668
6	15 17 24 38 46 67 180 181
88	2 37 75 94 315
15	15 30 41 75 78 116
15	15 27 30 41 51 83 85 116 117 119 233
17	8 15 27 66 76 103
40	15 46 88 362
24 48	0 16 41
43 113	1 6 16 32 33 54 68 80 94 300 301 327 349
15 50 68 95	15 27 38 45 54 71 85 90 116 118
21 43 78 80 84 99	15 27 83 116 133
0 1 6 7 11 15 30 43 56 104 121 155 171	15 24 27 30 33 81 85 114 116
17	12 15 25 38 41 44 45 49 71
1	85 100 102 206
60	15 24 27 38 85
117 132	37 50 54 55 59 61 143 186 211
1	8 25
1 3 14 95	8 15 41 71 85
43	15 16 27 32 68 87 154
15	15 41 75 78 83 85 116 118 119 120 121 153
1	15 17 24 28 30 32 33 37 80 100 102 187
27 109	107 242
6 35	10 15 16 27 30 41 45 51 68 83 89 107 377
0	6 15 16 32 33 90 94
42	15 16 27 41 57 68 89 211
308	15 16 41 54 68 83 91 94 116 185
31	15 16 23 52 72 118 189
1	66 100 102 256 295 347 386
25	2 5 6 15 16 24 25 38 68 71 80 94 103 212 228 374
6	15 16 27 32 38 53 68 73 77 87 112 116 154 159 223 234 263 298
0 1 11 55 93 155	0 2 3 4 5 7 38 50 54 339 404
113	19 60 130 209
1	15 23 27 29 37 41 80 178
6 74 105 123	8 15 16 24 30 38 68 69 78 88 89 120 156
1	3 5 12 15 26 46 80 100 102 205
11 28 80	27
40	111 118
32	0 2 6 8 38 43 49 54 409
6 66	15 61 81 119 164 233 298
7	73 124 171
15	30 41 51 67 78 111 116 120 383
9 15 18 123	8 16 38 44 47 151 219 292 664
50	146 311
25	75
132	27 41 57 83 85 108 116 118 226
31	15 16 24 41 64 68 84 116 185
41 107	67 120 162 191
0 1	46 362
6	15 83 99 118
115	16 67 89 101 180 181
21	9 10 12 15 16 18 25 40 41 54 68 71 75 89 94 136
26	8 16 250
17 51 66	17 38 67 71 85 89
33	16 33 61 90
123	41 67
43	23 364
65	0 15 25 69 76 80 150 161
1	15 17 24 27 28 30 81 85 87 404
1	15 37 85 194 295 433
121	17 51 251 447
110	54 61 71 80 92 118 127 206
27	15 16 25 28 37 38 41 54 61 64 71 94 100 102 116 118 135 275 298
17 46	8 9 15 36 38 60 67 131 241 363
12 170	2 7 15 25 76 101
1 3 14	15 16 38 41 67 68 71 89
74	8 16 27 38 41 53 78 116 118 119 180 181 191 216 219
36	361
24 48	27 75 85 108 116
1 207	51 410
195	15 16 17 27 28 30 32 38 41 44 67 68 85 87 108 116 135 139 150 155 160 184 197 207 223 245 261 326 372 457
8	107
128	6 7 8 9 15 17 32 38 44 54 71 79 80 82 212
1	15 17 24 27 78 85 90 100 102 150
13	39 48 50 59 60 81 96 124 176 199
7	2 3 5 15 17 25 45 49 67 215
27 109	0 15 16 28 32 33 37 39 41 54 64 78 80 90 98 116 173 186 187 200 461
37	27 66 160 247 291
112	15 32 67 94
1	6 37 57 80 100 102 347 370 386 424
1 9	6 10 12 15 16 17 24 32 38 45 68 151 161 178 189 292
30	111
99	24 80 85 156
36	15 16 18 27 38 45 57 89
89	46 107
24	95 143 173
8	38 44 67 151
46	87 101 239 385
6	15 16 41 83 118 120 207
27 98 109	9 36 228 258
66	37 38 51 85 89 156 161 251
32	0 15 27 32 51 54 61 71 80
148	27 150 160 364 462 477
54	120
10 49	30 71 85 94 156
0 10	0 15 32 51 54 61 89 94 251
1	100 102 247
19 44 83	15 51 66 189 251 275 310 462
15 91 104	15 64 83 108 116 118
7	8 15 38 107 158
13	16 23 32 33 61 73 78 89 90 91 94 98 101 108 123 136 169 171 173 186 242 249 358 365
94	16 68 137
66	27 67 83 89 118 142 156 495
0	6 8 16 32 54 94 300 301 349
7 16 49	48 60 73 90 125 171 173 186 200 206 243 244
1	27 93 118
6 28	30 176 423
9	10 15 45 51 103 248
25	130 153 180 181 305 485
1	12 15 18 23 26 27 29 39 41 66 69 88 376
6	15 24 30 54 71 76 78 116
15	17 39 48 54 67 80 85 124 201 444
1	13 15 17 23 27 85 86 100 102 127 166 266 272 347 353 354 355 370 386 424 500 541
54	129 255 301 382
0 7	38 44 46 99
48	10 15 16 27 41 71 77 78 85 112 120 259
57 132	16 54 68 108 116 189 203 316
1	7 12 38 44 46 71 89 100 101 102 103
43	78 116 156
43	24 27 78 114 116 135
0	16 32 40 54 68 91 126 148 175 228 498
9	41 189
7	12 16 33 61 67 89 101 127 180 293
0 78	0 15 39 54 90 116
15	51 85 248 254
0 4 5 58	15 32 33 35 37 39 54 81 89 90 101 118 124 143 153 186 300 301
94	171 372 373
118	0 16 41 83 116
95	15 16 27 32 138 203
42	18 27 41 45 54 57 136 185 210 239 256
0	32 46 73 124 171
50	54 76 94 103 143
15	41 43 248
57	39 50 60 83 96 143 153 165 169 175
59	48 51 67
124	4 27 55 97 300 301 345 405
15	8 16 24 27 28 51 85 95 150 156 355
112	8 15 17 27 41 57 85 263 353 354 355
95	1 27 68 89 110 358
77	46 48 124 398
34	16 27 41 68 89
125	2 15 25 37 38 67 90 156 297 506
9 68	15 16 38 45 59 189
15 24 107	15 16 17 24 68 69 71 84 85 120 144 204 207
27 33	15 16 33 35 54 60 67 75 77 78 81 87 90 119 120 176 202 298 380
48 113 230	8 9 38 69 71 222 228 246 264 300 301 349 435 476 502
54	15 16 46 60
6	15 41 108 116 119 216
44	8 9 10 15 16 37 38 252 253 315
1	40 48 60 124 206
190	8 15 27 31 38 67 212 234 339
94 317	51 229
42	51 85 119 233
15	117
6	8 16 60 78 264
6	28 81 84
1 4 174	6 7 80 147 161 176 212
76	15 37 38 54 59 90 94
1	80 178 256 295 366
15	8 15 30 38 44 67 69 71 85 101 144 156
66 95	6 68 70 71 148
0 7	52
9 123	489
1	8 15 24 27 85 150 156 197 207
1 37	41 212
54	7 48 50 60 306 422
57	91 108 109 110 178 210 227 277
15	27 51 69 85
6	8 15 17 24 30 44 78 84 87 89 187
77	44 66 607
127	538
7 277	54 73 91 143 167 171 172 175 227 285 358 365 434
0	16 23 32 68 166
7 51	30 67 71 156
44	8 15 16 26 41 60 71 78 80 89 100 101 102 112 264
40	51
246	1 6 24 25 32 37 39 76 80 161 202
0 12 24	15 24 28 32 33 38 54 60 87 90 94 101 103 212 404
121	30 51 85 93 296
7	2 12 46
70	11 34 83 87 146 258
183	2 3 5 8 10 15 16 24 25 27 38 69 80 85 89 101 103 116 212 273
42	18 41 57 80 103 106 109 116 159 160 210 211 227 239 250 262 291
27	11 53 107
6 15	15 28 30 116 239 300 301
13	75 293 318 508
55	0 15 23 80 295
21	15 37 62 64 68 116 252 253 275 315
20	15 16 57 91 98 109 116 135 136 149 160 185 212 223 227 285 291 329 330 530
12 83 144	23 42 46 66 91 103 110 285 434 452
95	27 30 51 67 75 78 113 114 115 116 118 161 162 191 337
110	8 92 206 221 243
89	15 33 61 190
0 15 24	33 35 75 78 176 199 307 563
24 99	15 27 41 46 67 80 85 90 111 118 143 161 180 181 195 239 295
242	41 42 59 81 159 321
6	48 60 124 130
124	0 26 36 90
27 109	92 243
7 17	16 73 167 171 175 340 365
162	0 36 54 173 186 475
1 14 44	12 15 16 27 38 41 71 80 116 120 176
1	41
1	15 30 51 120
50	180 181 206
32 66	2 3 5 15 30 69 76 120 150 156 197
32	130 131
6	83 108 118 124 190 206 301 382
66	23 25 37 38 59 112 161 447
103	16 27 32 41 68 89 116 136 227
146 147 280	27 30 85 100 102 135 218 324
41	15 41 78 85 120 163 176
15	27 116 218
255	17 27 30 41 51 67 78 85 116 120 142 161
32	16 32 38 66 80 89
36	9 12 16 18 149 185
6 63 74	15 24 27 28 30 69 85 87 120 150 156
0 11	15 52 68 275
1 37	13 23 29 80 86 100 102 156 366
19 27 35	52 102 223 291
24	33 77 78 163 204 394
30	27 41 78 83 119 164 216
25	17 67 293
51 112	0 2 6 7 15 37 38 76 268 275
54	23 105 147 296
15	15 16 24 27 41 116 118 160
78	15 16 37 41 54 80 83 90 116 118 133 143 184 203 297
0 1 55	2 4 6 7 38 71 80 100 102 234 240
178	85 173
6	162 180 181 187 305 426
36	41 136 178
6 66	15 24 28 30 51 68 84 85 114 251
117 132	32 38 40 94 124 143 186 190
6	15 24 81 316
6 12 17 104	8 14 15 30 31
16	50 60 124 130 311 499
1 37	67 287
1 15 55	15 17 24 28 32 33 80 81 85 90 268 404
127	129 171 286 511
16 236	0 2 3 4 5 6 8 38 43 153 294
15	16 60 75 78 92 98 110 111 119 120 163 216 283
91	17 80 85 108
2	4 16 27 41 173
21	9 15 16 24 25 41 51 71 116
42	8 18 27 41 57 458
49 78 117	7 37 89 153 251 275
24 52	85 88 206 221 243
6 7	8 107 222 485
0 15 95	16 98 251
108	87 669
6	15 30 51 89 116
29	9 10 12 15 16 24 27 32 33 41 64 68 71 116
36 67	15 16 23 41 54 61 68 72 89 90 136 137 185
11 12 49 68	2 6 15 66 68 80 177
19 20	15 27 57 64 85 86 123 156 223 250 254 266
54	15 24 27 28 78 81 85 116
112	7 38 44 45 59 67 89 101
117 132	27 94 275
15 24	9 15 16 25 27 41 61 110 160 185 358
43 80	27 100 102 113 115 133 404
150	39 54 58 85
1	15 23 27 100 102 295 366 433
1 3 15 44	92
95	61 68 91 202 203 239 316
6	8 16 38 52 78 89 101 189 219
50	16 45 68 71 89 148 149
105	8 15 24 28 81 219
6	16 171 311
112	50 144 195
17	15 25 27 38 41 45 48 49 50 54
59	162 187
6	280
240	2 8 16 32 38 54 68 71 103 299
1	23 29 86 100 102 234 248 263 424
0 15	15 32 83 90 96 118 143
1	15 17 23 27 37 41 76 80 147 295 366
157	15 147 234 259
1	12 15 23 24 30 37 38 100 102 116 120 138 223 295 386
133	16 24 27 63 98 136 149 160 223 398 458 530
260	33 85 94 116 307 357
1	15 18 27 100 102
117 132	15 16 25 37 54 59 61 100 102 203 211
4 5 68 90	15 16 18 26 27 32 41 68 71 78 83 85 89 108 112 189 203
15	15 17 27 41 79 82 85 424
6 24	24 27 28 30 31 33 75 118 135 218 257 579
1	15 23 27 29 80 256 386
7 58	15 24 27 32 41 71 80 94 116 161
0	15 41 51 85 90
73	95 96 173
15 121	17 67 78 120 162 191 208
59	67 88 287
6	41 83 108 111 116 118
1	17 67 78 89 120
0	7 8 24 27 41 69 78 84 116 119 121 135 207 218
73	16
53 67	15 16
127	15 24 27 28 30 41 78 81 116
5 24 195	58 63 112 135 239 307 353 354 355 389 670
5	15 16 38 44 71 76 101 135 228 290
257	239
1 15 24 195	51 85 95 207
76	15 16 32 54
103	9 10 16 28 32 41 48 57 136 180 185 483
6 95 223	16 24 27 89 350 384
6 15 22 41	7 15 17 30 33 54 69 71 77 78 80 81 84 94 119 120 121 144 161 176 197 204 245 423
103	11 15 16 17 32 64 85 87 101 150 162 659
1	15 45 100 102 295
16	311 449
104 165	15 17 38 67 68 71 78 239 339 348
0 7 12 83	0 6 15 38 66 71 80 100 102 103 153 207 248
17	3 5 17 25 36 49 54 67 203
80	15 18 41 78 116
50 142	15 27 41 57 103
7	15 25 41 42
1	41 85
0 49 82	15 24 83 87 404
76 117	15 17 32 33 41 54 71 89 94 116
40	37 100 102
11 49	15 37 54 61 100 102 275
9	15 27 41 52 326 372 373 386
99	51 81 85 118 147 164
32	0 16 33 37 54 94 101 180 181 202 275
21 49 54 66	54
14	15 16 25 26 27 32 33 35 51 60 75 87 90 98 343 362
55	15 24 28 32 87
7 53 54	6 96 103 143 186
17	7 15 25 37 38 46 89 228
17 26 48	8 38 54
75 117	0 2 6 8 16 32 44 46 54 80 101 103
1	15 80 86 256 295 433
0 7	6 15 37 46 80 83 89 90 101 116 118
20 22 27 109	62 107 112 179 247 291
50	10 100 102 206 274
91	24 83 116 118 120 220 275
55	16 239
0 55	8 9 16 32 38 44 68
20	16 66 144 149 223 239 347 348 389 670
106	23 72 87 109 116 185 189 223
0	6 32 33 90 155
53	27 32 37 39 41 50 54 60 75 77 78 81 83 94 119 124 153 165 216 243 343
2	16 106
1 156	15 41 51
53 121	92 124
9	15 38 45
1	60 95 127
105	15 16 54 57 116
17 51 57	2 4 8 12 38 42 44 46 48 50 124 126 130 144 230 231 250 302
0 24	15 16 24 27 28 30 32 71 80 81 85 89 101 161 207
6 68	8 9 16 38 49 107 219
6	78 111
9	15 38 116 118 189
1	15 25 27 45 71 76 100 102 112 161
35 61	15 18 27 41 57 64 116 160 291 503
1	15 18 38 118 256 295
4 12	6 8 15 44 46 66 68 103 241
0 7 11	38 44 55 67 71 78 208 396
36	16 67 89 91 172 185
33 318	60
15	43 51 79 82
43	24 27 28 30 41 78 85 116 135 150 160 197 218
68	41 75 108 116
12 17	9 15 16 24 38 46 66 68 76 103 135
132	33 39 54 83 94 165
62	27 30 41 51 67 111 116 162
41	73 75 78 117 162 191 277 426
33 54	39 60 126 159 422
25	47 48 73 171 200 311 439
121	15 27 45 85 135
80	208
16	48 60 73 130 171 200 202 335 499
112	25 45 46 50 103
12 49 68	60
43	15 24 32 61 78 81 114 116 120 316
9 43 99 130	83 124 190 193 206 293 301 382 495
20 45	15 116
6 15 104	15 24 32 33 51 69 75 84 108 187 280 305
17 24	17 24 60 69 77 78 120 162 191 207 305 414
1	15 37 68 85 118 275
1	18 41
1	2 23 38 103 177
14	27 51 68 71 78 112 116
15 24	15 24 41 75 78 85 116 119 121 163 207 216
15	15 75 81 316 404
19	15 16 45 57 68
17	8 15 306
47	60 127 219 364 485
59	38 44
9	272
42	332
0	16 17 18 68 77 89 91 112 116 137 210 227
1	15 16 17 27 39 41 71 77 78 83 85 91 94 112 119 149 203 216 226
13	16 94 162 191
17	15 16 32 41 78 84 85 169 204
11 21 63	15 83 118 208 396
54	8 15 37 41 90 118
1	48 100 102 124 206
6 27 109	16 17 52 83 87 162 207 299
11 155	15 17 24 27 38 78 85 114
32	15 23 26 59 80 86 100 102 240 248
6	18 27 53 83 106 107 111 118 119 185 216
27 109	16 24 32 38 68 69 87 185 187 204 227 282
172	16 32 67 68 71 89 136
6	59 89 156
45	8 60 221 264
1 99	37 41 118 193 295 300 301 372 373
80	23 27 38 74 76 133 135 494
97	2 4 7 33 38 44 148 152 208 230 481
211	0 15 27 38 299 387
76	40 61 190
9	41 189 386
14	8 60 71 78 124 221 264 280
15 40	24 69 83 87 118 162 191 197 207
15	15 16 54 80 90 111 118
1 11 49 117	15 18 27 41 85 86 90 116 118
117 256	54 94
6 36	27 32 68 84 87 187 204 282
16	8 9 33 67 85 157 270 297
24 58	51
36	15 25 28 33 54 61 118
15	96
0 34 68 99	7 9 15 16 25 38 41 68 71 89 116 202
95	13 15 24 27 44 69 78 85 156 353 354 355
117	83 91 106 109 160 187
1	12 15 23 71 112 295 366
93	3 5 15 54 66 80 103 241
12 112	41 83 85 116
38 95	24 41 85 234
6	8 16 38 89
11 56	15 41 68 83 116 284
3 6	15 16 27 41 78 83 85 89 90 101 111 116 118 161 295
7 59	16 32 89 101 212
1	88 93 124 144
232	0 16 32 41 108 180 181 251
6 223	23 27 29 51 114 116
171	15 27 30 41 51 78 85 116 118 119 120 156 233
14	12 15 37 38 89 275
121	27 116 135
1	6 7 15 17 25 28 30 32 33 37 61 69 71 85 94 120 150 197 198 203 207
7 44	9 12 15 18 26 27 41 45 71 86 116 178
6	8 78 164
44 50 85	9 12 16 32 66 68 84 116 160
6	120 221 484
6	8 15 16 41 68 84 85 89 116 153 180 181 207
83	4 148 319 339 341 482
78	36 39 41 73 98 103 148 172 239 304 347 366
11 15	41 75 108 116 119 160 216 226 291
12 45 87	12 26 36 46 66 127 135 153 347 416 425
1	15 23 27 80 85 100 102 114 386
31 36	15 16 27 32 52 68 89 116 189
0 6 22	15 17 31 78 81 176 316
1	37 51 80 90 100 102 164 180 295 366
1 44 48	15 16 23 27 41 45 68 72 89 91 112 136 137 180 181
10 12	8 15 25 27 88 135 218
70	40 48 50 56 58 60 130 159
1 99	15 16 18 23 27 29 41 68 78 80 85 89 160 161 178 203 295
54	15 24 27 41 42 64 85 109 116 131 153 239 250
110 297	27 158 172 220 246 471
49	2 15 66 177
236	6 46 61
117 132	83 96 165
231	16 67 69 150 156 180 181 277 350
1	48 60 68 73 85 130 157 272 391
95	15 24 44 69 89 135 466
13	0 28 39 40 54 143
6 72	15 67 151 236 619
63	44 67
66	27 30 41 51
1	15 25 38 74 76 80 103
15 21	24 30 41 81 85 89
59	12 25 38 67 179 218 324 375 463 464 529
144	15 27 54 86
6	10 16 25 67 136 180 181 202
7	16 32 38 44 54 71 76 94
35	18 23 41 45 105 106 185 283
67	40 83 153 165
29	15 16 33 87 116 204 207
98	99 257
24 41	24 69 85 118 207
0 11 49 55	7 15 17 24 27 37 41 78 80 85 161
7	15 17 27 67 161
15 108	15 27 116 150 160 220
6	15 16 33 54 60 83 90 91 108 117 173 185 186 305 311 475 629
1	95
37	15 23 27 37 100 102
55	15 27 41 54 80 90 116 212
0 7	12 38 44 46 161
8 43	71 87 91 101 151 180 181 222
136	15 16 61 80 91 173 186 202 326 547 548 568
6 15	24 27 35 69 78 81 87 116 135 150 182 187 207 218 282 337 352
12	30 78 120 156
15	15 79 82 85 248
38	27 51 69 85 116 135 156
104 105	15 17 67 120
6 66 95	51 85
77	10 16 25 89 101
1 37	15 18 41 90 118
99	90
25	16 54 60 67 96
9	24 41 68 69 71 78 112 116 135 158 160 222
1 14 57	17 58 60 77 124 131 159 160
12	10 15 16 41 45 73 103 116 137 171 219 309 384 472
132	27 39 48 54 59 60 83 94 96 153 165
89	9 73 130 159 200 246 362
6	15 27 81 84 116 118 135
53	40 96
43	0 15 32 37 54 76 94
17	11 27 51 116 135
6	8 16 49 78 116 219
16 48	15 24 28 69 71 120 182 259
0	0 6 16 24 32 33 54 94 298
25	95 127 143 153 173 293
0 7	15 17 24 25 28 32 33 54 69 71 80 81 83 87 89 90 94 101 298 404
44	15 16 18 41 57 83 91 106 107 109 136 160
8	15 49 151 249
6 99 163	15 16 89 118 251 377
9	15 17 23 38 86 87 166 207
3 45 83	15 16 18 24 26 27 32 41 68 71 78 80 85 89 108 112 120 147 182 189 203 204 210
17 88	15 25 38 44 45
115	15 16 27 45 67
48 55	46
32 79	37 108 118 125 190
1 44 48	15 16 23 27 41 66 68 72 91 108 112 137 180 181
42	18 27 57 91 109 137 149 184 185 210 227 258
63	8 38 67
53	27 41 50 53 60 116 153 169 444
50 55	16 33 83 90 111 116 161
9	23
17	8 13 15 45
4 5	15 27 41 45 57 58 107 178
45 195	28 116 150 207 387
17	27 30 41 75 81 116 164
89	215
1	147 278 279
78	32 89 143
19 20	41 63 250 447
48	0 15 37 41 54 61
15	24 51
17	8 9 38 44
6	8 9 15 24 27 28 30 135
70	78 280
110	84 150 207
70 117	48 49 50 56 57 59 60 77 78 124 176 423
33	8 15 21 27 41 64 116 150 197 207 220 264
17	15 16 32 41 78 84 85 89 162 169
1 9	15 27 45 49 59 205
112	8 126 201 362
117	37 39 49 54 59 61 83 96 165 189 211
51 57	2 4 15 49 59 103 409
15 24	15 30 69 78 120 150 156 197 198 204 207
113	8 48 60 130 410 448
17	15 17 23 59 61 67 78 85 113 115 120 161 211
32	180
21 44	12 26 46 252 253 588
21 36	27 91 135 149 160 185 283 290
14	144 206
48 113 193	2 8 19 38 60 73 94 130 131 171 200 209 246 448
16	126 243 525
68 114	9 27 41 91 135 138 185 371 397
12	0 15 28 38 54 69 71 80 101 117 150 197 207 234 395 404 669
6 31 99	15 16 52 89 189
0 24 83	73 85 93 96
1 55	0 15 51 85 90 161 254 324 517
15	14 15 27 28 30 78 84 85 87 116 135 150 156 160 197 207 254
0 1	38 50 71 90 152 230
66	30 67 156
32 79	36 124 256 258
17	10 15 16 41 44 45 211
3 29	8 9 16 32 38 44 68
54	12 15 25 38 42 49 71 116 140 347
6	15 24 28 83 87 119 204 207 216
7 53 117	39 40 58 60 83 85 124 165
45 54	15 16 27 32 41 68 89 116 160 250
0	7 12 15 38 68 71 94 120 182
3	15 30 38 51 68 71 85 99 275
82 195	17 38 84 86 120 150 197 198 207 220 266 671
48 230	8 9 38 69 71 222 228 246 264 349 435 502
0 24 56 146 147 206	9 27 28 39 41 85 116 118 135 197 414
52	50 60 127
77 207	2 8 15 24 44 103 177
95	30 41 51 61 67 78 83 89 94 118 120 191
20 42 142	10 136 443 504 527 528 558
17 43 68	16 60 89 90 101 159 171
27 30	9 16 68 71 89 107 118
0 10	15 16 17 24 27 28 30 33 37 61 68 80 85 89 91 94
48	15 18 41 54 59 61 90 161 211
36	28 91 94 180 181 185 187 202 282
0 7	18 83
9	23 166
111	16 32 73 92 169 242 472
9 181	15 16 24 27 41 44 45 89 147
0	15 37 46 51 100 102 251
0	28 54 90 94 304
7 72 117	67
220	16 32 68 84 87 136
5	15 27 38 41 45 57 85 211
6 11	15 83 89
77	46 130 153
27	11 27 28 57 185 487
113	300 301
80	24 27 28 30 78 81 85 88 116 120 135 150 218
1	537
10 11	15 16 68 80 120 153 156
1	15 23 29 37 80 152 256 347 370
127	286
103	16 27 32 41 68 78 87 116 437
59	7 15 27 38 45 76 88 134 179 463 464
53 74	40 48 85
68	16 41 52 219
83	67 78
125	0 2 3 5 6 7 15 25 54 66 76 103 155
55	12 15 16 32 80 100 102 118
59 99	27 41 51 85 100 102 111 116 251 295 433 494
8	151
1	37 62 80 256 278 279 347 425 607 672
6	41 73 78 250
43 67	0 33 73 81 83 96 143 165 169 171 173 186 255 358
9	15 89 118 251
6	8 41 111
6 163	16 32 68 87 118 151 180 181 350
8 125	16 32 89 101
42	18 109 149 227 258 332 371 397 427 503
0 12 28	15 17 24 27 31 68 80 81 85 114 135 197 207 218 254 316 404 414
1	9 12 36 38 44 67 80 161 212
42	10 15 16 32 41 57 68 89 250
25	8 24 27 32 33 38 44 54 80 85 101 120 156 341 374 375
0 117	16 42 68 210
43	78 83
117	39 83 85 153 165
6 15	15 100 102 108 118
4	13 25 38 66 138 180 181 202
33	2 4 5 15 38 46 76 110 202 405
48	15 16 37 41 46 71 89 161
286	18 69 80 111 114 184 187 300 301 348 375
127	23
215 319	15 17 27 38 116 135 177 208
124	48 130 243
1	41 178
7	2 66 110 234
70	14 15 27 30 32 33 41 51 78 116 160 204 278
20 133	18 27 109 135 136 149 160 289
53	48 124
15	16 17 67 78 143 162 169 186
0 6 41 82	15 17 24 28 30 76 162 191
44	17 23 26 27 29 41 45 49 71 89 101 112 203
7 52	48 206
125	15 25 80 144 212
52 54	40 60 73 75 78 88 96 127 206 243 244
18 29	10 116 261
1	15 37 100 102
30 81	16 33 78 87 187 204 282
15 24 41	15 33 35 75 77 78 84 120 162 176 191
72	2 16 25 32 37 39 40 48 60 89 94 124 130 315 326
66	15 27 41 77 78 116
149	13 91 110 154 239
18	16 53 83 249
146	0 1 3 5 12 15 16 28 36 46 54 76
1	12 15 27 45 71 80 100 102 112 161 295 386
117 132	16 37 54 61 83 90
124	4
21 87 116	91 106 108 149 258 267 283 310 329 330 332 427 549
15 24 104	24 69 78 118 182 198 305
11 155	6 7 15 37 38 41 76 268 275 404
185 193	40 75 130 146 153 190 311 343 554
17	12 27 38 49 57 89 161
320	16 18 41 98 110 149 184 185
48	24 39 300 301
11 49 55 76	15 32 37 54 94 161 275
0	12 15 67 71 89 101 112 208 259
91 199	15 16 17 30 41 67 78 81 120 180 181 323
45	16 18 30 41 51 75 77 83 108 110 111 116 117 119 121 156 227 337
1 16 25 89	28 32 33 54 90 116 124 173 186
6 31	16 23 72 99 189
17	8 15 27 32 33 41 49 71 80 94 112 161
63	38 44 67
15	85 95
11 155	16 24 27 41 89 116 136
54	48 75 78 206 243 244 277
104 321	28 32 35 73 90 423
82	16 24 27 32 68 85 89 116 150 207
110	2 3 5 8 10 15 16 25 61 80 89 101 150 478
15	75 85 207
20	17 24 28 30 84 87 187 282
1	12 15 18 23 24 26 27 29 41 64 69 178
52	15 48 124
103	27 32 68 87 111 350
6	18 111 119 216 283
19	15 126 458
6	8 52 118 147
105	8 15 17 68 78
6	100 102 206 242
27 109	169
21	8 11
1	15 18 23 24 29 41 51 78 85 116 404
91	84 87 116
62	8 38 41 54 61 94 298
286	8 12 15 38 66 71 138 228
112	2 17 85 87 150 197 198
27	68 109 137 149 160 184 227 371 397
26 29 61 94	16 47 67 87 189 202
29	15 16 25 41 64 68 116 136
15	15 24 27 81 85 116 118
17 80	92
0 68	15 41 45 64 68 251 252
74	8 60 78 119 158 169 206 216 264
43	23 113 115 229 255 404
15	51 83 117
32	0 1 3 5 15 27 33 36 54 55 529
0	8 15 38 44 45 46 54 59 76 89 101
53	14 96 411 454
1	13 17 23 27 29 80 86 100 102 161 198 212 240
246	0 15 16 24 25 27 32 39 40 54 80 85 89 153 202
11 115 155	16 28 32 33 37 41 54 77 78 80 90 108 116 159 173 186 200 461
51 112	16 32 52
89	8 9 16 30 33 73 124 157 171 200 243 270 297 448
25	48 92 124
0	6 15 32 33 46 90
27	106 285
37	35 60 75 78 130 153 176 199 655
17 117	37 38 67 252
0	15 33 46 60 81 83 90 96 143 153 165
80	16 89 106 136
27 109	219
6	15 16 23 27 41 42 72 80 89
48	67 90 109 147 149 210 300 301 333 334 435 468 469 476 488 529 562
41 107	24 68 84 160
0	33 143
1 12 83	12 66 100 102 103 240 265 278 279 295 366 386
13	16 91 185 285 358
57	15 16 28 30 33 41 46 51 54 68 80 83 89 116 118 210 221 263 298 385
38	31 75 119 233 316 337
6 163	15 26 27 41 45 79 82 110
16	0 2 15 16 37 40 48 60 67 73 75 80 89 98 100 101 102 119 120 121 124 162 169 171 173 186 187 190 191 206 275 282 293 311 343
84	39 54 90 94 143 186
21 44 48 114	9 16 18 41 68 91 109 149 160 185 427
11 80 99	45 53 54 80 83 90 92 116 118 429 437
48	15 17 25 27 67 85 114 142 161
9	16 38 89 101 118 189
60	15 41 85 248
7 17	8 21 48 49 50 58 59 60 124 125 153 264
15	24 51 81 85
11 153	7 16 33 37 46 116
1	15 58 67 80 85 120 254 287 353 354 355 500
74	75 78 119 162 191 216
1 17	2 6 12 46 59 153 155 344
284	93 95
6	52 189 197 245
21 66 80	9 44 67 88
213	100 102 124 144 147 153 225
175	126
19	15 38 77 101 175 347 398 425 612
40	99
105	4 13 16 32 33 54 311
6	41 78 120 180 181
199	8 15
17	10 15 16 41 45
6 15 24 117	28 39 50 58 60 67 75 77 100 102 124 125 131 144 194 270 401 444
1 14 44	15 26 27 41 46 67 71 112 259 277
1	15 30 37 71 85
18	15 16 27 33 41 52 137 151 297 369
6	15 30 86 158
48	28 94 349
52	16 32 44 67 83
23	16 17 32 33 102 114
1 99	18 41 45 116 161 295
17 49 56 80 216	15 51 89 251 275
0 5 66	15 27 38 41 71 85
33	23 26 93 129
94	10 51
41	8 111 155 207
0	18 27 41 46 83 283
1 14 17 44 68	8 32 41 71 158 221 264
6 21 64	16 89
32	12 15 46
21 44	15 18 57 91 109 210 227 258
170	12 15 16 23 26 27 41 46 68 80 88 116 295
54	39 40 50 54 60 83 153 165
15 53	15 16 24 27 30 40 41 75 78 83 85 116 119 164 182 216
9	90 180 258
36 197	16 91 180 181 340 385
99	16
12 68	27 66 103 184 347 353 354 355
14 51	27 41
3	15 16 23 27 41 45 50 54 57 67 91 94 100 102 105 118 135 161 189 203 210 251 297 364 437
6 17 104	30 31 41 229
8 44	8 38 50 67 228
1	6 79 80 82 272
41 121	48 60 100 102 144 180 181 206 244
25	0 2 6 15 32 38
114	24 182
37	46 100 102 116 433
0 6 15 20 74	7 15 17 24 27 28 30 31 32 33 38 54 61 71 80 81 84 85 94 114 118 150 155 161 197 234 250 254 317 395 404
82 108	2 17 24 27 30 84 85 120 150 197 198 207 245 671
27 44 109	186 187 348
1	15 23 29 41 45 100 102 295
83	6 7 15 35 66 75 84 119 131 176 212 335 479
0 7	15 16 37 41 45 85 148 189
160 207	15 46 127 130 131 151 201
125	2 15 17 25 37 38 506
61	17 38 71 78 87 144 350 555
54 117	27 41 66 116
68	16 24 25 32 41 68 116
287	8 9 12 15 16 41 45 54 68 157 386
95	16 25 27 39 54 71 90 91 94 106 112 178 184 185 203 211
48	27 41 71 79 82 85 89 112 114 161 309
52	39 40 54 60 83 94 165
54	15 67 87 180 181 204
14	8 42 50 54 60 127 228
99	51 75 77 78 79 81 82 83 92 108 119 216 233
28	15 111 118
40	8 12 15 38 41 45 85
5	9 15 24 28 32 38 41 76 84 116
20 64	0 15 24 27 66 68 85 103 353 354 355
42 50 122	63 98 149 239 332 398 530
1	12 66 100 102 103 295 386
6	15 16 30 41 53 83 85 118
6	16 32 41 114 404
53	1 39 40 48 54 60 83 153 165
44	15 16 54 68 89
105 123	67 120
36	27 160 291 387
6 105	68 71 78 84 119 121 135 219
0 11	33
7	49
15 17 24 68	15 176
12 80	15 27 41 116 135 218
27 30 109	11 16 32 68 75 87 160 204
67	15 27 51 54 61 91 116 223 251
33	16 90 100 102 124 298
15	24 78 87 94 114 120 316
57	15 40 48 124 153
15 99	15 16 27 30 41 51 78 83 90 111 112 116 118 120 187 191
54	18 41 54 56 57 90 126 160 174 239 250 437
1 12 17	7 12 23 29 38 44 50 74 79 82 100 102 130 148 152 161 183 240 272 404
1 37	15 18 23 27 37 71 80 100 102 114 133 205 295 433
43	15 24 27 32 64 77 78 94 114 116 120 316
66	44 60 67 71 193 218
0 64 78 80 129	16 18 54 57 90 111 116 118 135 143 258
0 1 7 22	15 25 45 46 100 102 161 295
64	15 18 41 110 116 149 227
55	83 90 195 324
63 80	208 396
6	15 28 37 39 48 60 67 75 124 125
117	32 60 90
56 58	15 25 26 27 37 41 71 76 78
6 141	15 67 101 180 181 339 348
7	12 15 25 33 38 44 46 71 78 89 90 180 181
52	23 40 42 48 50 72 124 126 130 153 159
0	32 83
0 5 11 66	37 89 100 101 102 275
9	16 38 89 118 189
15 120	15 41 69 75 119 120 233
14	18 39 91 106 109 136 185 316
13	15 16 27 32 37 41 54 78 83 91 94 100 102 116 119 120 143 186 233
43	15 74 152 261 339 673
5 6 64 83 146	15 16 32 38 51 85 89
99	38 41 118 133 295
0 55	15 16 41 66 68 80 212
80	7 27 88 135 218
15	27 41 75 83 85 116
45	8 16 26 27 41 44 45 71 112 120 180 181 305 426
25	10 27 106 227
53 117	27 40 41 60 73 83 96 127 165 175 190
22	15 17 24 27 54 71 80 85
6 104	16 17 108 119 121 164
1	23 41 189 295
36	73 77 171 180 185
6	8 9 36 78 242 264
17 54	19 48 50 60 127 158 171
36	149 291
54	12 15 25 41 42 49 71 140
84	12 15 25 38 45 49 67 76 89 101
62 66	15 16 27 38 41 45 51 89 116 189 251
15	15 16 30 41 51 78 83 111 116 118 162
43	90 95 164 187 247 524
62 66	15 16 27 32 38 41 45 51 89 116 189 251
1 43	23 76 113 115 120 287 295
195	23 24 27 62 63 66 98 150 160 197 223 251 387 452 530
18 61	11 16 52 53 106 112 137 189 219 239 369
117	0 15 16 54 94
1 55	51 100 102
66	10 25 38 44 59 67 103 135
1	46 78 93 112 118 120 129 131 143 180 181 186 295
26	16 67 89
6	78 84 124 144 169 350
124	23 53 60 73 75 77 176
44	11 15 16 23 27 28 48 57 72 77 78 83 105 106 107 109 111 146 187 227 237 348
1 129	23 41 57 67 385
45	8 19 21 48 60 71 78 112 120 264
134	53 369
68	8 12 15 25 26 38 44 45 49 56 67 71 80 89 103 180 228 264
46	15 16 38 57 66 87 103 210 347
255	15 18 41 83 85 90 116 156 161
154 160	25 38 44 46 71 76 89
76	15 16 17 27 37 38 41 49 54 59 89 94 101 133 142 148 161 211 299
40 68 99	18 23 41 45 51 251 295 366 429
10	15 32 46 54 61 90 142 298 299
14 44	11 12 15 23 71 76 112 116
0 4	38 44 67
7	0 3 5 15 24 41 54 71 80
27 58 85	15 16 24 27 32 38 41 68 77 84 87 106 116 184 189
30	15 16 30 41 116 118 207
6 11 12 17	32 67 204
1 99	18 41 45 100 102 116 118 189
18	15 45 118
6 99	27 30 41 45 51 111 116 118 147
9	15 52 68 89 189 219 261
7	12 15 30 38 51 68 120 182 251
6 7	8 16 38 44 49 68 219 447
10	15 16 18 24 27 41 44 45 68 71 116 147
85	15 41 60 75 83 108 116 135 149
11	0 2 8 15 17 32 33 38 54 71 74 80 94
322	15 195 365
25	2 6 93 374 375
75	41 49 159 211
15 110	8 51 69 75 78 85 147 162 191 206
1	4 15
95	2 15 32 38 71 80
23	27 32 87 116
0 1 55	2 4 15 38 71 404
1	15 16 18 37 41 67 90 118 251 295 366
1	12 16 23 27 66 86 116 295 347 387
50	9 15 16 24 25 28 41 64 68 71 78 116
0 58	15 18 23 57 66 98 149 210 251 310 451 530
14 44	9 12 135 160 185
62	23 24 74 80 142 295
255	15 24 27 41 80 85 89 90 142
36	16 73 84 106 109 137 171 174 175 185 187 285
105	2 8 15 16 17 27 38 67 68 212
9	15 41 189
3 41	30 75 78 83 87 91 162 191 206 214 250
36	447
11 15	41 83 116 118 119 216
17	41
52	85 206
44	8 9 15 60 127 158 221 228 264
27 61	140 159 215
113	8 15 16 38 44 68 80 148 264 309
146	83 387
80	27 114 357 463 464
22	15 67 156
6	83 187
168	15 16 23 27 54 61 72 90 91 172 203 285
54	169 173
1	6 15 80 95 125 126 130
6	8 16 46 118 151
5 83	2 6 9 12 24 46
53	8 15 48 49 50 60 83 85 92 96 165 206
50	28 32 85 87 207
32	15 25 38 61 71 101 103
64	15 118
15 120	15 27 41 85 116 118
67	16 23 39 61 78 83 91 94 108 123 149 172 185 186 202 203 223 251 262 275 283 285 371 372 373 397 441 452 453 629
6 223	15 27 41 89
6 15	24 30 33 41 69 75 116 118
0 37	70 120
1	15 24 37 41 80 100 102 189 295
54 183	40 48 50 54 60 73 96 173 190
59	16 38 45 76 88 463 464
0	7 12 15 25 38 41 45 46 112
1	15 25 38 66 178
77	15 33 176
4	15 48 159 362
3 57 157	15 66 247 338
50 67 68	15 54 57 76 83 90 91 110 118 133 135 143 184 185 186 203 210
53	0 6 40 60 96
16 53	19 73 75 171 190 534
15	2 4 67 68 71 180 181 239 387 388 411 454
123	147
7 15 54	15 27 38 42 67 71 80 89 228
28 67	15 24 30 32 33 37 41 116 118
1	85 95 96 129 206
15 179	41 85 118
0	6 7 15 32 46 54 71 80 94 152 161 230 248
7 53	48 50 60 96 127 243 499
1 48 99	12 15 41 80 90 100 102 108 366
226	50
9	15 16 23 29 41 45 89 101 151 178 189
1	4 6 17 23 74 80 103
17 34	15 17 25 45 49 67 103 179 347
17	24 69 75 78 111 118 162 191 206
67	0 8 16 24 27 32 38 54 61 68 85 94 153 172 517
6 15 22 24 27 109	87
77	2 6 46 155 171
0 25	12 16 33 90 137 194 270 345
117	7 15 27 37 38 41 46 51 54 61 89 90 116 133 143 422
4 5	15 32 41 94
112	8 49 50 59 73 94 103 124 126 127 130 159 171 272
9 43	49 68 292
9	96
0 1 21	15 24 28 83 87
8 9	16 151 189 210
37 43	15 18 23 24 29 37 100 102 114 147 189 295 404
0	15 27 30 51 90 161
6 255	30 51 111
24 40	27 41 116 164
43	17 23 27 54 78 90 113 115 120 133 161 494
15 20 24	17 28 30 38 80 81 84
1	15 23 37 44 100 102 295 366 386
104	83 107 118
29 133	98 530
1 15 48	27 51 85 95 96 160
27	30 51 68 89 118 153 184 221 271 351
55	60 77 130 335
25	439
75 207	9 15 59 67 103
6	15 17 30 38 68 69 78 120 180 181 202 219
1	15 18 24 27 41 45 80 85 116
150	41 48 73
11 155	15 37 68 85 87 89 90 118
1 3	15 44 71 120 203 234 259
27 30 109	118 189
1 37	18 23 27 41 100 102 251 295
165	2 6 8 17 37 67 100 102
6 31 223	16 17 27 30 32 41 68 69 78 118 162 187 197 207
1 9 29 43 67	23 103 109 478
0 1	15 37 51 54 61 68 80 100 102 240 245 251 275 404
15 120	15 27 41 75 78 81 116 247 317
15	7 15 51 85 89 275
54	1 6 15 32 33 37 39 40 48 50 54 78 83 116 118 124 130 153 165 186 223 243 483
112	228
0 20 50	7
14	24 67 69 78 193 194 195
15	15 27 45 85 100 102 116
79	0 1 17 36 47 55 129 172 300 301 405
37 52	6 24 27 44 46 100 102 155
0	180 395 674
173	15 23 27 29 41 80 100 102 133 295 366
150	8 16 66 108 148 353 354 355
17 43 83	90 154 180 185 283 327 398 531
17 112	60 124 125
25	499 560
53	39 40 42 50 60 124 126 153 159 160
40	8 9 25 44 49 78
21	7 15 38 89 275
0	38 116
68	15 23 66 80 153 166
12 17 191	12 15 46 91 103
52	8 21 48 49 50 60 124 264 309
6 32	7 15 17 24 25 28 30 54 150 197
113	209
48	16 59 60 78 89 101 153 213 214 292
1	15 80 100 102
30	11 53 107 369
6 15 104 179	75 162
177	180 181 213 214 340
59	38 67 89 101 179 229
27 68 90 109	51 92 187
15 24	15 24 28 30 32 41 61 71 80 94 161
43 79	32 33 40 91 137 143 167 168 173 175 186 227 340 358 365
77	46 48 126 130 131 335
14	8 15 16 24 27 30 32 80 84 85 87 101 116 120 156 202
127	67 193 195 346
0 11 13 127 155	91 339
6 27 109	15 16 27 32 38 41 68 77 78 84 86 87 91 116 154 159 189 204 404
17 19	25 46 49 50 56 362
1 15	39 40 73 83 153 165 271
40	17 44 67
53 57	15 24 51 75 119 120 121
15	15 41 51 78 120 316
54	16 24 32 39 42 68 80 85 272
154	16 17 32 54 80 83 172 299
6 103	15 16 66 71 73 101 108 156 162 171 172 186 191 202 239 309 311 475 511 592
37	207
7 57	8 39 48 58 60 83 96 127 158 165 264
6 117	15 16 27 44 54 89 90 101 111 118
9	83 223
7	2 10 15 25 38 44 59 74 89 297 362 506
1	39 48 60
37	67 78 94 113 115 120
6	17 41 78 89 101 120 180 181
19 20 44	15 16 18 24 27 41 57 63 68 84 87 106 108 116 136 149 160 223 251 309 372 373 438 617
251	15 16 32 89 118 154
29	16 32 53 106 107 137 151 189 239
148	66 223
101	109 146 207 227
54	53 95
11 49 153	37 99 118
124	15 124 130 215 243 335
6	71 101 180 181 202
64	15 16 38 45 89 398
170	15 37 68 89 275
0 17 24	24 69 92
1	2 13 17 24 70 80 100 102 142 144 271 351 447
44	27 41 66 116 119 184 216 226
0	33 61 89 101 250
3	15 16 24 27 32 61 87 91 101 137 203 239 316
170	7 23 25 46 67 76
11	39 76 148 303 304
81 95	8 17 63 68 71 223 239
95 141	2 59 68 101 231 675
68	8 15 25 38 45 59 71
15	73 171 200 202 309 616
1	6 15 17 39 40 54 83 153 165
0	17 24 54 161 239 341 403
0	73 77 81 159 171 242
68	15 25 45 49 60 78 405 506
117	1 40
23	15 16 24 32 41 68 89 114
15 108 195	6 15 24 30 75 84 85 87 100 102 117 150 156 187 240 257 282 352 404 455
291	23 72 109 137 189
1 15 24 41 171	15 16 24 51 69 84
1 44	27 41 118 164 280 383
0 7	7 15 25 27 41 45 46 89 101
66	15 17 69 78 120 191
124	22 60 130 190 242 306 362
1 44	10 11 15 51 80 142 295
29	60 349
9	252
44	26 41
89	124 168 257
14 44	6 12 15 16 26 27 66 68 71 87 116 347
55 62 76	23 27 37 39 41 54 78 83 85 90 94 100 102 148 161 298
53	8 15 39 40 48 50 130 153 159
0	92 143
0	88 92
44	26 66 89 135 160 247
1	256 263 366
15	24 75
12 76 78	15 16 24 27 44 68 71 94 116
1	18 118
99	27 41 46 67 80 85 90 111 118 143 161 180 181 186 195 295
46 112	8 126 201 362
76	15 91 135
6 108	523
99	41
1	3 5 15 45 80
124	15 16 25 32 41 54 133
17	41 54 83 124 131 144 165 211
132	90 130 511
127	0 8 15 17 36 38 67 89 101
106	8 9 38 68 87
95	156
4 59	7 15 45 67 76 78 88 103 133 248
52	10 16 32 54 58 67 94 177 228
89 124	242
55	0 15 28
6	15 17 24 30 78 84 87 108 111 118
25	11 15 179 375 446
15 51	41 142 271
7	15 26 27 42 49 67 228
54	39 40 54 83 153 165 321
99	15 41 45 57 83 90 118
0 20 24	6 44 48 81 316
233	8 60 63 76 126 130 131 159 160 171 202 209 239 321 333 334 374 375 410 435 448 476 486
4 11 35	16 27 83
3 33 74	8 19 21 24 69 78 120 158 191 207 221 264 421
0	8 15 38 41 45 46
6 20	11 23 27 68 91 105 106 107 109 149 185 187 227 247 274 282 283 291 300 301 372 373 437 662 676
49	15 28 54
7 54	8 25 42 44 46 49 50 56 67 100 102 228 264
25	23 341 451
46 67	13 30 42 54 67 85 94 156 180 181
7	1 8 21 60 90 120 124 125 158 221 264 485
27 109	258
6 54	16 78 116
66	117 120 180 181
14	6 15 116 155
230	48 60 126 130 131 201 209 225 448
37	16 32 41 180 181 284
6	15 16 27 41 45 52 189
0 10 11	15 16 32 33 38 54 68 94 116
0	49 50 60 67 124 159 200 243 550
15 48	17 23 76 77 78 94 114 120 187 198 316
113	24 28 32 44 80 84 87 150 207 245
1	46 83 95 96 165 175 186
2 43 57 80	45
15	15 41 78 83 84 118
36 260	106 171 185 283
16 25	9 16 33 40 73 101 140 171 190 192 202 281
57	16 48 60 90 101 130 159 171
72	15 95 130 485
1 11	15 18 24 27 41 45 83 118 189 429
0 15	15 46 54 61 90 142 298
37	10 27 38 44 51 116 248 251
68	15 16 32 64 78 101
85	16 83 107 111 118
6 223	357
57 67	39 56 60 73 75 78 124 167 186 204 219
1 55	0 6 15 38 80 155
16	23 180 452
1 170	15 23 26 29 41
27	28 32 33 83
6	15 27 41 86 118 278 316
46	15 16 25 180 181 202
48	16 32 66 110 135 160
1	2 4 15 17 66 80 100 102 189 341 386
1 95	15 23 29 37 38 46 80 85 86 100 102 161 183 240 287 366 487
6	15 16 18 30 51 78 83 111 118
34 68 90	37 83 85 108 194 202 284 353 354 355
49 63 80	15 44 67 76 88 208
29	9 26 63 68 116 219 309 371 397
25	67
72	159 168
0 36	16 55 89 90 91 98 186 358
54 132	11 58 107 130 146
54	403
45	21 24 32 69 75 78 83 84 87 119 120 121 158 162 169 191
48 68	59 60 78 151 155
110	15 16 32 37 67 89 101
14	7 15 26 38 41 54
37	23 29 41 100 102 180 181
1	15 23 41 80 100 102 189 295
47	8 48 50 60 95 140 264 538
11	27 116
25	83 124 190 206 301 382
121	75 92
11 66	15 51 89 251 275
181	398
67	28 186
95	23 66 86 100 102 110 127 142 166 271 300 301 347
16	23 73 168 171 192 200 281 305 360
0	6 7 15 16 34 51 71 94
7	7 37 44
0 58	6
6 20 22	37 39 48 60 67 75 77 88 90 108 124 130 131 176 194 270 308 423 492
4 5 30 45	41 48 77 83 106 186 238
6	169
185	15 54 59 89 101 103 148 299
48	15 42 44 46 71 295 333 334
9 181	18 295
230	48 130 209 448
27	15 57 64 78 107 116 223
54	11 39 41 49 58 68 83 89 165
7 12	15 46 53 67 107 362
309	439
80	16 68 89 106 136
54	19 41 56 57 88 159 243 437
99	15 85
17	27 41 45 100 102 211
149	15 16 27 32 38 64 68 77 78 84 87 91 116 159 189 204 223
27	23 72 89 111 369
0	15 37 83 90 100 102 118
15 120	30 41 51
14 58 83	23 136 166 262 371 397 527
42 57 88	16 35 73 171 239 367 368 372 373
54	39 48 58 60 67 83 127 165 312
44	37 315
25	8 16 21 38 44 60 67 69 71 78 127 228
123	15 16 24 27 41 68 116
1	51 79 82 117 120
43	27 85 116 156 162
68	16 33 95 171 307 350
24	15 30 51 81 85
52 53 68	8 15 27 41 66 85 86 156 248
1 9	12 21 45 210 366
7	8 45 411
22	13 87 332
0 11	15 16 32 37 41 118 180 181 252 253 315
6	17 80
83	16 398
42	15 41 57 66 136 178 239
65	12 25 27 48 67 112
6	124 328
72	33 257 270
37 43	27 71 77 78 89 101 111 117 120 316
83	18 24 37 65 272 278 279
4 24 46 68	2 4 8 15 54 67 73 94 153 212 246
6 105	95 107 189
49	12 112 234
1 6 32	0 3 5 7 8 25 38 59 71 76 80 94 101 103 132 161 230 231 232 268 456
1	12 41 45 178 272
6	16 30 41 51 53 89 101 107 111 369
13	9 16 28 91 133 192
68	15 67 100 102
122	582
7	2 3 5 10 15 18 41 49 89
15	46 223 271
15	41 75 78 176
1 32 135 246	0 2 3 5 9 15 25 38 41 54 80 103 202
12	15 37 68 71 80 103 212 241
7	39 48 49 60 73 75 77 78 87 116 119 121 164 176 383 426
1 43	23 251 287
43 55	26 61 90 298 300 301
25	15 16 32 38 67 89 136
12 21 44	15
8	60 95 107
0 55	32 127 573
15	16 18 27 75 77 78 84 89 119 120 121 162 163 187 191 216 305 337 426
17	8 15 64 411
0 11	15 22 24 28 30 51 69 84 116 118 156 182
5 17 54	8 9 38 44 49
63	44 71
7	15 16 67 71 89 101 112 180 181
19 20 21 42 44 99	18 41 63 66 223
9 12	68 103
53	1 39 48 50 54 58 60 83 96 153 165 190 321
6 24	15 16 51 69 78 118 162 305
17 21	44 46
35	15 16 37 75 78 94 108 133 143 186 187 315 350
0	15 32 33 35 89 101 186 461
54	6 15 30 40 49 83 116 155
95	15 24 69 78 84 87 118 120 150 156 197
0 11 76 155	37 54 80 90 111 116 118 143
36	91 137 185 316
54	6 40 48 60
68	16 48 49 50 60 67 100 102 112 206
57	25 27 41 45 49 50 57 94
59	85 100 102
6	509
15 17 68 111	8 51
59	67 100 102 180 181
0 7 16	0 2 4 6 15 17 27 32 54 61 71 80 94 155 161
3	15 24 27 28 41 64 80 81 116
1	10 25 45 71 89 103 177
0	12 18 27 41 54 94 178 435
46	8 15 16 67 405
28	51 83
17 70 99	15 27 30 41 51 54 57 67 83 90 107 111 118 156 239 353 354 355 369 437
64	15 16 27 41 45 51 57 251
6 9 11 26 29 38 80	15 38 83 116 189
1 9 21	3 4 5 12 15 18 27 41 80 189
1	15 25 27 45 76 114 161 295
7	9 12 15 16 25 27 28 41 54 94 103 116 208
322	99
11 21	15 41 68 83 275
1 21 99 310	41 90 118
0 68	15 36 41 46 362
1	15 27 41 100 102 256 295 366
31	15 16 23 27 32 38 52 68 72 84 86 87 94 106 109 116 136 137 160 185 189 223 266 272 367 368
125	91
209	15 16 18 41 64 66 81 116
17 117 194	15 39 40 42 48 54 58 60 122 130 159 272
40	15 85 118
32 37	3 5 15 23 26 38 46 59
6	15 16 23 52 117 156 189
124	73 75 171 200 305 335 483
237	31
0	15 23 24 27 29 30 32 33 39 41 54 68 89 94 116 298
68	12 15 27 38 41 54 67 103
11	15 27 30 41 85 90 161
29 61	28 32 87
6 49	67 81 88 155 249 269
26	16 68 89 189
13	16 32 94 133 387
6	15 16 30 51 78 83 119 233
1 21	15 16 18 27 41 45 68 80 85 89 116 136 414
94	8 10 16 32 44 89 91
46 57 117 132 165 166	42 58 85 122 142 422
6 28 30 43 223	16 17 27 30 32 41 67 78 89 118 162 164 187 191 207
1	15 27 71 85 90 100 102 353 354 355
40	15 18 41 51 85 116 118
0 68	12 15 38 41 45 46 49 71
54	15 16 54 56 61 90 118 133 296
6 217	16 154 202
64	46 60 83 96 143 165 173 238
1	4 15 38 41 80 103 212 339
34 68	15 27 38 41 45 46 89 101 103 156 161
0	11 68 89
99	15 37 41 51 90 100 102 111 116 295 366 377
78	10 12 15 26 27 41 64 71 116 135
53	301 382
125	4 9 46 91 101 230
47	8 48 60 83 90 95 124 127 264 301 382 538
74	13 15 16 33 69 73 171 339 385 529
52	39 50 54 83 94 153 165 169
48	8 38 73 78 95 107 120 362
84	7 15 17 23 27 41 45 71
27	24 25 27 28 41 71 85 116
54	60 124 126 130
14	129 169 193
17	48 50 60 124 127 206
74	60 75
43 260	17 27 85
9	326
34	15 16 17 41 68 83 89 118 161
40 78	15 38 51 89 251 275
230	2 7 15 16 46 67 76 101 197 207 228
15	16 78 162 171 193 206
15	77 87 169
27 29 61 109	151
0	304
54	8 16 50 57 250
9	66 68 103 144 239 309
1	12 15 17 23 27 38 45 67 71 76 85 89 101 112 203 295 386
19 21	11 56 68 126 263 498
291	6 10 16 27 32 41 68 84 87 116 137 160 185 239
41 107	24 68 85 116
12 15 17 24 26 82 170	22 24 30 32 69 71 77 78 80 87 116 118 120 150 156 197 207
15 179	15 51 147 404
7 68	7 15 37 38 89 101 208
37	17 41 76 78 85 89 101 120
79	54 258 300 301 314 506 677
1	15 16 18 24 27 32 41 68 85 90 189
55	90 100 102 302 324
1 83 112	0 12 66 80 164 212 250
51	15 24 61 68 80 100 102 250
54 194	15 27 48 50 57 66 126 144 247 250 310 338 498
0	15 32 33 37 96 143 186
0	15 16 27 28 32 41 81 85
21 44	68 275
21	16 78 83 119 120 162 187 207 216 348
127	146
0 3	15 41 51 85 147 182 251
5 17 20	6 15 38 44 78 120 130 133 656 678
48 79	15 17 54 59 148 161 300 301
117	10 37 46 51 54 56 83 133 422
38	15 16 71 78 85 119 156 202 233
1	60 93 95 112 129 180 181 193 295 322
1 32	0 1 2 3 5 7 15 23 29 76 101 161
41	15 16 27 38 41 45 83 85 89 90 93 111 118
84 154	15 16 37 38 46 100 102
24 81	15 24 30 41 69 75 83 85 117 119 182 216
323	16 68 71 87 139 154 184
15 24	15 27 84 89 100 102
42 44 58	18 27 41 57 83 91 106 109 135 137 146 184 185 227 258 283
216	23 44 45 55 89 133
17 51	15 44 49 67
87 171	16 63 68 86 87 100 102 116 139 208 223
44	15 17 24 41 67 69 85 87 162 191 207 245 337
45	10 15 27 41 116 118
59	15 16 44 67 76 89 134 179
6 35	18 27 41 83 110 120 135 227
12 45	12 68
10 17 49	15 34 38 51 100 102 251
0	24 68 69 71 77 78 90
95	4 30 44 133 208
6	16 78 83 118 119 379
0 4	2 6 8 9 32 33 38 44 46 54 67 80 142 148 299
6	21 40 58 77 78 124 130 162 167 190 191 305
5	30 41 51 73 75 78 83 87 108 116 156 221 227 383
67 154	10 15 16 27 32 33 38 46 54 61 68 89 90 94 116 136 203
17 19 20	23 66 72 189 371
35 44 150	16 57 116 283
53	37 48 60 173 190
30	16 27 80 89 350 384
59 219	88 189 463 464
80	15 18 41 66 68 89 275
172	32 71
55	83 90 100 102
12	75 108 146
57	0 3 5 15 23 26 38 54 232
1	12 26 150 197 207
133	98 136 530
23 103	16 78 101 154
32 79	0 15 24 27 54 94
31	15 68 109 116 137 223 510 532 533
95	16 44 83 111 180
99	24 30 51 66 71 275
6	15 41 80 83 111 118 156
0 7	362
28	7 15 25 37 38 54 83 90 116 118 133 203 422
190	6 88 130 376
48 68 76	25 44 59 67 90 148 161 217 476 488
17 46	2 6 15 44 46 67 155 306
1	8 15 23 24 27 29 80 87 100 102 156 161 404
1	12 15 38 66 68 71
7	17 27 89 101 114
6	10 16 154
76 117	0 15 16 32 37 39 41 54 100 102 315
25	94 100 102
20 22	37 48 50 60 125 126 127 130 132
43	78 120 162 191
6 110	27 120 158 162 191 202 220 421 448 484
3	15 24 30 51 71 81 85 135 150 203 251
14 51	15 17 27 41 85 103
1	15 27 68 80 89 161 295 386
7	0 7 9 15 17 25 38 46 51 54 67 80 101 153
110	27 41 48
44	27 41 71 112 143 186 203 277
0	77 83 300 301
28	46
12	8 12 46 49 230 409
1	54 85 144 206
54	19 25 41 45 54
43	4 15 16 33 54 67 73 89 101 171 212 311 365 511
37 83	10 15 26 37 45 46 177 252
25	6 93 98
4	9
19	15 16 27 45 89
72	15 33 405
0 1 12 49 55	0 7 15 28 32 33 38 50 54 94 100 102 240
20 142	16 32 56 68 149
25	16 32 33 73 100 102 171 297 365
164	15 27 33 41 47 116
17	15 17 27 67 76 80 133 178 295 433
9 54	19 57 66 138 250
34	15 16 27 41 59 68 78 89 116
10	15 41 89 275
15	12 15 17 27 41 43 85 116
60	24 27 41 75 77 91 116
17	13 48 50 362
185	15 26 45 54 59 156 488
103	15 16 27 32 68 89 109 185 223 372 457
6	187 280 372 457
127	17 26 41 59 61 67 113 115 120
25	33 67 130 192 206 281 318 365 449
21 57 70 104	108 117 118
0	48 50 56 60 362
68	15 41 45 54 71 228
15 80	8 12 24 27 28 38 69 116 133 135 208 212 218
6	8 67 69 78 120 158 162 191 221 264 421 484
88 170	36 37 41 54 55 59 61 76 90 103 148 184 239 347
124	58 126 243
1 32	43 44 48 49 130 152 159 272
66	15 27 30 41 118 275
1	15 23 45 366
1 83	8 48 50 60 124 130 131 306 479 656
1 7 45	8 11 12 15 16 23 25 37 41 44 49 67 71 78 80 112 120 180 181 203 295
13	24 40 54 106 108 109 149 172 185 300 301 332 438
150	10 15 16 18 41 45 136 210 211
125 158	422
28	133 275
11 35 80 116 168	107 116 275
80	15 88 144 553
21 61 106	16 32 68 87 89 385 448
64	15 16 18 27 41 45 68 78 83 89 91 110 116 137
89	60
6	17 27 30 135 218
6 59 112	48 77 78 124 144 206
19 22	239 309 423
17	8 15 25 38 45 49 67
32	7 15 25 54 101 275
6 163	8 16 52 107
15	15 83 84 119 121
35	83 91 94 226 227 283
6	27 41 57 68 89
16	2 26 71 78 103 150 162 191 197 207 212 347 353 354 355 677
80	15 16 17 27 59 78 89 101 218
6 183	16
1 14 57	15 16 27 32 41
11 12 82	8 15 24 28 30 116 118 150 156 182 207
1	13 15 18 24 37 46 78
15	15 118
1	27 67 78 114 120 133 161 180 181
60	15 75 188
6 223	89 156
66	15 16 18 25 27 37 41 46 54 57 61 89 100 101 102 110 118 143 178 186 203 295 364
60	86 248
1 53	8 26 39 40 48 50 58 60 83 122 153 165 264
256	37 40 60 311
4 17	7 13 27 45 46 147 362
53	6 39 42 48 49 50 54 60 130
42 95 96	41 63 458
23	15 88 463 464
184	15 41 83 111 118
104	75 78 108 118 164
1 37	38 49 71 80 178 248
37	23 51 100 102 111 316
50	0 15 16 27 32 38 54 66 68 71 90 135
1	8 16 41 66
1	12 15 24 46 80 100 102 349
0	9 28 32 90 116 298
1 99	9 15 16 24 28 366 431
42	15 16 27 41 45 57 160 178 185 210 239 250 256 453
80	15 27 76 88 108 116 135 179 218
0 6 22 108	2 15 24 32 33 54 71 80 81 94 156 161 197
15 24	16 17 73 75 77 78 84 85 87 108 117 119 129 169 202 204 207 350
1 14	15 17 24 25 27 28 30 32 71 80 94 101 161
16 27 67 109	8 9 10 16 17 30 33 37 40 54 61 67 87 90 94 100 102 103 108 120 140 162 173 180 181 186 190 191 192 193 194 195 206 270 281 311 365 521
68	15 41 45 116 118
15	41 80 83 85 118
41	8 24 27 28 85 111
1 37	477
14 15	8 15 16 24 27 32 41 68 85 89 116 119 207 216
1	4 38 50 59 71 130 152 231
124	16 36 67 101 108 625
15 34	12 15 54 83 89 116
1	9 12 16 18 23 26 29 32 41 45 68 89 136
1	2 5 6 15 37 80 86
15	85 160
4	8 15 43 79 82
23	17 32 87 101 108 120
6	16 41 52 80 147
43	24 27 28 30 76 78 87 114 135 150 207 218
54 78	50 60 83 91 94 96 165 206
9	0 7 38 46
67	15 25 37 38 41 46 54 59 61 83 89 116 133 422
14	12 15 17 85 112 203 234 259
0	186
127	54
16	48
1 15 17	13 85 87
45 81 116	12 16 27 32 41 68 71 87 103 116 160 189 202 424 479
15	15 27 41 45 85
6 17	17 27 41 71 116 119 120 216
14	15 25 37 38 89 202 340
54	12 41 50 67 214
25	6 67 93 155 274
136	15 24 27 28 32 33 39 41 54 85 116 135 207
89	73 107 130 171 200 391 448
64	15 18 41 83 90 100 102 250
77	483
1	8 9 10 12 15 18 24 26 27 32 45 57 68 116 211 295 366
113 230	19 48 50 60 126 130 131 159 171 201 209 225 410 448
1	60 107 146
4 17	7 15 26 27 38 41 45 49
83	15 50 80 318
53 54	60 186 190 243
45	9 27 41 75 180 189
15	15 16 38 41 46 51 85 89 161 251
37	487
164	46 130
28 118	0 24 33 54 81 85 90 93 124 144 155 317 404 423 481
35 134	15 25 41 337
145	124 157
132	15 16 59 90 94 161 387
7 11	46
1 207	15 16 27 41 83 85 90 100 102 118
12 54	2 12 49 66 234
37	74 85
64	15 41 85 183 295 366
54	15 25 38 41 45 54 55 56 59 100 102
1 11 155	0 15 54 71 80 94 161
20	15 17 27 41 85 86 116 118
1	15 27 100 102 256 295 366
61	16 17 54 286 481
9	27 135 160
112	12 15 24 41 103 116 207 212
56 99	15 18 23 24 26 27 29 41 45 69 116
64	16 18 27 41 68 83 85 89 227
23 316	16 32
1	15 27 38 45 54 67 71 80 101 161 228
189	0 3 5 10 15 16 32 33 38 44 54 67 89 90 94 101 133 228
74	24 85 111 169 206 250 280 293
15	16 69 77 78 87 118
6 223	16
15 21 44 64 78 80 81	15 27 28 30 51 81 83 85 86 116
6 28	24 27 75 78 81 85 116 380
14	7 15 24 25 32 33 83 85 87
17 44 142	16 27 57 73 159 210 223 250
36	172 186 187 455
23	192 281
181	15 66 127 157 189 386
32	15 18 54 55 71 100 102 147 240
1	37 51 80 90 100 102 164 295
25	485
14 44	8 9 21 67 69 71 112 264 577
55	0 2 5 25 32 33 54 76 80 161 405
54	15 16 57 66 89 185
19 20	8 15 38 46 48 50 67 88 130 362
15	15 18 27 30 41 51 54 85 90 116 118 142
6	16 154
7 37 49 324	2 3 5 12 13 38 43 46 100 102 103 144 155 234 240 248 272
12 17 59	116 135 637
34	15 16 41 83 89 116 133
48	17 27 41 71 89 101 116 180 181
101	15 16 33
1	12 256 366
41	18 77 83 106 109 119 186 216 227 238 394
34	92
59 72	75 78 100 102 242
113 229	16 66 68 71
66	27 89 113 115 120 191
6	15 27 41 68 85 108 116 119 216
41	15 27 33 41 51 75 80 85 116 117 118 119 120 216
1 43	133 135 394
281	118
54	38 50 67 90 140
15 66	24 69 87 118 150 191 207
0 6 11	24 27 28 48 60 75 78 81 85 108 116 124 130 131 317 380 519
83	3 5 15 17 66 80 86 110 144 230 241 266 294 339
31	15 16 27 38 45 71 189
123 162	4 17 47 68 208 219 309 323 489
4	57 109 110 137 149 227
1 95	15 16 24 32 85 89 90 94 202
53	23 39 50 60 105 125 127
14	71 100 102 234 438
0	15 16 24 32 41 64 100 102
36 44	15 18 27 57 91 137 160 185 187 223 290 398 497
28 55	27 51 54 85 110 135 239 324
54	1 7 15 17 24 27 37 39 54 57 58 66 85 94 100 102 122 153 422
89	8 9 33 38 55 67 101 203 307 405 504
1	41 48 50 59 67 77 86 131 159 201 231 270 306 362 483 550
72	15 485
53 57	39 41 48 50 54 60 73 96 321
50	23 48 105 192 206 281 305 426
6	16 23 72 372 373
40	43 248
45 68	12 15 25 26 41 45 46 49 71 112
6	15 16 99 189 223
107	17 24 27 30 68 77 78 84 119 176 307 348 350 399 557
55	15 32 33 60 90 100 102 298
15 21 44	16 41 66 68 83 108 116 160
62 76	7 51 89 99
11 117	15 16 27 38 41 54 90 116 118 133 143 203
33	8 60
44	116
1 22	15 18 86 95 100 102 272
7	15 28 38 94
22 42	75 77 78 119 216 359 480
15 99 107	15 23 29 85 100 102 156 161 183
43	23 27 29 76 113 114 115 133 386 494
15	15 25 37 46 49 51 59 61 67 85 111 112 147 156 251
9 199	89 101 180 181 202 385
57	21 48 92 124 322
48	0 15 54 83 94 140 142 148 246 300 301 349
6 74	24 28 30 32 33 78 81 84 85 87 150 197 207
57	6 15 16 26 32 33 37 39 49 54 60 78 94 96 153 155 160 299 321
15 16 24 77	19 48 50 60 73 77 124 125 126 130 171 200
76	3 5 16 54 59 89 94 101 211
52	16 32 54 94 228
1 48	23 27 29 37 51 80 86 100 102
1 51	8 15 23 24 38 66 339
24	0 24 48 51 85 95 286
1 54	15 23 37 38 59 67 72 116 133 263 422
1	16 41 68 103 148 160 207 353 354 355
118	6 7 15 27 41 45 81 88 135
52	67 124 144 201 206
23	16 32 202
17	60 124 304
110	15 17 24 69 71 78 85 87 114 120 162 191 203 380
30	108 579
184	8 9 12 38 46 71 85
1	15 23 24 27 29 37 71 90 100 102 183 205 366
9	274
6	25 44 89 101 107
54	48 49 50 60 67 195 234 243 277 309
106	23 72 116 137
6 61 106	16 32 52 68 84 87 116 189
322	439
36	9 12 16 18 89 149 185
44	15 68 71 112 160 223 234 512
22	60 77 91 106 136 227
0 12	0 2 4 6 15 33 38 44 49 54 101 103 212
0 43	0 7 15 25 33 101 203
1 54 57	6 15 48 51 95 130 131 144 422 519
66 74	8 16 22 73 206
121	27 33 41 117 119 120 216
203	8 10 15 17 18 27 32 41 45 46 54 91 100 102 109 110 136 146 148 149 160 178 227 240 300 301 333 334
6	48 60 73 78 100 102 119 206 216 243 271
6 24 104	15 30 116 118
68 80	26 27 41 178 429
15 20	6 7 15 30 48 60 75 81 84 88 108 120 317 335
45	11 30 41
0	41 67 71 112 208 556
1	15 17 23 80 86 100 102 161 256 366
16	73 124 171 190 200
7 37	1 2 4 8 15 38 44 80 83 153 165 228 385
112	12 15 46 66 85 177
1 9	2 6 13 44 85 100 102 144 161
9 169	309 416
25	67 73 124 192 243
0 48 55	0 15 32 33 39 46 54 71 90 94 148 299
165	12 13 15 156
14	15 147 234 252
54	80 100 102 193 206
6	43 51
54	32 66 226 239 250 423
3	92 124
63	309 403
1 3 7 55 78 83	0 7 23 25 38 46 71 89 101 161
1	15 18 44 100 102 189 278 279
1 7	100 102
9	41 100 102 160 292 366
1 12 54	24 69 78 120 162 191 421
27 59 109	15 40 60 75 77 78 83 87 119 120 124 162 173 182 191 204 206 216 293 307
9	144 280 407
193	0 2 6 8 15 16 28 32 33 38 39 44 46 54 80 90 94 148 204 298 349 502
111 117	16 24 32
21	9 16 18 41 66 91 138 139 160 185
115	67 91 151 492
8	10 248 274
6	206
13	37 208
0	15 93 142 148
0	96 186
6 104	15 27 41 68 116 164
6	158 221 277
1 11 48 50 78 80 99	15 18 30 45 51 67 83 90 110 111 137 143 227 346
19	16 41 59 60 125 130 239 309
0	32 33 90 94 101 309
15	15 27 41 85 100 102 116 120 161
15	41 51 85 116
45 68 90	16 71 78 91 100 102 112 116 191 207 307
45	16 48 49 78 100 102 112 120 191 206
25	2 4 8 27 97
28 68	15 31 41 118 120 316
99	16 18 27 32 41 83 110 116 137 372 373 385
7 12 17	15 46 88 144 362
78	32 39
84 154	15 37 38 41 54 83 89 100 101 102 116 133
128	130
54	32 54 129 144 190
20	15 16 24 32 58 85 180 181 444
206	15 17 38 76 80
7	7 15 37 89 116 118
53 57	41 411 454
31	15 16 24 41 64 109 116 185 189
15 24 30 41 104	15 24 30 41 51 81 85 116 119 207 233 251
0	78 83 90
44	16 32 41 56 57 83 136 437
257	46 130
3	68 71 223
6 163	250 394
31	15 16 23 41 64 68 72 84 116 137 185 189
54	39 49 50 51 60 75 78 83 165 219
17 150	15 16 27 48 66 177
15	30 41 51
108	28 108 111 280
1 37	15 18 27 85 116
149	38 48 52 67 77 78 87 112 144 162 191 202 206 277 311
7	19 49 50 127
0 7	37 38 46 275
36	24 73 171 173 186 358
6	7 15 17 24 28 30
290	1 15 16 27 28 32 38 44 54 64 87 89 94 101 140 148 246 300 301 341
129	8 38 67 71 85 208
48	78 83 91 119 165 187 216 226 227 394
61	9 16 32 38 47 89
104	8 17 73 84 116 118 189
6	24 73 78 169 171 180 181 350
76	0
58	16 171
6	8 15 24 27 28 30 41 68 108 116 135 218
80	134 637
24	8 9 10 16 18 26 27 32 41 45 61 68 77 78 81 89 91 94 109 110 111 116 135 136 149 160 172 184 185 187 348 394
42 54	139 234
9	15 16 18 37 41 45 64 68 89 275
7 17	15 33 54 60 80 96
260	18 27 77 83 106 110 156 210 211 327
68	7 15 27 37 38 41 45 46 55 57 59 61 100 102 203 347
74	15 38 48 67 156
44	15 16 116
1	15 24 45 147 366 431
1	85 124 144 206
13 54	37 39 73 96 143 169 171 173 175 186 219 299 365
52	23 81 83 105 153 165
14	15 26 38 45 68 71 89 178 512
12	27 41 116 135 218
6	27 41 78 119 216
9	8 38 67
15	0 16 32 116 386
6 40	8 30 38 39 51 85 86 156 248
6 41	75 84 147 206 280
12	67 88 206
62	15 16 27 32 41 71 85 116
0 5 6 24 83 104 157	120 259
0 78	15 27 83 116
6	67 78 120
20 44 68 142	23 39 42 68 148 300 301 451 558 581
125	0 15 24 27 30 32 33 41 54 81 94 153
53	48 60 83 85 96 165
260	202 207
176	8 9 16 33 34 54 153 157 499
9	16 91 189
51	15 25 27 45 103
17	0 6
199	15 18 23 29 45 118 251 366 429
125	255
15	15 27 88 116 135 218 362
6	16 27 41 78 89 120
4	8 34
1 156	15 23 29 100 102 178 295
6 45 110	27 47 120 150
6 105	15 41 116 118
32	0 15 45 80 241
6 53	78 120 124 158 206 221 243 277 421 481 484
12 54 68	41 48 50 57 68 146 159 250
60	15 24 30 73 75 77 78 81 84 85 187 188
0	147
54	48 439
0 6 15 80	15 17 27 30 31 81 84 88 150 197 207 404
54 57	42 44 45 46 56 67
99	39 77 83 106 146 180 181 211 226 227 283 300 301 426
25	8 16 36 38 67 90 217
123	107
0 7	15 37 41 116
1	18 23 27 41 45 118 429
108	219 625
1 37 43 80	15 23 27 45 71 89 101
43	54 83 133 346
20	32 41 160 283 316
1	85 96
6 104	78 119 164 216 233
1	0 15 17 18 24 80 86 118 256 278 279 295
80	76
57 252	8 12 15 38 41 44 45 49 88
0 7	83
260	15 16 89 94 101 116 307 434
1	15 80 85 133
1	16 86 144
14	12 15 25 27 41 49 54 59 71 80 85
110	40 48 50 67 206 207 244
7 48 76	6 17 27 32 38 39 41 54 61 80 94 155 161 299
6 12 21	15 16 32 89 116
8	12 15 16 38 66 68 80 138
15	8 15 24 27 38 44 81 84 85 116
20	16 24 32 41 68 77 84 87 108 116 189
43 59	78 114 120
1 15 55	1 6 24 27 39 40 42 48 50 81 83 88 94 120 122 124 130 150 153 159 165 197 207 272 317 353 354 355 404
95	68 83 87 89 108 350
0 1 55	15 17 27 37 38 80 85 100 102 161 240
1	15 37 85 95 118 366
43	24 27 28 30 41 68 76 116 316
0	16 32 94 101 180 181 202
46	15 17 54
41	15 24 27 81 85 116 118
48	16 39 54 61 73 90 91 110 123 137 143 211 227 285 426 434 468 469
24 50	15 32 39 54 85 96 118 186
1	18 23 27 51 74 85 90 93 100 102 256 295 366
79 123	0 9 17 36
24	75 191
25	73
41 46	69 78 162 191 242
2	270
25	2 6 15 16 67 80 103 201 212 265 297 341 375 501
24 85	120 147 158 221 421 484
0 12 51 57 150	0 1 16 32 153 169 350 385
13	16 28 39 54 80 91 203
15	15 24 38 71 85 248
1 37	23 25 26 27 29 37 45 69 71 80 85 90 100 102 205 366 386
36	15 16 33 41 89 111 116 118 137 210 221 239
104	15 16 30 78 80 83 111 119 216
54	27 41 50 57 67 89 124 133 297 437
6	8 27 81 189
6 80 105	15 16 27 89 101 118 219 278 279
14 44	15 26 27 41 44 67 71 76 78 89 101 179
7	7 8 15 17 25 37 38 44 46 49 51 67 68 80
27 67 109	10 45 57 83 91 100 102 106 109 119 136 174 178 216 227 258 365
36 44	77 107 109 137 185 289 290 291 327 427 503
13	37 39 83 94 153 165 358
6	60 73 286 421 460
104	16 27 30 51 53 118 147 189 221
83	6 15 32 41 80 155 164
25	73 78 92 215
0	48 73
107	66 103
22	32 41 87 144 150 239 309
7	8 12 21 38 71 158 203 221 484
37 80	23 27 29 38 49 51 116 133 142 161 251
127	8 84 349
0 55	0 6 32 33 54 90
1	15 37 38 76 88 100 102 272 275
74 110	2 24 26 27 69 78 84 87 116 135 156 160 197 207 223 245 247
6	8 9 15 16 25 89
30 34	33 35 52 78 90 94
36 48 57 104	83 87 186 187 348
24 41	30 51 60 73 75 77 78 85 119 120 216
24	78 147 162 169 191 206 277
0	7 15 37 38 71 89
0	0 2 15 32 37 46 54 100 102 161
43	15 133 255 387
1 55	15 24 32 33 54 87 94
7	8 19 48 53 60 75 78 119 124 127 216 264
97	186 201 268
55	15 38 46 67 76 161
6	15 38 44 66 68
0 95	0 15 24 27 38 46 103 197 207 212
37	15 27 41 45 100 102 160 189 372 373 386
9	15 16 18 23 27 29 30 41 45 57 118 251 295 429
35 58	18 23 109 136 251 332 371 397 398 427 450 451 503
131	6 15 54 58 80 131 155 212 335
9 215	157
6	8 15 17 24 68 78 87 88
59	67 124 144 206 244
67 76	7 8 17 23 27 32 38 39 40 41 50 63 66 72 77 83 85 87 91 101 103 116 126 130 135 144 150 153 165 171 172 175 200 231 239 254 426 470 476
0 1 49	12 13 15 16 32 80 164 366
74	8 30 32 38 51 69 81 85 86 87 95 100 102 116 150 156 183 197 207
1 9	66
105	15 73
0	15 41 45 59 94 142 161 387
14 21	83 106
27 109	27 71 91 101 275 350 388 682
33	8 15 25 38 51 69
36	91 137 180 185 316
25	7 15 16 30 38 80 83 85 89 297 324
17	27 41 92
1	15 16 17 27 80 100 101 102 161 232
117	7 15 16 37 54 83 94 100 102 203
0	23 118 251
78	0 1 15 24 27 30 32 41 54 81 89 94 153
35 36 44	27 202
12 76 78	24 27 37 46 68 71 85
1	15 37 45 100 102
23	28 32 37 86 116 153 204 275 422
48	15 41 85 156 161
15	10
62 99	15 27 90 116 118 156
60	77 119 121
9	15 16 27 37 41 67 89 118 180 181 189 213 214 251
15 41	15 83 84 87
3 15 24	15 16 27 32 41 68 71 87 116 187 282
15	15 24 30 41 51 75 87 116
9	15 52 118 189
50 55 66	15 16 25 33 49 60 67 83 143 206 239
27 171	24 32 78 84 85 116
0	143
1	4 38
136	7 8 15 16 32 33 37 38 39 48 49 50 54 58 60 69 73 75 77 78 81 83 87 90 91 94 101 103 116 123 153 165 171 174 175 185 200 204 275 426
15	15 47 95
80	9 67
78 80 144	27 54 61 94 116 135 218
76	0 15 37 41 83 116 161
6	16 32 68 87 180 181 202 350 385
46 50	8 12 21 38 44 67 71 76 135 148 228 246 335
17	15 25 27 32 38 68 76
1 53	88 124 225
32	0 24 27 28 51 54 78 94 135 204 251
7	7 15 37 38 44 67 71 89 101
7	15 27 30 51 81 85 116
68	15 41 45
25	49 60 67 80 124 137 215 293
15 99	15 41 69 116 118
74	69 75 78 84 86 119 121 169 182 216
32	2 8 15 23 38 66 80 100 102 161
68	8 9 15 25 38 44 49
101 175	27 41 57
0	15 38 43 44 45 46 208
97	2 12 43 46 81 144 152 250 317
110	172
27 109	15 16 24 32 38 68 84 87 116 136 137
0 4	15 112 259
54	96
36	16 32 91
78	15 32 37 54 61 94 99
1	79
27 42	16 27 32 41 57 68 77 78 91 116 136 180 185 187 282
20	15 16 32 33 38 54 68 148
136	0 2 6 15 16 37 38 39 40 44 46 49 54 61 67 80 88 90 94 116
15 117	48 50 124 126 130 383
20 107	16 23 24 27 41 68 80 84 87 185 245 452
27 109	16 27 32 52 68 83 87 89 111
114	83 91 111 187 227
32 37 49	1 2 7 26 38 46 54 76 80 101 153
89	9 73 88 243
54 325	39 40 83 153 165
0 195	0 6 8 15 30 31 38 43 88 100 102 234 240 269 376 626
92	15 27 41 51 89
66 78 99	39 50 60 73 77 83 96 124 165
14	27 39 40 41 54 61 83 165
35	15 16 18 27 32 41 66 85 90 149 160 210 211 250 295 324 327
15	51 75 81 85 86
19 20 87	16 68 108 149 184 202 223 367 368
12	27 31 135 218
6	83 92 107 118 119 216
52	15 51 119 216 233 252
60	28 107 143 186 187 348
68	15 44 66 76
80	78 120 135 208 218
125	32 44 67 68
38 130	15 51 75 85 119 233
33	130 132 270
57	0 6
6	24 27 32 41 68 116 169
33	15 17 25 33 38 54 85 110
53	8 27 41 42 49 50 56 60 75 264
18	52 219 239
1	85 95 362
14 44	16 41 48 77 83 106 109 159 210 211
6	16 32 89 108
0 78	16 27 37 39 41 48 50 54 59 60 61 83 90 91 96 108 116 153 387
80	287
1 12 83 173	15 45 80 103
14 52	0 15 27 37 39 40 41 48 54 60 94 153 202 340 405
43	30 51 67 78 83 108 113 115 120 135 494
12	78 380
35	18 23 77 83 91 106 109 137 186 238 316 372
27	8 9 33 38 68 116 184
157	12 15 88 102 155 234 324 683
43	24 32 206 228 348
32	2 5 10 16 32 38 71 89 202 684
21	15 16 26 41 71 85 112 203 295
0 5 7	15 17 67 78 83 116 118
40	41 75
9	9 12 13 15 16 18 23 27 29 86 89 138 189 386
1	15 24 27 85 100 102 353 354 355
14	15 25 41 100 102
145	8 46 270 405
24	15 17 69 75 78 85 96 116 118 182 197
1	77 84
6 64 163	15 89 118 189
1 15 49 83	2 5 7 8 17 24 37 100 102
33 80 83 123 125	0 2 6 15 16 49 54 59 80 241
9	15 24 38 44 80 202
48	10 15 16 18 24 32 41 44 45 68 211
35 44	27 202
59	10 15 16 17 24 67 76 101 180 181
4 15 20	7 15 17 38 41 54 71 76 80 85 161 207
25	38 111 112 118 124 187 215
67	48 92
1 3 10 17 32 40 57 68 116 125	6 15 17 38 46 48 49 61 71 80 94 124 144
25	63 100 102 103 140 215
121	41 75 79 82
0	12 46 66 91
0	6 15 32 33 54 83 84 87 90 155
15 43 48	3 5 15 61 94 142 148
37	51 77 120 316
1 12	22 51 66 424
17	5
11 35	18 83
7	49 50 60 83 85 125 165
6	120 221 421 484
52	27 32 39 40 41 48 50 54 58 60 124 126 153 159
85	30 51 78 83 118 280 383
6	202 341
87	16 41 78
9 36 44	15 16 27 32 41 64 68 116 180 185 283
16	40 60 73 107 126 171 190 243 285 391 448
49 117 132	7 37 54 89 275
21	16 41
53	83 85 96 165
107	8 15 16 24 27 28 30 69 83 85 87 119 121 135 156
0 7	15 16 17 27 30 41 51 89 101 116 161
68	67 132 180 181 385
1 14	8 12 16 26 41 49 50 71 85 100 102 112 203 264 295 512
15 24 41 107	15 24 28 30 150 197 207
0 84	15 17 27 37 38 46 54 90 94 148 161
32	2 3 5 6 7 15 25 54 80 100 102 161
41 82	15 24 30 116 120 284
1 6	40 48 58 60 124 153 206 244
9 29 61 123	16 47 67 219
42	16 27 41 57 78 84 116 160 211
277	0 2 16 23 32 54 105 226
0	6 32 46 90 127 144 155 299
1 37	17 37 45 67 89 161 433
21	41 89
6	16 17 38 68 185
54	48 169 186 206
6 40	108 116
52	39 40 48 127 243
125	12 15 25 38 46 59 71 89 100 101 102 362
38	15 41 51 85 142 156 271 351
12 17	27 66 103 148 212 239 347
16	2 10 16 17 38 91 311
45	12 18 41 118
1 32	7 15 25 27 45 46 64 89 101
82	44 46 85 87
51 112	15 67
14	17 30
1	18 41 316
64	15 18 26 41 45 252
62 111	15 91 151
17	27 41 66 103 247 338
43	8 10 15 16 38 46 49 54 67 134 135 172 178 219 381
0	7 15 27 37 45 46 59 71 76 80 386
77	60
73	8 9 60 243
183	0 2 8 15 17 24 27 32 41 54 80
6	8 16 30 51 78 83 111
21 64	83 87 118
6	15 27 38 44 68 76 116 135 218
34	15 16 37 54 83 89 101 120
54 117	40 83 96
1	15 80 85 86 156
8	15 46 51 66 100 102 251 275
21	12 15 38 41 46 71
27 50 109	60 75 77 78 83 92 95 111 118 199
54	39 48 83 85 96 165
6 14 51	30 67 89 156
183	15 48 60 68 80 100 102 131
43 56 81 88	25 28 54 71 94 298
32	2 54 116 262 529
83	15 64 66 68 189
12 92	8 15 30 44 67 78 120 156 169
2	414
36	16 33 89 101 108 172 185
0 11 146 155	17 24 52 80 153 161
9	151 292 449
5 82	15 38 64 68 71 87 116 245 610
15	8 17 27 41 67 78 83 113 115 387
74	24 78 85 108 191 207
6	16 41 83 116 118 119 121 379 383
51	15 41 144
1	15 24 37 57 80 85 90 161 366 433
216	45 46 101 208
15	15 24 25 28 64 71 75
15	41 85 86 248
24	17 27 30 120
31	15 16 89 189 251 275 510
177	16 18 39 83 91 106 185 227 316
101 175	10 16 18 45 136 149 178
92	28 51 83 85 118 275
7	15 37 38 46 53 54 67 78 88 315 362 380
6 45	15 28 30 67 83 144 162 173 186 191 193 194 195 198 202 206 224 346
37 43	8 27 38 48 95 246 429
0 11 12	7 12 15 38 71 101
17 93	15 25 44 50 89
36	54 91 185 227 300 301
11 21 49 78	15 17 27 28 32 41 61 71 80 94 161 316
17	68 89 405 408
6	15 17 41 68 71 116
198	202
1	15 27 37 100 101 102 517
50 267	8 9 16 21 38 44 67 78 146 228 250 592
105	8 17 47
31	15 16 41 52 89 189
23	17 27 32 41 87 108 116
1	12 100 102 256 263 295 366
12 37	15 23 25 29 38 54 66 127 212
53	39 48 83 124 127 165 186
15	23 41 116 161
105	7 36 89 101 325
42 57	38 49 50 59 60 124 151
184	8 15 27 68 85 116 208 218
1	15 18 30 37 51 100 102 118 295 366
80	477
17	17 26 44 45 54 59 67 89 101 103 148 299 347
8 9	15 27 28 41 77 116 119 121 136 186 187 210
9	10 18 149
0	16 54 61 142
6	16 67 78 83 112 305 426
14	7 15 26 38 54 71
15 22 108	24 27 33 54 81 85 100 102 114 240 269 404
24 99	24 80 85 156
1	24 41
11	15 37 51 89 100 102 251 275
6 217	15 16 27 32 38 41 68 84 87 106 116 149 154 189 223 239 263 350 372 373
0	280
29 68	15 16 24 32 89 136 148
15 107	27 30 44 116 120 158 256
0 3 15 17 99	83
1 11 55	15 37 100 102 404
14 21	15 16 24 27 41 66 68 85 90 108 161
27 109	16 30 78 83 118 143 191 207 414
12 49	3 5 88 100 102 103
79	39 54 93 129
132	24 27 31 41 68 84 85 116
6	15 23 39 57 91 109 137 174 185 258 283 348 365 452 687
26	48 85 124
127	8 60
291	15 16 17 24 32 41 68 116 164 197 207
41	24 69 75 78 84 147 162 191 206
32	25 38 44 49 67
1	15 27 41 45 100 102 161 295
1	11 15 18 30 51 74 85 180 181 256 366 429
48 55	32 116
27 109	32 78 87 101 187 282 384
1	10 51 100 102
44	27
145	2 15 16 23 27 28 36 54 55 71 97 101 166
9 29 61 123	16 47 67 151 189
27 109	15 52 87
1 7 17 51	15 27 32 37 41 46 80 100 102
0	15 18 38 256 295 433
18	10 154
10	15 28 46
1	15 18 23 27 29 41 71 80 100 102 156 189
24 105	16 83 92 116 119 143 164 186 216 379
53	6 37 39 40 48 51 54 83 85 155 165
13	54 80 91 94 149 174 203 304
6	83 90 116 118 207
98 153	15 255 306 481
0	2 6 7 15 16 28 32 33 37 38 44 54 67 80 90 94 127 230
16	85 157 173 186 255 270 430
78	11 16 33 37 41 54 61 66 71 80 90 91 110 116 118 143 149 184 185 193 195 204 210 221 239 285 299 362 593
3	37 46 67 71 203 259
70	15 41 54 83 116 118
11	7 15 25 38 89
181	256
1	251
84	16 50 54 59 60 78 83 91 94 100 102 120 165 211 300 301 387
0	32 204
38	23 27 111 112 113 115 120
6 11 41 82 125 155	2 24 27 85 150 198 207
1 12 83	66 272 366 386 424
1	51 85
42 150	16 41 57 66 85 159 239 250 437
6 223	16 204
4 5 14	41 76 157
17 51	9 12 15 116 135 218 275
12	12 17 28
27	9 15 16 32 68 118
67	6 15 16 27 37 54 129 130 186 286
59	15 44 463
0 55	6 148 319 395 535 634
22 43 148 303	32 63 67 116 133 135 150 208 231 239
48 51	12 30 41 85 103 116 135 160 291 353 354 355
13 67	28 99 143 173
80	2 16 23 29 89 101 133 135 218 255 346 494
1	15 41 95 366 431 550
1	0 6 39 48 54 60 94 122 124 212 321
12 33	15 25 76
80	66 172 529
7	37 67 100 102
12 171	12 15 46
52	83 85 96 143 165
89	209 243
125	50 60 73 75 124 125 171
43	15 116 133
1 20 46 77 83	2 4 8 9 15 16 38 42 44 46 54 66 67 80 101
195	27 116 150 160 197 223 247 291
113	0 8 12 38 44 67 80 101
1	15 68 85 89
36 177	108 116
36	27 160 185
6 41 45 107	118 120 162 191 208
1 17 37	2 49 101
0 7 15	14 15 27 30 31
57	25 37 48 60 67 78 80 81 85 87 88 90 124 186 194 239
260	194 195 353 354 355 365
84	15 30 41 51 75 78 116 119 233
105	8 16 30 51 118 189 280
8	268
1 9	16 41 103 110 116 139 211 295 347
15	78 380
9	15 17 38 66 79 82 103 110 136 138 208
19 44	15 27 41 48 60 78 80
127	16 24 25 51 223
80	8 41 45 76 218
80	9 15 44 67 76
1	15 16 37 41 51 54 61 85 90 110 116 180 181 193 295 298 366
132	100 102
89	15 16 27 57 68 135 160 210 239
84 117	37 54 61 67 89 90 101 275
11 15	69 71 98 116
9	7 10 23 29 51 248 261
0	15 16 27 41 45 116 161 189
78	15 37 39 54 55 61 83 90 94 118 148 189 298
124	0 2 4 15 27 28 33 47 54 55 67 76 97 133 212 316 688
0 1	6 15 23 27 37 100 102 275
78	15 27 41 83 118 160 187
95	16 32 42 68 69 76 87 89
55 83 171	23 27 29 38 80 116 208 212 218
15	15 17 24 27 51
54	48 50 60 83 96 125 165 190 206 243 244
25	0 15 32 36 39 41 54 98 148 286 363
15 326	15 16 24 41 68 78 108 160
27 109	0 6 8 16 76 83 84 87 187 204 282
0	48 60 73 78 96 153 169 171 173 186 243
1 37	15 18 57 64 85 116 160 180 275 283
1	243
110	689
60	15 24 27 41 69 116 119
115	15 16 38 71 85 101 169 180 181
149	15 16 27 68 71 116
95	16 68 151 340
6	15 30 51 53 75 78 83 84 85 117 118 119 163 164 207 216 414
1	12 15 17 38 68 87 88 89 154
6 105	8 27 30 41 51 116 119 164 187 189 216
1	15 27 30 51 83 90 100 102 116 118 161
53 54	60 186 190
77	2 25 74 80 374
6	15 16
25	16 33 54 75 76 78
1 95	15 17 25 27 44
53	15 21 39 58 69 71 73 124 127 159 444
128	25 33 75 78 81 84 100 102 148 157 199 212 306 497
3	15 16 25 68 116 137 160 185
55	7 15 25 28 33 54 61 94
4 33	23 26 29 44 205
14 51	15 41 67 71
0	83 87 204
36 80	0 15 39 41 54 83 94 96 165 250
44 48	27 41 98 102 107 109 137 149 160 180 237 290 291 300 301 327
17	7 15 38 41 45
15	15 30 41 51 85 116
77	6 32 39 54 60 73 90 131 173 383
53	50 73 96 127 159
19 142	18 41 91 107 160
0 55	32 33
24 56	24 27 39 45 85 116 207
9	242
1 188	30 51 85 100 102 133 275 300 301
12 83	347
68	15 16 24 27 69 84 116
10	15 68 275
30	16 32 41 68 89 136 250
0 6 24	113 115 180 181
1 83	23 187 191 327
17	15 36 48 49
6 56 129	12 15 38 41 66 71 178 228
117	15 23 37 49 61 203
0 1 49	15 24 25 32 33 37 83 87 89 101
1	41 295 366
117	37 39 54 59 61 83 90 94 96 118 143 153 186
57	15 16 17 39 41 50 54 60 61 96 203 298
99	15 16 38 41 85 118
66	193 194 195 375
0 62	24 27 69 85 96 182
1	15 18 23 100 102 256 295 433
52	85 127 153 206
134	23 105
6	12 46
123	8 16 32 68 101 286
11 155	48 50 130 194 426
32	0 15 16 64 71 89
6	15 16 38 67 89 180 181
1 43	13 100 102 108 178 205 256 295
32 93	2 5 15 44 74 80 103
18	23 104 258 349
43	51 120
67	28
125	0 15 24 27 30 32 33 41 54 153 303 304
7 68	180 185 311 450
127	229 625 690
7 11 17 83	12 46 66 76
6	16 60 89 101
127	17 83 85 95 96 165 180 561
8	0 15 16 17 38 68 326
53	40 83 92
99	10 15 27 41 45 67 110 180 181 295
1 9 37	51 67 328
34	12 16 28 32 33 61 80 89 90 91 98 101 171 173 186 352 358
7	39 48 206 243
0	131 209
48 55	15 90
78	15 18 37 51 85
80	116 135
99	15 16 18 26 27 41 45 54 59 68 89 91 146
50	9 12 15 17 32 38 46 71 80 89 161
1	38 148 319 339 482
4	6 8 9 38 44 45 80 85 100 102
6	183
66	15 16 27 32 41 66 78
89	257
54	30 39 40 41 54 92 116
0 15 24	15 27 39 85
1 43	3 5 13 15 37 44 46 60 74 90 100 102 127 212 353 354 355 501 541
0 15	124 301 305 382 390
6	41 75 116
6 9	16 88 89 114 116
0	27 32 33 54 68 71 87 94 239 353 354 355
132	15 38 66
57	25 37 54 59 94 100 102 387
0 7	7 15 41 43 45 46 49 161
24 198	92 143 186 187 369
54	11 15 53 67 88 107 118
56 104	27 41 75 80 83 110 116 119 233
80	15 22 24 69 78 116 187 206 255
7	15 54 80 116 421
0	36 54 89 103 142 148 161
260	41 316
53	48 190
6	9 89 101
0 49	37 90
17 51	15 41
45	67 78 112 131 143 186 191 193 277
61	15 189 251
6 56 118 146 327	15 27 28 64 135 218
15	15 27 41 45 51 85 229 248
1 14	9 10 27 41 45 84 91 139 178 185
1 54	40 48 206 244
1 37	15 18 23 24 27 29 41 85 100 102 189 366 386 387
77	358
1	15 17 23 66 79 80 82 85 161 166 234 256 262 347 366 425
14	15 17 38 41 71
29	25 32 41 68 87 89 116 136 151 219
6 30 112	15 16 89 108 118 136 151
37	27 66 184
28	71 316
14 44 110	8 71 78 112 120 158
31 36	15 189
6 27 109	16 17 24 27 32 38 69 87 101 118 169 202 340
43 80	15 23 29 37 41 85 111 133 404
17 43	15 23 25 38 44 49 55 67 103 133
16	2 4 15 16 33 54 67 94 215
42	18 27 41 57 68 89 91 106 109 110 137 185 210 227 258
123	83 143 169 171 186
7	15 18 24 30 41 100 102 116 118 295
0	9 15 24 25 28 32 41 71 78 90 299
17	2 3 5 8 15 80 101 103 127
1 9	15 24 38 76 110 155 249 265 386 531 540 555
129	23 41 51 57 385
80	15 17 26 45 46 49 76 103
1 99	15 16 18 27 41 45 116 137 263
29 31 286	15 41 57 64 109 160 184
67	16 54 61 83 89 90 108 133 186 203 314 593
328	83 124 186
112	8 27 41 51 66 85 111 239
68	18 23 27 41 178 295 366 429
0 24 48 76	24 33 39 46 54 83 85 96 142 148 153 165
32 48	15 64 116
6	16 60 78 120 169 171 180 181 191 193 305
99	15 27 67 83 85 90 120 161
42	16 27 56 57 189 210 211 239 437
56	9 12 15 16 18 24 25 28 71 298
32	0 2 12 15 26 38 76 103 161
54	15 45 57 58 64 68 77 85 87 89 142 178
1 32	0 3 5 6 23 26 66 79 82 103 161 166 205 347
25 97	8 19 39 58 60 85 194 207 264 520 522
15	41 75 189
53	15 41 75 78 116 119 121 176 187
0 11 17	12 15 28 41 46
124	9 15 27 97
56	12 15 46 54
0	15 46 83 88 134
60	13 15 127 228 246 271
28	147 316
180	78 113 115 120 158
1	24 37 46 100 102 180 295
96	15 57 71 87 251 252 399 560
286	16 33 61 219 388
25	15 18 27 37 100 102 118 143 186
6	15 24 68 78 84 120 150 182 191 197
19 42 58	41 126
59	67 88
18 61	11 438
6	67
44	15 17 27 41 71 80 112 116 120 147 295 366
43	0 3 5 15 17 24 69 76 78 150
43 81 178 195	16 18 27 30 68 87 109 116 137 223
86	16 27 28 32 39 54 61 68 73 91 94 116 133 171 316
0	15 24 27 30 31 81 116 316
19 20 42	18 26 27 41 57 66 78 91 98 109 135 136 138 149 160 185 250 257 285 327 503 530 589
44 78	11 116 135
12	12 15 26 71
9 26	16 32 68 89 144
66	78 100 102 120 191 206
48	15 17 27 41 51 54 59 85 90 94 148 161 298
10 21 63	83 116
124	15 30 33 67 257 311
107	8 22 32 87 111 150 162 180 181 191 207 337
0 13 59 110	6 32 39 48 55 78 83 85 94 96 108 124 143 153 165 186 206
19 22 199	41 68
30 68 90	16 83
64 83	15 45
54	139
15 121	24 27 30 41 111 116
89	180 243
7	17 27 32 71 89 112
106	118 136
45	8 15 24 41 64 116 150 197 207
54	8 15 27 38 39 40 85 86 156
15	15 28 30
12	41 66 189
15	150 284
43	27 118 135
55	41 54 76 90 148 347
40	15 38 45 161
74	24 28 30 83 87 119 150 156 191 197 198 207 233
91	12 16 30 67 120 347
0 11 76	7 15 37 38 89 108
52	50 60 85 96 309
66	27 30 41 67 78 116 120 156 380
38	15 27 41 85 116 161
6	8 15 27 85 86
46	15 83 84 87 204
0 3 15	17 27 41 85 116
68	51 120
15 123	16 32 66 309
72	8 38 95 124 168
75	3 5 8 15 25 27 38 54 80 89
127	15 53 118 275
6	32
7 17 55	0 15 25 32 41 54 89 94
0 15 85	15 16 32 38 41 51 66 68 71 85
7 54	48 60 67 125 206
0 7 11 76	15 37 83 118 275
104	22 75 78 116 120
37 80	27 41 108 116 160 291 386
20	41 691
1 78	15 18 23 29 85 86 100 102 116 404
80	27 45 227 386 387
121	6
240	15 16 24 32 33 54 87 404
48	0 15 23 28 46 54 94 166 172 246 301 349 502
53 54	0 1 15 27 32 33 39 40 41 54 57 60 61 80 83 85 90 94 116 124 153 165 186 211 250
63	37 255
54	1 39 40 49 50 54 60 83 122 126 153 165
300	503
15	17 30 40 67 69 84 87 120 150 156 162 191 198 220 221 305
7 54	15 25 38 42 46 67 71 140
99	15 18 41 100 102 118 295
52 54	8 48 126 195 250
53	40 48 60
15	15 51 75 85 119 120 121
1 165 166	8 85
11 15	24 27 31 41 66 84 116 207 284
11 59 155	71
50	15 49 51 76 101 250 255
123	0 15 38 47 89 137 147 219
15 40	15 118
15	7 12 15 24 37 38 100 102
17 34	15 16 17 27 41 45 59 85 89 101 116 161
25	23 33 60 73 94 100 102 157 171 180 297 340 452
6 106	16 52 307 372 373
123	16 83 116 118 147
6	8 15 16 32 33 89 101
15 120	15 27 41 45 85
1 22 37	9 37 325 487
15	41 75 81 86
6	16 73 89 101 151 171 352
104	15 75 113 115 118 119 182 187 216
85	15 16 27 37 38 41 46 100 102 116 118 251
9 181	8 15 16 21 26 32 46 59 68 71 103 151 229 292 512
99	17 51
115 149	32 39 78 101 171
1	100 102 124
48 50	39 77 78 83 94 120 165 175 180 181 305
1	8 38 42 67 77 86 122 153 156
0 1 11 49	15 24 38 45 71 85 116
44	33 48
31	15 27 38 44 45 46 248
0	15 30 37 51 71 89 101 275
6 68 76	15 16 37 41 45 51 85 148 189 251 274
17 51 72 125	8 15 41 48 80 103 127 130 228
117	15 41 83 84 85 116 160
7 68	15 16 27 67 71 89 101
50	100 102 146 192 324
53 54	39 40 48 60 83 85 96 124 153 165 190 243
57	124
58	94 148 299
57	10 27 41 54 56 57 61 263
6	16 27 30 78 116 187 204 282 284 399
83	6 50 66 103 126 130 131 147 201 239
21 44	15 16 18 116
1	15 27 38 42 54 83 122 126 130 159 165 231
11 49	37 89 99
6 87 127	15 24 27 68 116 119 164 216 223 278 279
1 19 20 44 45	15 16 27 41 45 54 71 80 89 100 102 116 118 189 251 275 297
260	15 16 24 27 28 38 85 87 94 116
1	8 16 17 18 23 37 38 46 71 94 100 102 366 386
21	12 15 28 46
36	106 372
27 109	83 108 237 258
15	355
11 44	11 12 15 49 71 112 161
27 109	92 168
7 117	7 25 38 46 54 56 59 76 386
9 29 106	15 16 24 27 32 33 66 68 85 87 136 262
19	13 15 17 24 27 28 32 85 87 198 207 447
117	16 37 41 48 49 50 54 56 59 60 61 94 148
7	15 88 306
36 44	9 12 16 18 27 41 44 57 66 91 107 109 138 148 160 185 187 282
54	40 50 60 83 153 165
78	411 424
77 92	60 78 164 173 692
12 32	15 38 66 177
190	234
74	16 41 67 73 171 213 214
0 1 7 49 52 57 76 117 119 132	39 40 48 50 60 153
0 21 69 78	7 54
28 68	77 147 404
74	8 9 16 17 24 30 38 67 69 78 83 87 88 120 156 162 191 198
36	148
1	22 410 424
20	14 15 16 24 27 32 63 68 116 136 251 271
48 114	83 106 165
6	78 199
6	7 15 16 17 24 27 28 33 68 80
110	73 75 77 78 100 102 119 206 216 242
7	12 15 17 26 41 67 71 89 101 120
7	28 30 69 108 197 280
1	6 15 24 37 57 79 80 82 85 295
36 64	18 109 185 227 258
11 66	15 24 27 28 84 85 87 116 207
1 83	0 15 24 37 41 80 85 90 100 102 324
0 24	15 17 27 39 41 54 85 90 94 142 148 161 298 299
259	400
80	15 17 27 38 41 116
26	8 26 38 89 101 151
27 61 109	28 143 186 187 282 348
21 78 117	61 364
11	15 37 46 51 89 251 275
50	39 83 106 109 110 146 184 185 227
7	15 27 37 71 89 101 135
110 195	24 120 150 197 207 220
110	21 23 60 67 243
0	7 15 37 41 80 81 116
6 22 40 45 66 195	24 118 162 191 280
7	8 94 127 144
27 58	16 24 27 32 38 41 68 77 84 87 111 116 136 189
14	7 37 45 46 161 386
53	15 27 33 39 40 54 84 94
88	2 3 5 6 23 59 166
0 7	7 51 99
12	8 15 67
74	87
44	15 16 27 37 38 41 46 54 89 100 102 118 143
110	77 84 220 493
1 4 5 48 55	0 6 15 16 32 38 40 41 46 48 54 61 67 80 84 88 89 90 94 116 148 362
0 1 55	15 17 24 27 32 41 61 71 80 94 100 102 161
127	478
50	41 54 99 447
42 133 195	98 310 530
1	15 17 18 27 41 80 85 90
48 302	46 60 83 85 88 96 143 165
1 11	15 18 24 41 90 189 295 429
9	113 115 206
6 115	16 32
78	0 15 27 46 66
17 44	17 23 26 27 41 45 59 67 71 89 112 203
7 54 55 135	6 27 32 39 40 41 54 61 94 153
1 37	205
7	15 48 58 60 93 144
11 146	2 46 103
0 1 15	6 8 15 27 30 38 39 40 42 54 81 83 84 85 94 116 153 161 165 218 254
7 48 53 78	39 50 54 60 75 78 143 167 219
6	17 30 51 89 120
61	129 140 311 460 481
9 18	51 85
6	8 111 118 119 216 233
63	25 38 44 67 71 208 228 396
51	15 16 57 68 80 89
0	15 27 39 54 61 78 80 81 90 96 203 321
8	0 10 23 80 101
58	61 148 299
41	41 85 116
6 11 15	15 24 28 30 32 33 51 64 81 84 87 94 150 197
1	11 100 102 127
12	18 66 347
80	15 16 27 30 51 78 83 118 156
54	16 27 41 73 211 250
48	16 17 27 61 71 78 83 90 94
130	16 17 30 32 108 202
6	16 27 85 89 101 111 116 118 161
53	12 30 60 71 103 108 119 130 200 206 216
58	15 27 49 78 85 120 142
6 36	15 16 24 32 41 116
104	8 27 78 84 119 164 216
6	24 30 75 78 83 111 120 156 284 671
1	69 87 127
0	6 94 152 392 394 535 607 665
0 3 4	15 38 51 67 71 85 251
0 7	12 15 25 38 46 67 71 89 156
13	28 51 73 167 169 171 173 311
36	16 32 61 68 89 203
125	8 38 144
6	16 27 30 32 41 80 89 111
10 329	16 32 41 68 116 118
15	17 41 43 79 82 83 89 116 229
124	0 2 37 54
1	6 23 27 66 79 82 138 386
16	48 92 124
14	15 27 75 81 116 182
1 66	12 15 23 66 80 100 102 103 120 248 671
49	37 208
54	49 95
154	39 50 60 96 124 153 321
14 150	15 16 27 41 56 57 66 84 116 211
9	10 22 292 329 422 424
48 114 277	8 15 24 27 28 32 41 44 51 69 71 83 87 116
43	16 27 44 68 71 148 212 299 300 301
9	16 66 68 71 116
7 54	15 37 54 59 61 80 108
8	6
14 44	8 71 264
6	75 83 92 119 216 280
0 7 11	37 54 80 90 111 116 118 143 186
91	15 27 51 85 89 118 135 275
76	28 32 54 61 94 299
50	146 185 227
51	27 41 48 49 54 437
52	39 40 83 88 96 165 221
174	2 6 15 63 66 80 103 125 130 147 153 164 212 223 256 612
4 5 44	11 15 27 41 45 71 89 101 112
29	15 38 63 68 87 189 219 223 555
17	8 66 103 108 347
54	19 48 96 124
75	2 8 15 24 38 80 153
12 51 112	2 12 71 101 155 203 239 409
51	39 40 45 60 83 124 131 165 178
6	154
1 6 54 224	8 15 38 48 67 120 159
48	8 246 488
22 146 147 206	13 17 24 30 51 85 197 254 447
6	15 16 18 89 116
21	41
54	15 36 41 50 67 80 103 118 195 206 239 347
6	48 60 124 506
51	8 362
1	17 41 95 212
1 6	180 181
85	27 41 45 59 107 295
10	15 38 44 89 124
92 107	15 24 64 75 85 116 223 423 448
122 133	9 16 27 41 66 91 98 138 160
0 11	15 16 51 71 85
189	26 38 41 54 57 67 506
5 6 24 44 57 58 83	28 94 110 143 175 186 187 204 226 255 276 450 583
59	16 27 67 89 101 134 179 463 464
0 28 118	28 46 54
6	655
34	48 206
42	27 41 56 57 108 189 210 437
4 5 24 41 48	15 23 24 27 29 69 76 85 89 94 101 108 114
80	8 15 16 32 44 68 76 88
6	41 78 111 113 115 119 120 233
9	47 242
125 208	60 96
25	33 85 132 157 270 297
7	15 17 26 41 49 71 112
35	18 78 83 107 146 185 187
37 99	15 41 100 102 178 295 366
17 46	2 9 15 17 30 38 44 67 76 405
57	0 51 99
1	12 15 23 24 66 80 91
14	6 15 26 54 147
7 52 53 57 110	8 60 127 158 264
20 81 245	18 27 45 135 136 148 160 180 184 283
330	15 51 89 251 275
27 35 109	16 27 41 45 91 106 107 136 137 160 185 250 497
7	25 67 74
40	15 27 28 30 41 78 81 84 86 119 164 182 216
1	27 41 71 100 102 295
50	180
1 49	7 15 17 68 71 89 100 102 161
36	100 102 168 192 206 225
0 7	12 15 23 45 71 112 234
43	15 17 24 27 30 41 51 78 80 85 87 108 114 120
63	12 15 17 25 26 44 45 59 71 76 89 228
7	48 60 125 127 140 175
36 197	59 89 91
59	203 411 454
40	41 118
37	27 41 75 78 119 120 216 305
52	83 85 96 153 165
1 14 44	12 16 17 26 71 112 203
105	8 15 17 24 27 28 30 78 120 135
160	27 41 57 66 68 135 138 227
1	3 5 15 18 24 80 85 164 254 284
11 49 155	16 28 68 94 207 275 284 300 301
15 120	81 83 165
4 11 35	8 15 27 41 54 61 68 71 85 89 94 116 135
27	48 84 87
1	83 85 96 165 362
6	44 89 101 124
112	48 67 195 243
1 9	100 102 116 138 256 295 366 386
15	17 30 51 67 71 78 89 120
48	0 15 17 27 33 37 46 54 59 90 142 148 161 298 299
54	15 16 44 66 68 71 353 354 355
1 156	15 18 41 71 78 80 112
77	33 90 129 131 173 383
20 21 37 44	41 83 116 118
106	15 16 32 64 68 84 87 116 189
1 15	12 15 17 23 24 29 38 48 66 80 100 102 122 240 256
13	169
0	23 45 54
1	10 15 25 45 67 71 103 386
34	36 60 71 78 180 181 426
81	0 7 15 25 34 54
199	30 67
6 104 105	15 16 32 78 101
1 7 15	25 41 79 82 248
154	1 27 40 48 153
17	15 38 41 67 71 85 89 101 156
0	16 32 38 68
18	54
43	15 18 23 27 29 41 100 102 164 189 295 366
43	84 159
0 10 11	0
54	8 9 10 16 27 41 45 48 86 211
0 11 15	15 41 46 88 362
6 7 22 116 118	6 24 31 67 75 78 81 90 119 125 187 318 352
4	15 26 38 45
15 104 107	15 24 27 28 30 41 78 81 85 111 116 119 135 197 207 218 317
37	200
66	10 51
63	33 142
25	2 8 15 54 61 71 76 80 83 85 101 156 162 165 299
248	15 32 41 52 68 116 185 189
25	3 5 17 67 103 215 506
68	41 66 116 119 121 207 226
89	99
25	4 15 16 24 33 54 73 171 311 511
17	41 71 275
51 112 154	30 67 94 156
0	127 129
36	27 98 109 116 136 211 227 290 332 427
1	27 41 100 102 322
55	21 60 93 129 403 573
113	15 48 49 50 54 58 59 89 90 101 148 159 211 299 502
136	15 16 24 54 173 186 284 547 548
4	15 25 39 41 44 49 50 55 56
46	116 371 397
9	59 248 372 373
50	26 270
5	149
54	60 100 102 124 206
14	7 15 37 38 45 46 161 386
0 78	28 37 46 54 83 203 315
21 117	16 83 108 111 117 118 143 186 280 383
61	8 11 15 16 27 33 38 67 83 89 90 107 118 134 179 297 369
59	21 48 60
53 84 117	48 50 60 94 96 153
1	85 254
7	25 38 77
52 54	40 60 85 88 96 206 243
36	15 77 84 87 204
52	48 60 85 88 96 124 206 243
11	15 16 32 33 38 41 54 68 71 85 116 204 275
59	2 15 16 17 38 44 76 150 179 180 181 348
6	15 17 24 27 42 69 78 120 162 187 191
15 22 82 195	399
56	8 15 23 116 118 251 369
80	15 27 251 275
1	100 102 133
29	16 27 33 41 52 137 151 297 369
6	48 124 190 206
41 43 82 104	24 27 78 84 87 116 197 207
1 80	15
6	73 328
6	16 33 83 107 118 349 369
6	32 41 87 101 116
6	10 15 16 32 64 87 101
113 230	19 60 126 130 131 159
0 15	15 27 38 51 85
43	16 25 26 33 35 60 81 90 91 168 176 199 296
13	54 83 143 167 169 175 434
184	51 147
52 53	32 86 116 251
48 193	8 100 102
20 77 170 207	8 9 12 38 44 67 212
1 7 55	6 15 27 37 38 46 66 80 85 86 100 102 130 161 240 272 404
12	2 3 5 24 38 46 54 76 101 144 177 202
34 66	12 15 25 44 46 71
14	2 15 44 54
11 58 76	15 16 17 27 30 32 33 41 68 80 85 89 116 118
15 80	8 24 27 28 44 116 133 135 156 208 218
1	30 36 41 83 100 102 118 143 178 185 190
1 44	16 32 71 161
54	15 39 42 67 71 83 94 165 228
28	30 31 41 51 316
11 19 123 155	15 16 24 25 41 64 71 160
50	83 90
54	41 57 85 90 94
54	11 15 16 37 38 41 53 67 89 437
7	8 19 21 27 67 78 100 102 120 191 264 366
19 22 99	13 15 16 17 32 101 176 180 181 239 275 357 443 447
36	16 32 52 83 87 89 101
12 17	27 41 66 103 177 197 207 212
0	15 39 54 59 90 94 108 148 203 298
1	15 37 46
1	17 24 27 38 41 66 80 116 207
58 87	15 116 371 397 402 458 504 527 528
107	15 30 75 78 84 87 108 117 119 120 156 169
9	17 43 69 127 272 292 309 404 424
9	3 5 12 160 271 309
12	8 38 46 67
6	16 68 71 78 87 137 154 185 239
29 61	16 151 189
6 40 68	15 17 38 44 67 76 85 89 101 116 161
37 43	15 23 37 100 102
1 58 146 147	15 18 27 85 90 118
1	12 15 46
36	15 18 23 29 80 100 102 295 366 404
0	7 15 37 46 89
6	87 180 181 202 385
0	15 38 44 45 67
25	60 67 96 129 140 172 215 293
30	15 16 27 41 51 54 61 89 111 118 251
14	10 50 67 78 127
1 37 52	6 8 39 40 42 48 50 54 60 61 67 69 71 80 88 94 101 130 153 156 162
36	16 32 87 89 180 181 185 202
26 123	309 467
1	77 78 81
74	69 75 77 78 100 102 118 119 120 169 206 216 280 426
1 110	60 75 127 343
14 15	13 15 46 88 362
27 103 109	67 206 293 311
61	8 38 67
36	9 12 108
16 25 89 97	2 16 36 44 51 60 67 73 99 157 171 173 186 200 204 297 318 335 365
6	73 169 171 180 181
64	15 16 24 25 38 41 71 85 89 116
1 173	100 102
10 12 32 40	0 2 6 15 38 43 49 66 100 102 103 148
94	67 151
27 29 30 109	83 95
0 17 51	2 4 15 38 44 48 49 50 60 66 67 103 124 130 144 212 247 338
15	16 27 78 85 116 117 120
66	18 41 57 83 91 106 110 120 135 136 160 164 184 258
25	15 16 24 68 80 87 153 202 204 265 341 374
54	19
124	0 15 16 27 32 38 89 97
66	187 191 206 337
40	7 15 25 38 44 45 89 101
7	0 1 5 6 15 17 25 26 32 54 80 94 150 161 405
15 107	8 15 24 27 69 83 85 87 111 116 120 156
0	49 77 78 81 111
55	90 93 118
53	40 153 167 175 190
85	30 51 75 78 83 116 118 119 216 280 383
53	6 37 40
15	15 64 78 120 250 481
89	9 16 36 38 173
7 228	15 16 27 32 41 64 68 71 80
124	27 73 97
47	8 21 60 127 228
18	33 85 125 173 186
6	15 16 41 83 89 90 111 116 118
50	0 15 16 25 27 41 54 71 116 250
19	8 15 41 57 59 255 347
54	16 17 24 41 68 84 114 116
0 55 113	6 15 33 38 302 303 304 573
53	48 190 243
25	2 23 25 54 60 67 72 74 77 81
103	16 24 28 32 68 84 87 89 136 154 184 239 258 327
1	23 80 85 96
15 121	8 15
17	26 27 38 41 43 45
42	458
21 61 99	10 15 16 24 28 68 71 116 136
20 68 90	8 11 12 15 16 25 68 78 251 264 510
14 44	9 10 12 15 16 18 24 26 27 30 41 45 68 71 89 101 116 136 178
0 1 55	2 4 7 38 67 71 231
15	15 27 41 75 78 81
6	16 30 51 78 107 119 189 216
74	410
34	17 41 67 80 89 101 112
0 5 7 68	7 12 37 44 46 71 89 101
68	41 45 56 71 76 386
43	15 16 17 41 71 112 120 180 181
0 15 24	15 24 30 41 81 85
6 99	27 91
117	15 16 32 89 101 108 118
43	6 15 17 24 32 71 80 94 202
0 6 41 95 99 104	15 27 116
46 91	67 77 87
53	6 8 10 16 41 45 50 58 76 89 101 107 127 211
59	25 33 46 90 298 362
43	16 17 24 67 69 73 75 78 108 111 120 124 162 169 171 187 191 193 194 195 206 250 277 282 305 444
48	83 91 227 300 301
27 109	16 48 73 85 164 171 187 193 348
15	28 69 75 83 85 86 182
48	16 27 66 91 116 189
298	0 15 16 32 33 38 76 89 101 148
0 55	15 17 24 27 28 30 32 33 37 38 54 80 85 275
269	180 181 387
19 142	18 41 458
6 53	8 15 24 27 84 150 197 207 220 221 264 311
5	8 15 38 67 76
99	78 198 221 414
7	16 67 151 180 181
14 44 45 68 83 90	67 200
20 133 195	16 83 91 106 108 136 137 149 160 185 223 227 251 285 322 427 549
67	16 23 33 37 39 49 50 54 59 60 61 83 90 91 96 105 116 118 120 143 153 165 186 189
237	15 18 41 66 103 309
107	17 24 30 51 67 69 77 78 84 87 150 156 162 169 191
53	15 16 27 32 39 40 41 54 60 73 83 94 116 153 165 171
106	52
5 6 15 24 35 41	15 27 41 75 77 78 83 87 116 119 121 162 176 191 204
105	570
115 117	0 16 32 118 180 181 202 385
53	1 32 83 153
1 6 7 43 80 159	27 51 83 89 116
19 27 43	16 27 78 116 220 223 411 412 443
43	23 27 76 113 115 120 133
92	78 118 169
1 6 17 18 23 43 61 68 94 111 217	15 24 27 28 32 41 68 69 73 78 87 91 94 116 151 154 169 171 180 181 184 189 191 204 219 316
6	77 78 120 204
43	100 102 180 181
36 84	91 137 185 316
15 91	8 27 41 51 85 119 121 248
1	85 116
6	16 41 117 119 233
15	32 67
37	85 94 100 102 205 287 296
14	0 1 27 32 33 39 40 41 48 50 54 57 60 94 126 153 159 160 271
7	27 30 50 67 71 89 112 118 156
6	73 169 171 182
4 7 43 76	15
53	48 124 127 206 243
50	6 9 12 16 32 51 101
43	41 63 67 78 83 108 116 223 287 653
25	18 23 41 51 80
43 113	0 2 6 15 24 27 54 80 116 212
194	28 33 39 40 48 58 67 90 122 124 125 153
89	73 171 243 296 633
31	24 68 71 87 161 185 251
26	0 6 17 54 94 153
0 7	15 23 37 38 46 71 99
48	21
9	15 51 85 89 251
0 50	27 67 71 78 80 90 111 118 180 181
236	2 7 12 15 25 49 66 68 203
42	15 24 41 63 78 98 136 189 530
37	23 27 37 100 102
43 80	23 38 67 88 105 133 135 179
1	15 45 295
1	8 17 37 38 71 100 102 142 219 350 366 386
20 61 68 106	10 116 136 371 397
66 138	27 30 83 116 118
1 14 27 109	15 16 51 87 106 116 184
33	9 60 127
106	16 52 137 189 248
89	9 53 126 243
56 93	8 15 16 25 26 38 49 74
78	39 98 637
50	195
15	6 15 16 17 24 27 30 38 54 67 68 69 71 78 80 85 87 119 120 150 162 191 204 207 273
20	4 23 91 98 109 166 185 371 397 451 462 503 527
114	15 16 41 106 109 136 227 283 332 427
10 44	16 23 27 33 36 37 41 73 77 78 80 171
189	178 398
6	15 32 89
9	21
76	0 15 25 32 33 38 54 61 71 85 89 94 101
0 42 58	18 39 66
55	33 76 78 90 100 102 302
162	46 53 73 107 200 243
0 129	38 179 324 463 464
25	16 60 73 100 102 180 243 365
7	15 17 37 38 41 83 89 101 133
230	0 15 32 94 142 148 172 246 300 301 333 334 349 497
1 9	12 16 38 44 68 103 155 229 261 292 555
111	15 16 38 46 110 118 151 364
15	147
29	0 15 18 64 89 116 137 147 160 219
44	15 16 18 27 41 68 83 89 91 110 116 136 165 387
24 30	32 53 89 107 111 116 118
48 255	15 17 18 27 51 78 80 83 85 161
63	16 27 83 84 85 116 208
6	8 73 83
24 41 82	150 156 207
1	15 46 80 85 93 404
6 15 70 104 116	27 41 68 83 89 116
60	77 79 82 85 142 271 564
75	15
64	83 92 107
75	74 103
123 127	8 15 53 78 107 118 164 189 307
89	16 27 54 97 133 316 677
77	67 185
18 61	11 15 16 53 107 151 189
30	30 51 78 113 115 118 119 120 233 305
40 70	54 59 67 71 80 94 388
17	15 30 67 120 156
0 7 51	12 15 25 38 44 46 67 71 89 100 101 102
54	296
234	15 16 69 71 87 101 144 191 326 341 345 361 478 506 539
32 74	8 15 25 38 68 88
53	48 50 57 60 67 88 126 159
6	15 83 85
0	7 15 37 46 89 100 102
37	3 5 12 15 45 46 80 102 178 205
95	15 17 307 557
110	88 124 209 246 448
76	41 48 51 60 78 83 92 96
42	15 16 27 57 86 136 156 178 429
13	1 16 18 37 39 54 60 83 96 118 124 153 165 285
0 15	33 85 96 186
230	0 15 27 32 148 228 246 257 300 301 349 497
4 5 68 90	9 12 15 16 18 24 27 41 45 68 136
112	41 83 85
12 15 24 36	16 69 71 85 112 353 354 355
25	69
21	12 15 27 46 85 108 116 135 218
4	7 15 25 26 27 38 41 43 45
53	39 40 54 60 83 122 153 165 271 351
21	16 41 83
77	46 383
27 109	95 143
25	6 293 513
50 86	11 13 15 16 27 32 37 38 41 54 61 71 80 83 90 91 116 118 143 165 185 203
0 7	46 49 50 67
51	15 16 27 41 44 68 69 71 85 161 234
6	51 78 87 108 111 116 156 187 361 380
6	8 15 27 68 85 116 118
4 8	8 15 17 24 38 49 54 57 58 66 83 85 87 153 159 321
6	77 78 120 179 202
24 107	17 30 69 78 84 87 150 162 191 197 198 207
89	73 168 200
6 7	16 17 48 78 206 244 271 351
52	9 16 28 32 87 204 385
8	24 187
30	15 18 27 57 108 187 227 238 258 282 283 289 291 327 329 330 332 450
9	9 12 18 27 91
24 41 171	15 27 30 81 85 116
17	108 226 291
1	100 102 295
23	16
15 24 41 82 107	15 24 30 35 75 78 81 84 87 116 119 120 150 156 162 176 317
0	44 46 142 148 208 300 301 396
6 60 82 92 105	24 38 77 78 81 84 87 120 156
1 15 48	24 27 69 75 78 85 95 116 118
3 7	11 15 38 41 67 88 107 437
54	8 19 21 41 42 50 58 60 124 127 175 222 228 264 485
110	48 53 88 124 209 246 448
104	23 27 76 133 134 135
9	16 67
25	9 173
75	15 25 49 67 103
53	24 30 39 40 41 42 54 85 116 153
30	16 32 67 89 91 101 151 162 175 193 350 384
56 60	15 27 41 51 68 83 89 116 118 251
0	7 15 37 44 46 51 99 177 309
20 68 114 195	16 24 38 41 83 87 116 136 137 185
14	16 18 27 33 41 68 89 116
24	25 67 71 80 89 101 492
28 30	92
37 43	15 17 27 32 76 78 80 87 90 114 116 161
25	485 554 694
0	15 24 27 39 51 85 116 251 299
8	292
92	15 73 171
6	15 51 77 78 108 116 162 187
15	15 100 102 108 118
36 44 50 116	9 180 185
103	16 32 52 68 87 89 108 189
36	16 73 91 101 108 116 135 137 185 283 285 313 589
6	16 162
29	15 16 23 25 26 64 71 72 87 116 150 151 154 169 189 219 223 270 309 326 448 528
6 15	16 17 32 33 37 68 80 85 108 118
85	50 60 83 96 153 165
1 6 80 99	15 24 30 51 69 75 78 83 84 87 119 121
0 8	15 49 248
1	1 5 8 15 16 32 37 38 100 101 102 275
21 28 35	83 92 118
88 110	48 60 95 119 169 175 216 222
37 43 80	77 83
53	48 58 60
6	15 24 69 84 116 150 197 207
28 92	15 17 24 30 60 69 81 85 88 139 234
1 37	2 16 23 27 33 101 157 173 180 186 204 263 365 452
74	15 67 93 120
15	75 81 83 107
6 15 57 223	15 16 24 32 37 41 73 89 171
0 15 32 149	15 16 51 89 90 111 251 275 324
1 9	15 112 189 372 373
17 19	309
17	38 49 76 228
53	73 83 90 127 165
17	7 8 15 44 49 50 58 295 366
99	17 18 25 71 78 85
17	7 12 15 25 38 45 49
21	24 27 84 85 116 118 316 399 422 695
15 19 24 41 60	15 27 64 75 85 86
6	15 24 27 78 111 119 160 204 233
20 24 29 123	83 87
91	15
6 43	51 112 113 115 191
68	63 66 149 189 223
6 45	53 75 78 83 84 107 119 121 164
0 12	8 15 28 30
15 120	15 27 41 78 81 88 116
21 44	107 116 252 253
70	18 27 37 83 94 116 117
58	0 15 37 54 61 71 94 116 148
93	1 2 3 5 7 46 152 153 294
15 121	51 67 85
1	15 16 23 37 100 102 161 433
125 158	15 25 32 61 71 80 89 101 212
7 15 20 24	15 17 27 30 31 33 80 81 85 114 116 120 150 176 197 207 254 316
1	15 18 24 278 279
18 31 61 115	16 32 68 89
1 67	17 27 41 116
49	15 83 116 275
17	411
1	3 5 12 15 73 103 171 309 347
37	2 6 15 16 66 68
0	16 32 33 37 42 54 61 68 90 94 180 181 202 443
31	32 99
195	16 24 66 68 80 135 150 207
43	251
4 14 51	16 32 180 181
78	7 15 37 51 89 100 102 178
7	73 309 353 354 355
33	6 8 15 50 126 127 130 131 212 230 335
110	8 9 21 69 127 206 264
5	8 15 62 68 110 111 356 399
1 21	106 116 210
17 68	2 8 27 38 44 67 76 85 135
1	83 87 90 187
37	0 40 54 58 60 153 409
1 4 6 23 36 43 48	15 16 27 28 32 60 69 73 86 87 89 91 94 151 171 180 181 191 204 316
7	2 15 16 67 89 107
124	51 61 91 94 180 475 509
32 190	11 37 118 209 258 315
124	100 102 124 243
21 99	16 78 83 91 94 180 181 203 358
108	147
0	16 37 83 118
0 17 95	15 38 89 101
6 103	16 33 52 67 73 76 83 87 91 101 108 137 154 171 185 200 202 204 226 335 427 467 503
1	297
6	16 171 202 350
118	14 24 27 31 116 234
53	15 32 37 39 41 42 54 60 153
1 206	15 85 205 272 344
6	8 9 38
48	8 164
80	15 25 38 41 45 46 76 89 161 252
8	191
21	15 68 89 116
260	15 24 27 28 38 83 85 87 116 172
44	15 26 71 180 234
12 15	8 15 24 27 66 85 156 248
11	41 83
6 43	6 89 187 275 278 279 282
0	33 54 90 124 173 186 461
1	41 71
32	2 6 101 175 180 181 460
57 117	0 32 41 385
17	15 25 38 44 49 208
30	280 383
276	33 60 90 125 130
6	15 33
251	10 159
48	15 625
46 82 107 195	15 187 228 282 288 339
15 24	75 78 100 102 118 119 206 216 242
54	250
6	16 32 41 68 87 116 136 160 185 189 283
1 7 68	15 25 41 45 295
75	15 27 41 49 50 59 116
17 63	203
1	57 74 100 102 103 108 178 205 256 295
106	15 38 41 68 137 154
95	8 13 17 38 45 80 85 518
99	41 66 91 180
0 55	0 16 32 39 83 165 204
6	15 107 119 180 189 216
48	10 15 16 32 33 54 94 101 161 298
6 85	92
105	210
7	46 248
28	27 81 120 316
24 34	0 16 26 27 32 33 41 54 68 71 75 78 80 83 85 89 91 94 100 102 108 112 120 137 151 171 210 227 263
17	27 41 45 57 139
53 57	15 32 37 38 41 54 83 89 116 133 275
1 24 48	27 41 81 85 116 160
19 20 21 42	18 27 41 57 66 106 136 149 211 251 303 304 332 372 373 398 438
0 17 19 20 142	18 39 41 42 46 50 67 68 78 111 126 130 271 341 380 438
117	15 16 37 38 46 83 100 102 118
11	15 16 27 32 64 68 80 116 223
19 44 195	9 12 16 18 41 63 66 109 212 332 398 458
61	9 16 89 101 219 369
6 238	23 116 148 166 184 347
17	66 68 107 109 160 262
16	92 280
95	17 83 84 87 89 101 119 204 233
15 81 110 179	8 14 15 27 64 80 81 84 86 119 150 160 197 207 223 247 291 317
64 99	15 17 27 41 78 81 83
95	15 17 144
11 135 155	15 54 64 68 275
24	15 27 100 102 189 205
78	10 12 26 27 41 46 71
7	12 41 43 45
82	14 15 24 27 41 80 84 116 118 160 207 291
53	48 51 83 85 90 116 124 144 165 190 243
6 105	15 17 38 68 89 101 164 219 278 279
0	51 147
95	7 15 17 42 80 150 161
331	607
6	73 75 77 78 129 287 439
0 78	32 90 94
6	8 15 17 27 38 44 68 76 135
3	15 26 41 71 80 89 100 101 102 112 161
9	16 66 138
124	27 97
6	7 12 15 17 27 30 38 41 49 51 80
33	89
0 56	38 83 90 118 143 206 293
1	12 15 16 24 38 45 46 71 80 153
11	15 41 108 116
105	0 15 17 47 286
53	27 39 40 50 54 58 60 83 94 124 144 153 165 186 444
36 197	16 89 91 180 181
186	25 38 44 45 67 127 208 396
37	17 23 37 38 100 102 198 287 355
34	83 91 110 135 172 277 285 529
70	75
10 68	7 15 33 41 83 116
1	15 25 27 44 80 177 268
89	209
43	16 27 41 67 89 101 179
7 46	235 274 362
15	15 24 27 85 248
52 172	19 48 50 60 73 95 124 125
17 70	15 41 51 111 116 118 251
14 27 30 109	15 16 24 27 32 41 68 77 84 87 106 111 116
52	33 85 96 206
7	15 25 38 44 49 67 76 103
17	8 15 31 45 46 57
144	7 16 17 27 41 49 54 61 89 91 101 203
17 64	41 45 161
50	7 23 32 38 42 72 91 135 146 148 263 300 301 319 435
67	39 40 54 60 83 85 96 165 186
67 224	15 32 38 41 54 83 86 100 102
1 9 23 27 89 91 109 111 123	8 9 16 30 33 37 40 54 61 67 87 90 94 100 102 103 108 120 140 156 180 181 186 190 191 192 193 194 195 206 212 270 281 365
123	47
40	14 27 41 75 85
99	15 27 41 54 85 118
0 68 84	15 17 54 90 142 148 211 299
40	17 75 81 116 119 233
14 17 44 68	15 26 49 71 89
54 117 132	15 23 32 42 54 59 61 64 72 94
13 15	37 365
15	30 41 51 75 77 78 85 116 117 118 119 121 163
279	16 17 27 44 71 144 300 301 399 473
1	12 13 15 18 23 24 27 29 38 46 156
0	15 54 89 94 136
47	8 21 60 127
99	60 118 206 301 382 611
6 107	8 68 78 89
29	15 27 68 71 116 154
0 7	10 16 45 51 248
9 17	15 363 364
0 15 24	92
320	15 16 66 219
153	15 16 18 27 38 41 45 57 89 101 118
79	0 8 15 16 32 38 39 54 89 90 94
91 121	422
48	10 136
14	12 15 33 38 41 49 54 55 347
54	1 6 39 40 41 54 83 90 94 165 321
6	28
6 223	159 169 171 193 277
6 105	8 15 38 68 78
66 117 154	32 38 67 94
76 117	61 83 116
7 11	15 27 37 41 68 78 80 89
68	12 15 25 38 45 49 76 89 101
15	75 81 85
21 42	16 41 57 68 83 84 107 116 185
58 136	16 23 32 63 72 91 108 149 185 223 251 312 427
12	4
9 94 123	83 87 151
0	13 27 32 33 57 68 85 101 275
6	8 38
7 53	8 19 21 48 49 50 58 60 75 78 124 127 264
1	23 90 193 295 366
58	16 32 151
27 109	53 107 118 189
1 6 11 56 76 146 155	24 51 84 108 153
15 24 48	6 33 60 88 130 306 376
66	100 102 287
74	24 78 120 150 162 182 191 197 207
9	17 78 120
1 9 36 62	79 82 251 424
31 88	15 16 23 27 32 41 52 68 72 85 89 116 189 219
34	37 39 83 94
16	2 8 13 15 16 38 71 202
1 7	6 15 54 83 165
0 7 8	15 23 38 42 44 67
1	38 102 424
67	16 28 32 54 91 94 116 172 185 202 275
9	16 41 49 68 89 189
61 105	0 8 9 17 30 47 78 219 286
56	15 27 41 68 84 116 160 291
25	16 67 85
78	39 73
96	66 248 422
206	18 66 79 82 86 100 102 138 240 266 272 424
76 132	15 41 68 275
59	175 187
82	46 85 87
32	48 50 67
1	85 479
6 7 105	67 78 120
6	60 75 343 365
54	11 15 16 37 38 41 53 67 89 228
154	50 60 124 159 189 390 426
1	15 41 80 85
6 36	16 23 52 137 189 248
1	15 23 29 38 45 54 100 102
15	15 17 27 30 41 51 75 81 85 116 118
3 6 17 18 112 132 223	10 16 51 151
80	27 41 160 291
6 105	16 17 38 69 78 120 180 181 197 202 219
38	8 38 67
21	12 45 46
5 83	8 9 33 38 68 87 116
16	270
36	15 16 17 24 30 32 38 52 63 68 84 109 116 136 137 185 189 272
25	73 124
80	78 120 204
284	28 109 116 185 204 283
51	60 67 250 444
0 7	7 15 37 46 89 100 101 102 275
1	15 17 37 41 85 116 161
12 51	15 27 66 71
27	92
0 15	15 16 17 24 27 32 41 75 80 85 89 116
0 1	15 23 45 67 76 142 433
125 158	15 37 38 46 61 74 78 380
0	7 15 25 89 118
260	15 41 80 85
8 14 17 83	15 38 49 76
6	51 274 329 577 696
176	12 15 45 46 88 127 490
14 40 43 80	8 48 158 168 206
23	16 32 137 160 185
0 15	16 32 90 190
64	27 30 51 71 78 89 90 101 118 120
124	27 41 97
9	15 25 67 144
15 24 40	75 78 85 118 280
46	6 9 15 38 44 67 76 80 103 148 246 300 301
48	18 26 27 91 109 136 180 181 300 301 327
10 21 78 104	54 99
12 80	15 16 25 27 41 64 66
48	0 15 32 37 85 89 142 161
54	48 124 439
112	195 250
6	8 15 17 24
54	25 37 38 42 44 46 50 55 56 61 67 71 90 140 215 347 421
15	15 24 69 75 78 84 118 119 121 182 280
52	39 48 58 60 83 127 165 230
9	503
68	15 17 44 45 46 54 59 148 161 347
0 1	15 37 74 100 102 103 142 161 205 366
5 93	25 59 74 76 89 103
123	489
26	8 9 16 32 38 44 68 189 219 286
77	16 27 32 33 60 90 129 270 300 301
6	67 78 89 101 112 116 207
255	16 41 78 89 90 101 111 118 120
89	8 50 53 107 130 159
36	16 23 41 72 84 137 185 189 219
1 53	39 40 58 60 83 127 165 312
49	9 15 25 33 37 38 54 61 94 203 275
7	25 46 54 55 56 59 76 386
123	16
14 51	15 41 94 140 211
27 109	237
1	13 15 16 23 26 29 80 295
29 94 123 181	416
53	15 41 48 58 159 160
7 85	8 19 39 48 50 60 67 124 169 205 485
52	40
1	152 256 344 595 697
70	15 30 51 83 116 117
6 80	27 83 89 101 116 118
53	40 41 60 73 83 165 190 200 211
12 72	4
1	8 15 16 24 27 41 64 68 78 85 87 89 116 119 121 150 156 160 207 367 368
15	23 78 180 181
48	23 166
15 24	6 15 30 48 54 80 81 84 90 94 120 124 182
110	8 13 15 27 41 85 86 116
112	41
1 156	15 23 41 51 85 189
7	7 15 25 37 38 46 89 101 228
17	85 92
0 1 55	15 17 27 28 32 41 61 71 80 94 161
134	89 263
177	2 23 25 60 61 67 72 73 75 76 77 78
54 117	25 27 38 41 42 49 56 76
12 20 37	15 24 27 31 116 234
232	16 41 116 309
104 105	24 30 51 52 83 84 111 118 119 164 216 233
15 24	6 15 27 60 75 78 84 108 119 120 130 187 202 233 282
332	16 24 27 68 116 223 239 443
114	23 72 133 172 452
17	15 24 27 45 68 80 116 147
23	91
6	172 173
54	15 16 90
1	2 8 12 15 46 66 79 80 82 100 102
25	124
8	99
6	101 113 115 180 181
41 46	30 69 84 85 87 150 162 169 191 197 198 254
145	219
33	60 124 127
25	15 33 85 90 157 173 174 186 193 195 202 375
36	16 24 27 68 98 136 137 149 167 223 358 398
80	15 16 18 27 38 41 45 57 89 118
6	8 15 27 120 147 158 263 421
35 67 134	32 101 175 180 181 202
6 15 24 27 109	15 16 32 38 68 84 87 239
167	9 67 362
123	95 249 299
6 104	75 78 100 102 118 206 242
104	15 16 78 80 83 111 119 216
46 63	10 16 25 45 136 178 180 181 189 202 437
74	30 60 75 77 78 84 87 119 130 162 169 180 181 191 202 379
1 17	50 176 202 699
0 59	15 85 96 144
1 78 99	364
60	15 30 41 51 81 85 248
85	75 116 284
12 83	15 44 156
68	15 46 50 127 362
25	77 120 176
0 48	23 148 166
48	18 41 54 90 109 149 210 300 301 435 476
34	16 54 91 94 112 123 149 203 303 304
9	8 9 16 44 68 87
16 125	1 2 4 15 33 38 44 54 67 76 80 101 103 212 265 339
15 120	41 75
1	6 80 99 263 268
0 7	16 32 41
34	16 30 41 78 83 85 89 101 116 277
6	15 16 24 76 78 147 164 219 278 279
1	23 41 51 100 102 251
108 333	28 75 108 270 280
123	25 87 89 249
7 51 54 57 76 132	41 42 48 50 58 60 124 153 159 194 344
0 55	6 33 38 90 268 272 302 303 304
23	16 17 32 154
12	7 12 15 46 54
74	92 164 243
18	52 151 292
6	80 89 101
1	13 17 23 29 386
54 66	255 403
17	15 38 41 64 71 85 254
12 17 130	2 8 16 32 45 46 76 101
41	24 28
83 170	15 16 67
7 110	8 18 124 168 243 448
25	125 130 243 335
67 132 186	15 16 18 37 41 54 55 57 61 83 90 110 116 118 148 184 203
43	16 24 27 68 116
88	15 28 32 54 61 94
124	3 4 5 16 144 511
24 28 118	24 28 69 83 87 118 187 191 197 204 207 282
43	403
21 28 53 57 134	92
1 4 22	377 422
15	24 51 85
0 6 24 53 70 91	15 28 37 39 48 60 67 75 124 125
15 49	83 99 118
50 54	178 256
27	9 10 15 89 137 160 187 337
52	73 92 127 206
48	15 17 27 41 61 71 78 80 83 94 161
15	111 186 187 282 348 450
1	10 15 45 99 366
110	60
14 17 44 68	17 23 26 27 29 41 45 49 67 71 89 101 112
27 103 109	48 92
112	15 95 301 382
95	16 91 154 350 492
21 135	10 15 16 24 27 41 68 211
44	9 18 41 149 160 427
170	25 44 54
68 90	9 12 15 127 132
0	7 32 40 202 228 299
50	192 251
1	15 18 24 27 41 85 90
111	140
4 88	50 126
15	15 16 41 75 81 116 119 207 216 233
1 14	8 9 12 16 18 24 27 38 41 68 71 87 203 264
68 90	4 16 32 41
99	15 18 27 135 184 227 239
23	41 73 88
113	274 300 301
1	0 15 16 24 27 37 68 85 100 102 161
112	8 9 38 46
53	48 49 50 60 75 94 124 127 153
40	177
230	19 48 50 60 126 130 159 209 448 488
21	108 116
124	4 13 15 16 33 55 68 89 133 212 311 316 511 577
1	15 45 189 203 366
44	8 71 264
25	251
0 7	25 28 37 38 45 46
0 170	32 33 46
50	37 61
1	15 18 24 41 46 78 80 100 102 147
18 61 62	8 11 16 89 90 110 112 118 369
117 256	39 51 83 85 96
15	27 41 48 75 78 102 169
9	52 118 189
1	0 15 17 54 80 161
36	83 107 184 187 226 227 237 283
27 109	2 15 16 23 36 54 85 94 101 157 169 180 204 297 365 452 655
123	15 17 24 85 197 207
5 6 11 32 40	15 38 51 85 89 251
51	15 38 41 71 85
145	32 228 239
16	48 60 73 128 130 168 171 192 281 318 499
43	54 83 91 118 143 173 175 255
0	239 483
44	8 11
43	194
7 11 17 34	12 15 26 27 37 38 45 49 55 89 100 101 102
7 11	2 10 25 67 103 297 388
7 17 32 33 37 57 72	15 48 50 73 94 103 124 126 127 148 159 171 180 181 405
57	11 67
0	15 54 71 83 89 101 208
79	39 54 89 101 199
45	8 16 21 24 26 32 41 69 78 83 84 87 119 120 121 158 191
92	78 126 350 380 448 498
30	22 24 99 160 182 280
66	8 16 30 33 38 51 53 107 111 116 118 219
25	15 16 27 40 64 68 71 87 116 144 353 354 355 572
0 32 83	0 5 15 32 37 41 51 54 80 94 101 275
113	52 209
80	112
1	15 157 256 265
6	7 15 16 53 54 63 68 78 84 116 118 223 278 279 283 335 350
14 33	15 24 28 30 81 84 85 87 150 207
55	24 27 37 38 41 94
9	49 80
55	16 33 76 90
1 7 14 21 44 53 55 125	0 15 28 101
261	15 17 27 41 116 120 161
44	11 37 53 60 315
25	23 451
59 66	23 67 89 101 179
0 17 52	6 16 32 44 54 67 80 94 133
6	67 206
1	7 15 37 46 71 161 256
1 21 44 58	16 68 89
1	93 100 102 142
1	23 26 28 451
59	16 67 89 94 101 120 179
1	15 93 100 102 295
9	15 78
154	16 27 37 41 45 54 56 59 61 94 100 102 142
54	124 444
1	15 18 90 118 295 366 433
50 58 78	15 16 17 39 54 61 83 90 91 116 148 184 239
42 150	15 41 57 59 159
0 3 12 21 44 48 64	15 16 51 89
59	23 38 105
1	6 13 15 23 29 37 38 46 79 82 85 86 90 100 102 152 161 183 212 240 250 254 265 287 404 433 444 541
43	25 27 32 33 60 90 129
6	26 33 100 102 136 142 164
104 105	8 15 16 32 76 78 101
0	8 9 16 25 28 32 37 38 71 85 90 94 111 202 298 299
91 110	305
103	8 12 15 16 32 68 87 189 385
0	6 8 15 32 33 38 44 54 71 73 94 148 171
45 57	8 15 21 27 57 158 159 250
7 54	16 251
1 55 83	2 6 13 15 38 45 144 155 177 541
1 54	131 243
132	33 39 124 173 186
6	16 32 78 187 282
44	27 116
6	16 30 51 53 111 118
15	16 75 77 78 92 111 118 119 120 162 180 181 187 216 305
44	8 21 78 94 112 119 216 221 264
1	15 18 37 38 68 74 85 89 90 366
12	151 247 338 448
53	48 243 485
1 12	2 8 13 27 80 85 86 87 100 102 116 127 150 156 178
36 197	16 91 118
1	15 17 37 93 386
86	54 91 94 120 143 175 184
41 74	15 24 51 77 84 118 119 120 121 207 216
63	17 26 91 109
3 6	17 38 67 68 71
43 80	15 17 27 30 33 41 64 66 67 69 75 76 77 78 87 108 120 162 182 316
97	0 2 3 5 15 17 38 54 74 80 101 103 212 353 354 355
49 57 70	5 54 60 100 102 125 153 175 311
237	9
1	0 15 24 80 100 101 102 161
66	15 32 42 78 81 89 116 119 135 216
21 29 99	44 68
96	15 35 44 56 68 71 85 87 126 248 251 252 253 498
53	84
37	13 15 17 27 54 80 85 100 102 183
21	15 41 68 89 136
1 5 199	27 38 43 100 102 144 155 207 234 248 269 364
17	12 15 46 66
42 57	16 41 57 60 106 116 211
112	19 250 362
36	91 118 137 185 239
28	15 41 118
1	15 27 41 83 96 165
6 104	51 119 216
112	15 16 41 57
6 53 54	206 207 244
6	30 51 116 117 119 233
74	91 292
38	15 24 27 41 84 116 118 156
199	15 57 83 85 90 118
104	17 27 68 71 85 108 116
6	15 33 51 89 251
27 30	32 41 68 111 116 160
169	15 38 47 189 239 242
56	28 148
183	25 33 46 60 75 77 90 93 129 298
282	700
50	83 146
21 68	15 16 38 54 59 61 89 100 101 102 203 347
125	430 645 646
77	296
46	8 38 67
14	15 27 41 43 45 85 116 156
37 43	93 100 102 113 115 133 205 274 676
15	108 117 118 280
0 15 24 36 55 67 84	15 17 24 32 33 37 41 80 116 204
16	60 67 73 77 78 171 176 206 244
53	40 75 78 83 127 165 190
15 66	8 9 27 51 85 116 135
36	180 181 496
113	8 9 12 15 16 87 101 202 300 301 309 341
99	16 23 27 41 83 105 110 116 146 227
55	8 60 88 125 264 403
6 104	16 27 41 89 116
50	83
15	24 69 77 78 81 84 85 118 120 162 164 191 193 206 307 337
15 24	27 41 51 75 96 116
15	27 41 51 75 77 78 85 92 111 119 216
54	9 85 206 244
73	677
7 68	15 38 42 49 228
53	41 75 83
15	15 24 27 41 75 81 85
17	23 25 44 48 49 59 120
14 51 66	15 27 30 85
42 87	15 16 27 63 91 98 137 160 185 202 223 251 367 368 530
6 24	112 191 193 206 277
0 76	24 32 39 40 46 83 85 96 148 153 165
59	187 206
15 30 82 104	15 16 17 24 32 69 75 78 84 85 116 120 150 162 182 191 204 207
121	27 108 184
0	101 153 202 325 529
6 115	91 180 181 202 350 385
53	15 90 95 153 172
0 7 123	15 25 38 46 67 71 76 89 101
6	2 15 17 68 69 78 150
1 5 83	10 15 24 27 45 46 80 85 86 100 102 183 254 265 266 295 366
1	39 85 124
15	27 38 71 85 89 101 116 120 156
36	180 185
99	10 15 27 41 45 110 180 181 295
7	60 75
125	0 6 39 155
36	28 94 108 116 133 180 181 185 226
0	16 48 69 78 89 108 143 151 186 193 202 206 213 214 449
17	41 211
6	8 15 16 38 89 101 189 219
80	16 148 367 368
174	6 15 120 130 131 147 164 241 335
59	67 89
97	2 3 4 5 6 38 66 67 80 103 150 152 153 212 230 272
17 68	306
68	2 6 25 38 71 89
80	15 27 41 45 85 116 252
53	8 15 41 51 58 60 81 85 158 264
11	15 28 32 38 54 61 64 94 298 299
0	15 26 38 59 71 89 101 103 148
6 85	28 30 69 85 116 118
27 109	250
9	112
27 109	8 9 32 33 67 68 100 101 102 103 173 192 206 281 286 311 365 461
50	27 54 90 148 184 299
116	15 16 37 41 51 68 71 108 116 160
6	11 78 92 107 118
127	36 95 221 258 301 382
15	15 24 28 69 80 83 87 108 187
261	15 17 27 41 114 116 119 121 161
112	60 127
12 49 63 69 80 165 166 216	44 67 208
54	21 49 60 73 75 88 96
125	101 148 230 319 482
9	15 16 27 68 262 295 386
68	15 24 27 66 68 116 212
44	15 30 38 71 248
15	51 85 111 127 228 271
0	57 116 298
6 104	28 85 186
29	53
1 24	15 17 41 45 78 116 161
57	25 37 54 59 61 83
13	23 32 68 180 340 384 451 462
21	14 15 27 33 39 40 41 54 78 94 207
67	23 27 42 85 86 91 101 175 180 181 190 202 266 452
6	15 16 17 89 219
55 76 99	15 37 41 46 54 55 59 61 80 90 161 299
14	8 21 78 119 197 207 216 228
1	12 15 71 93 100 102 112 180 181 366
15 54	25 38 42 45 67 89 101
14	83 165
95	17 24 32 68 71 87 156
24 41 60 66 74 82 123 146	17 30 67 69 73 78 171 220
25	50 73 171
67	15 33 41 69 77 116 204
6	119 216
260	15 27 54 61 83 85 89 90 91 116 135 184 295
43 48	91 98 143
3	12 17 26 27 71 112
17 52	6 8 15 39 40 42 44 54 83 122 124 126 127 130 159 165 231
27 68 90 109	8 16 27 87 135 184 219
43	100 102 133
1	15 38 66 79 80 82 100 102 240 265
7	7 15 41 45
6 104	8 16 189
53	8 9 40 127 206
15	8 24 27 41 84 116 135 459
54	39 48 60 83 103 219
37 110	15 27 80 85 131 147 164 173 201 212
13 67	0 16 37 54 83 98 116 143 165 173 186 461
31 106 291	15 38 63 68 84 116 137 160 185 189 223
27 109	157
31	84 116
148 149	16 27 32 68 91 116 150 250 353 354 355 549
112 150	49 50 127 159 180 181 239 246
0 7 10	24 30 57 65 155 160
88	118 248
4	66 164 212 241 543 673
68	8 107 264
125	67 306
57	51 60 85 88 93 127
9	15 38 66 89 151
15 53 120	14 15 27 39 40 41 78 81
6	10 15 16 67 89 180 181 202 340
11 43	16 37 38 46 54 61 116 203
27 109	27 30 69 116 185 187 227 282
15	8 38 67
54	15 41 50 57 61 83 118 215 437
15 120	24 41 75 78 81 84 85
83	46 74
73	6 9 46 155 490
118	77 78 85 90 144 204 423
25	0 15 28
0 37	15 16 37 46 59 89 101 133
25	2 60 124 293 374 388
1	17 23 25 27 44 76 100 102
4 5	17 25 38 41 54 71 80 89 101 112 433
111	91 463 464
15	15 27 41 75 77 83 85 111 116 164
6 127	15 24 27 41 68 116 119 164 216 278 279
74	27 28 30 69 75 77 78 84 85 87 118 119 120 121 150 156 160 162 182 191 198 207 254
6 105	8 15 16 24 27 38 68 78 116
7 52 80	88 243
44 68 90	15 71 80 112 203 234
20 22	332
2	92 124
15 34 116	15 27 41 83 89 116 118
11 13 67	11 16 27 38 41 54 80 90 116 118 148 275
55	0 15 25 32 33 37 54 61 64 76 90 94 116
0 1 55 58 76	15 28 32 33 90 94 298
78	15 16 27 38 41 71 83 85 89 90 111 116 118 142 161
6	75 108
37	129 151 171 213
36	143 278 279 701
49	26 66 103
1	15 41 83 85 90 118 295
78	8 9 15 16 25 28 37 41 61 64 68 71 78 89 94 116 119 135 207 218 233
0 15 85	15 16 17 27 32 38 41 51 68 71 87 116
54	15 16 37 61 67 89 90
6 11 43	24 28 30 69 84 87 114 182 204 337 352
321	92
6	17 67 180 181
51 57	73 77 78 119 164 216 480 702
1 43	23 27 76 113 115 133 386 494
40	447
17 44	15 27 41 45 57 71 80 107 248
89	0 8 9 33 38 54 67 93 100 102 129 143 180 181 192 215 281 297
36	41 51 83 111 251
80	2 6 15 38 80 103 212
53	14 15 27 33 41 78 81 207
0 68	15 38 45 46 147
0	12 25 38 44 45 46 54 67 71 74 78 103 156 203 205 208 228 234 256 295 347 366 386 396
25	2 15 16 25 26 45 49 59 60 67 75 77 78 89 101 103
67	3 5 16 17 28 39 54 80 91 94 203
21 157	12 46 71
52	85 133 144
1	15 24 66 68 71 87 103 116 212
6	8 30 83 118
30	16 162 171
34	73 143
6	15 51
1 14	15 41 60 131
0 1	27 78 83 85 91 283
0 1 11 49	0 15 24 28 33 37
45	15 17 23 67 75 76 78 114 119 120 133 233
32	15 51 54 68 116 251 275
110	8 21 60 127 158 207 264 305
11	148 319 339 482 572 609
50	8 15 27 41 68 69 71 85
122	48 60 83 92 124 130 157 165
59	15 16 25 48 49 50 60 77 78 83 111 118 119 120 124 180 181 206 380 424 492
55	32 38 302 304
0 19 87	9 16 32 42 63 68 98 185
4 57	50 144 401 409
0 6 11 15 49	15 31 48 75 81 176 316
17 68	8 11 27 66 108 109 110 116 160 290 291
112	58
1	10 23 27 29 80 85 100 102 133 161 178 295 386
144	185 632 703
59	17 54 61 67 91 113 115 120 180 181
1	15 18 24 37 100 102
54 57	378
6 31	0 15 16 17 23 27 30 32 41 68 72 94 109 116 272
84 117	51 83 96 165
89	16 54 101 157 202
68 69 76 78 80	11 15 38 71 118 275
0 7	41 44 71
9	52 189
48	15 38 44 49 59 103 148 333 334 476
111	15 87 101 191 204
7 52 57 183	41 48 49 50 58 60 83 144 165
6	24 30 67 78 87
4 13	27 33 39 44 60 67 143 172 186 299 337
1 12 65	0 3 5 6 7 8 38 39 58 67 71 78 80 83 88 96 103 153 165 186 247 338
15	15 81 83 87
52 74 110	40 60 153 206 244
25	23 73 171 200 293 553
15	85 254
1 68	10 100 102 178
12 83	15 25 27 28 38 68 71 108 116 135 218
54	8 15 27 45 57 86 103 156 211 212 250
51	73 107 126 157 171 391
55	54 94 111 203
6 20 30	15 16 24 27 32 38 64 67 68 84 87 106 108 109 116 144 149 169 189 223 239 272 350 372 373
35	32
24 40	15 33 51 162 280
3 48	1 15 37 67 172
88	7 15 17 27 41 45 71 79 82 85 116
6 84 87 88	12 16 27 41 46 49 71 77 78 83 116 120 185 187 227
70	15 54 83 116 118
104 105	8 16 27 41 53 78 95 107 118 119 147 164 189 216 278 279
0 13 54 67 76 117 132 154	40 48 60 73 83 95 143 153 165 169 171 186 300 301
21	8 9 10 16 38 66
48	15 24 28 30 182 186
6	15 24 78 120
54	50
59	15 16 17 27 76 91 108 116 135 218
7	15 37 46 69 90 100 102
54	16 32 68 91 137 185 202
136	15 16 23 32 54 61 72 91 94 116 137 202 262 316 524
43	15 17 23 133 218 346
15	15 41 85 248
4 5 6	7 8 15 25
6	78 120 180 181 203 350
0 55	130 225 394
0	46 83
7 21 78	85 86 403 469
233	108
1	12 15 16 18 23 24 26 27 32 38 41 71 80 89
5 83	6 15 17 43 66 68 110 248
74	350
6 15	73 78 171 307
59	120
6	15 28 41 54 71 81 111 112 119 216
6	15 16 41 57 68 107 135
0 36 49 76	15 25 37 46 89 101
0 7	4 13 15 16 33 69 73 171
38	27 69 85 142
3	15 16 38 71 89 101 108
67	15 32 37 38 41 54 68 83 89 100 102 133
24	15 33 54 61 78 80 116 162 191
52	15 27 39 41 45 57 83 94 165 178
27	48 60 126 130 131 225 448 488
1	15 37 46 80 100 102 240 256 278 279
6	111 116 118 143 186 297
125	15 25 38 68 71 76
5 68 83	0 3 5 15 25 41 54 80
17 37	28 94 100 102 173 206
113 290	6 15 16 32 54 101 148 180 181 202 435
7	2 15 25 38 49 67 71 89 100 101 102 133
20	38 59 341 342
48	8 28 71 203 234
43	24 27 114 357 411 412 478 539
13 54	6 8 10 12 15 16 17 24 26 27 32 37 38 39 40 41 46 54 61 68 71 78 80 85 89 90 94 109 116 136 148 153 155 185 187 298 299 322
77	130 235 318
1	27 86 100 102 324 501
54	6 13 15 24 27 39 80 90 124 144
54	25 41 44 56
25	2 15 179 492
15	85 116 118
103	9 16 28 32 41 48 57 180 185
54 68	177
15	15 30 35 41 51 60 75 77 78 81 85 116 119 120 121 168 199 233 379
79 210	9 36 38 67
77	6 153
74	16 92 171 206 492
334	8 15 38 44 54
25	15 24 27 68 80 83 87 353 354 355
1 24	15 24 30 51 81 85
17	12 27 38 41 45 49 57 89 161
0 71	16 32 33 54 68 87
17 20 82 85	6 15 16 27 68 71 116 144 385
23	176 243
68 99	16 41 66 68 275
25	8 157 243
28	15 68 84 91 110 137 316
9	15 16 33 38 68 89 118 189
16 25	341
25	48 125 153 173 186
41 107 195	15 17 24 27 28 30 78 81 84 85 87 116 150 197 198 207 223 317
78	15 54 116
6	28 38 89
24	41 75 77 119 216
7	17 27 41 49 60 67 71 78 80 89 101 112 116 180 181 191 295
41 82	8 15 67 69 78 81 84 87 120 144 162 191 197 207
54	16 48 56 57 159 211
66	124 206
15	75 78
170	7 15 34 46 51
25	30 194 195 353 354 355
0	15 27 37 41 54 57 67 89 94 101 120 295
1	15 18 23 24 27 29 32 41 85 100 102 189 295 404
94	27 116 135 151 189 218
6 8 9 16 27 36 43 44 50 67 95 109 110 124 167 267	25 37 40 48 60 67 68 85 100 101 102 124 153 162 169 173 186 190 191 293
15	15 24 69 75 77 78 118 162 187 280
1	15 17 37 38 80 85 100 102
53	32 39 41 48 50 60 153 309
7	21 27 42 57 60 67 127 159 401
28	77 83 117 316
25	17 293 572
53	6 23 41 51 85 96 105 155 160
2	448
77	4 12 38 67 230 256 591
1	12 15 23 24 26 29 38 69 80
117 256	37 39 46 60 83 96 143 186
54 183	16 27 37 41 71 89 140
14	15 27 45 112
24	16 17 27 41 71 114 116
10 49	7 15 17 24 33 41 54 80 94 161 404
0	91 126 228 341 498
15	75 85 280
87 105	8 15 16 17 27 30 78 116 223 467 559
1	7 15 23 26 29 54 71 94
28	8 14 30 31 51
1	85 100 102
0	16 32 90 299 302
51	15 16 51 101 251 385
8	38 52 99 189
27	23 27 105 116 160 208 223 226 450 487
6	16 89 91 101 159 384
68	8 9 16 44 189
6	15 16 30 51 78 111 116 118 119 121
1 14	12 71 100 102 161
0	15 27 37 41 46 71 100 102 386
54	15 48 68 85 146 190 207 271
67	83
61	33 92
25	9 100 102
53	15 67 85 362 369
20 133	15 16 27 32 64 68 91 100 102 110 185 503
24	17 24 32 38 54 61 71 85 87 94 203 316
15	0 16 46 54 59 325 364
1 7	99 120 180 181 234
15	44
16 125	48 60 124 139 194 241 270
0	15 17 27 41 45 54 79 80 82 85 114 116 161
91	15 24 27 85 116 156
87 116	27 63 135 154 160 239 427
77	15 24 57 64 160 185 223 245 300 301
14	6 15 203
6 91 92 121	15 17 24 28 30 64 69 78 80 81 84 87 120 159
0 181	8 9 38 67
0 95	6 15 16 38 40 42 71 76 89
37	16 24 84 120 150 156 162 191 207 208
36 45	15 16 18 27 38 41 57 107 135 136
0 1 10 11 83	0 6 7 33 43 54 71 80 100 102 240 404 628
55	15 27 32 41 44 45 46 48 49 90 189
6 15	17 83 120 160 187 191 348
6	151
50	250 329
25	15 18 27 32 41 57 66 68 84 116
14	15 16 27 39 41 67 89 153
15 24	51
51	15 27 41 48 60 139 160
15 54 74 82 255	85 88 206 243
80	8 481
108	7 8 15 27 30 38 88 147 376
84	15 16 37 38 46 51 54 89 100 102 113 115
6	24 27 41 116 119 164
28	6 15 48 130
15	16 17 24 27 32 41 68 85 116 120
5	118 147 207 414
21 154	15 39 49 50 54 60 75 77 78 83 96 124 131 153 159 165
91	13 17 80 85
1	85 95 96 124
11 70	15 41 64 108 116 118
0 1 55 93	148 319 399 570 604 625 634
54	122 124 321
20	17 27
23	41 108 284
6 104	15 27 41 78 83 108 119 164 216
73 89	243
15	15 27 30 41 51 75 116 118 119 121 176
25	8 9 16 33 38 40 101 375
99	27 41 66 108 116 160
6 77	16 33 73 89 95 100 102 124 157 171 192 206 243 281 297 365
55 72 125	88
117	39 51 83 85 96 165
82	27 85
1	45 100 102 295
171	15 27 41 68 160 291
0	15 37 41 83 100 102 116
43	15 16 33 80 212
104	15 27 41 84 116 207 245
1	8 17 24 69 73 78 85 102 120 147 171
50	75 78 83 87 307
1	15 41 95 431 550
125	67 346
65	41 42 50 67
165 166	8 15 38 44 67 68 71 78 85 144 208 341
43	0 3 5 15 17 24 69 78 150
43	17 23 27 54 59 76 78 94 113 114 115 120
27 109	15 16 27 32 41 89 91 108 116 136 139 160 185
1	15 153 350
0 7 24	15 32 33 39 83 85 90 96 118 165 173 175 186
25	2 25 61 100 102 103 133 157 239 297
5	6 38 67 80 131 155 201 366 444
92	75 78 117 169 202 206
11	46 88
59	12 25 38 76 179 218 375 463 464 529
0	32 33 90 186
0 1	0 2 3 4 5 15 23 29 38 54 80 101 103 212 265
50	16 33 90
56 99	15 16 41 68 89 116
12 36	9 38 44 67 135
25	88
0 20 149	9 12 16 226 549
1	6 79 80 82 100 102 272 507
7 59	15 25 41 42 44 67 71 89
14	8 15 25 32 64 68 83 87 89 116 150 156
15 63 80	27 116 135 218
1 37	15 37 66 86 183 266 278 279 295 339 433 487 500
9	8 264
89	9 100 102 243
15	24 41 85 108 116
144	12 37 54 61 68 91 94 101 118 173 275 285 332 358 372 373
113 335	0 17 27 38 54 387
97	4 10 28 38 74 212 325
70	157 280
48	15 17 27 41 78 85 161 404
1	15 23 80 85 111 120 142 256 295 366 494
6	16
15	15 27 41 60 130 160
6 45	67 120 147 158 207 220 256 257 421 484
0 7	0 46 248
44	8 15 16 41 275
67	10 16 26 27 28 39 41 57 85 91 94 136 148 185 337
0 58	16 39 61 83 91 94 103 173 185 298 342 548
1	51 144 153
0	1 15 32 33 38 42 44 68 148 175 300 301
1	169 206 421
16 125	0 16 25 33 54 94 101 202 335 405 481
28 30	15 27 28 69 108 118 120 162 191 350
1 14 21	15 16 23 26 29 41 83 85 106 110 295 366
171	30 51 83
6 17 20	12 26 38 46 94
6 83	16 17 27 38 110 155 160 262
1	27 28 53 57 83 106 108 109 110 185 186 187 210 227 237 348 450
42 68 142	8 15 16 27 48 56 57 63 136 210 211
9	15 38 219
54	39 41 42 49 57 86 153 250
9 123 181	0 151 242 292 533
32	10 27 38 46 66 103
13	9 10 15 16 27 32 38 39 54 68 85 86 89 91 94 116 136 202 211 275
36 56 99	41 137 189
15 85	15 78 83 114 118 383
17 30	48 77
8	41 47 133 151
53	40 153 243
54	83 85 118 143 364
59	32 33 60 90 173 280 403 704
59	9 12 76 88 108
20	106
15 24 48 53	23 60 75 96
51	15 25 49 55
25	17 60 75
263	15 38 41 54 57 59 80 89 90 101
128	60 130 413
1	85 254 272 500
1 15	15 18 23 24 26 27 29 41 69
178	41 110 118 258
183	15 17 24 41 77 204
17	15 16 32 41 64 78 84 85 169 204
16	67 73 78 95 124 125 171 360
68	41 71
0 24 42	15 32 39 48 54
20	15 16 32 63 68 136 223
51	8 15 41 103 108 210 239
42	27 41 57 109 136 258
124	48 52 60 73 124 171 200 335
57	14 15 27 32 41 83 84 85 87 119 164 216
1	15 37 100 102 189
31	15 16 27 32 38 66 87 116 137 154 185 283
1	10 51
17 48	15 32 33 80 176
1 37	15 24 37 43 79 80 82 100 102
54	48 146
17	2 11 66 107 110 177 252 253 270 347
1	15 26 27 38 41 45 71 80 103 295
95	15 16 27 41 71 135 159 348
25	48 200 293
31	24 38 52 87 185 251
0 15	7 15 41 46 80 85 201 229 248
28	78 316
169	15 16 32 118 154 180 181 202 406
53	15 39 40 41 77 78 186
1	13 71 80 87 88 180 181 202 326
11	12 15 41 44 120 156
20 32 68 83 90	0 9 15 16 28 32 54 68
99	67 206
72	15 268
0	15 37 45 49 71 147 203 234 259
0 11 49 78	32 94 116
54	16 24 32 38 68 85
37	23 83 94 142 198 255
105	8 78 111 247 580
19 20 195	10 15 16 24 63 68 78 84 87 135 136 150 154 185 197 204 207 223 239 245
8 9	16 223 284
70 76 117	32 61 83 108 116
89	24 41 77 119 121
44 110	24 41 78 120 206
14	15 66 89 91 239
83	15 17 66 80 138
1	15 18 38 45 85 100 102 178
1	15 27 38 41 45 71 80 85
6	108 111 116 118 207
23 251	15 16 24 32 41 54 71 85
38	137
6	60 75 92 108 111
36	16 33 90
9	51 67 85 362 369
41	24 27 28 30 84 85 150 156 182 197 207
84	0 2 4 6 15 16 32 37 41 54 67 68 88 94 116
24 104	15 24 80 83 87 108 118 187
3 4 5	0 3 5 6 13 15 80 155 404
26	11 15 16 23 38 68 89 107
1	41 404
15	24 28 30 41
124	60 73 130 171 243 335
0 21	32 33
74	2 8 150 197 198 207 264 305
14 21 48 104 110 170	8 78 119 120 158 197 207 216 348
6	48 124 439
77	0 90 173
0 15 32 149	27 178
9	15 16 38 89
1	15 37 38 46 51 89 100 102
17 31	73 204
6	12 15 71 116 207 212 291
7 57	15 37 67
42	27 41 48 57 66 138
64	109 110 111
67	0 2 6 8 9 15 32 37 38 39 46 54 80 88 89 90 94 98 101 116 136 148 153 155
6	27 89 387
54	48 57 124 159
17	120 147 421
53	27 30 39 40 41 51 78
1 206	15 18 23 24 29 37 41 69 85 100 102 404
68	2 8 9 15 38 67 78 177
1	2 15 23 24 29 43 57 80 148 183 366 433
54 117	0
13	143 169 173
15	15 25 32 33 41 83 87 89 94 118
1	12 13 66 85 100 102 103 254 295 366 386
54	15 42 50 67 90 140 364
91	8 16 38 41 68 85 89 156 202 207 250
17 51	15 25 103
15 24 41 99	15 16 27 41 68 75 87 89 108 116 118 160 162
6 15 70	8 9 16 41 83 90 118 147 275
1	39 48 83 85 165
24	15 27 30 41 51 75 78 83 108 116 118 119 121 164 207 216 280
117 132	23 39 48 49 54 60 61 83 96 105 143 153 165 186
26	86 156
51	15 28 30 150 156 250
18	89 101 111 219 369
41 107	8 15 17 24 30 69 85 116
1 15 24	8 13 24 27 38 51 69 85 87 95 116 150 156 197 198 207
6	8 14 15 24 27 30 31
0 7	206
15 30 35 36 104 116	108
1	15 16 18 41 45 178
19	15 24 27 84 85 116 207
6	8 16 78 89 101 107
18 61	75 78 108 193 195 206
1	15 24 27 28 30 85 207 404
2	60 95
11 155	16 24 27 41 89 116
74	243 350
37	15 18 38 45 46 67 89 90 100 101 102
66	17 27 38 54 59 61 100 102 116
117 132	186
17	15 25 32 76 89
72	9 67 362
228	45 107 179 311 637
1 17	15 25 46
0	51 83
15	15 16 27 30 32 41 51 75 81 83 116 117 119 121 337
0 17 78	0 15 37 85 89 116 161
50	40 60 76
6	16 118
336	8 15 17 41 116 120 158 256 421
11	4 41
54	25 49 67
89	32 62 63 91 175 180 181 239 385
1	6 250 422 424
0	8 9 25 28 32 37 38 71 85 90 94 202 298 299
26	90 95 157 164 270
1	15 23 27 30 38 85 100 102 120 156 254
230	15 37 54 94 349
6	18 27 30 38 54 57 83 89 90 143 148 184 203 221 226 228 285 562
48	6 15 32 33 39 48 54 90 155
1	18 23 37 93 100 102 190 193 256 295 366
20 42	41 63 106 109 227 332
117	15 16 27 38 41 53 54 57 83 89 107 133 203 369
26	16 93
9	223 242
4	18 26 27 41 45 91 103 106 184 227 283
36	52 78 91 187 226 316
25 130	27 108 135 160
0 40	15 41 45 46 218
44	247
237	27 47
40	78 316
50	8 10 15 27 41 68 69 71 85 86 299
104	15 24 78 120
14 21 51	30 38 67 156
1	85 124 206
17	15 38 41 45 56 295
0	39
27 36 109	16 23 52 53 72 78 106 107 112 118 136 219 271 314 351
15	7 8 24 27 28 116 133 135 203 208 218
25	2 15 16 24 27 32 33 38 68 71 80 81 85 87 116 341
32	0 1 2 16 32 46 54 101 140 180 181 202 300 301
22	15 101 135 309 399
0 55	27 66 103 212 223 241 618 659 707
1 12 17	1 2 3 4 5 6 15 23 27 37 54 86 94 100 101 102 122 153 166 177
1 83	15 17 23 26 27 45 133 161
9	12 45 57 84 178 295
44	77 83 106
6 11 163	32 76 87 284 385
66	15 17 30 41 51 80 111 116 118 120
0 1 11 20	2 3 5 6 15 23 80 101 103 148 166 177 180 181 265
43	23 27 38 100 102 103 116 133 218 364 494
134	11 23 41 53 105 106
160	9 18 88
32	0 2 6 15 23 76 101 177
27 103 109	11 15 16 32 39 41 98 137 189
19	6 41 84 147 155 176
48	12 15 46 51 54 61 85 89 116
124	4 15 16 27 97 405
54	50 56 228
21	15 46
52	48 96
25	93 157 206 297
103	27 32 41 68 78 84 116 154
21	15 16 32 89 116
18 27	15 24 38 41 71 113 115 118
1	15 25 45 67
77	0 2 6 8 9 15 32 33 38 46 54 90 94 148 256
1 5	15 17 24 38 71 80 85 100 102 517
80	85 116 208 254
1 9	15 27 100 102 178
6 12 105	8 15 16 38 67 78 89 120
53	58 60 124 153 159
1	130 366 386
6	30 67 156
57	27 93 218 362
27	9 12 16 24 27 41 68 89 116 136
25	2 24 27 33 38 39 54 80 85 156 161 341 375
6	15 24 41 68 78 84 116 118 156
1	24 69 278 279 298
48	16 222 349
112	48 50 59
50 57 253	18 27 51 57 91 149 160 184 185 187 227 250
46	17
15 20 21 43 67 76 78	15 16 41 54 61 83 89 108
1 4 6 15 33 46 108	6 15 24 27 30 38 48 54 58 81 96 100 102 120 150 155 159 197 206 207 212 218 240 244 317
17	50 126 159 709
125	0 2 15 33 49 54 76 101
106	15 16 27 32 41 51 68 87 189
36	185 239
162	73 130 171 239 483
1 21 78 130	16 30 32 33 41 54 68 80 81 108
44	9 10 12 15 16 24 27 41 68 116 136
14 15 48	14 15 27 30 31 41 68 85 116 316
1	18 27 30 41 51 80 90 108 116 118 295
41	111
35 134	503
59	15 16 17 24 30 67 76 202 340
129 165 166	46 88 362
6	28 48 60 75 77 78 124 125 343
94	228
16	50 58 60 67 73 130 171 200 305 335 360
36	15 26 27 45 54 57 83 90 91 110 118 184
43	10 15 16 27 32 41 54 61 68 89 90 91 137 185 203
9	16 67 91 144 159
15 41	15 27 41 75 78 81 83 84 87 116 118
0	7 12 15 26 41 46
0 41	0 6 7 13 24 25 26 27 28 54 68 69 75 78 80 81 84 85 94 120 156 158 182 197 203 207 220 275 284
6 23 223	15 16 64 89 160
17 37 55 125	0 2 3 4 5 15 16 32 38 54 68 76
29	11 16 53 87 100 102 481 561 578
95	87 348 350 406
50	485
95	15 16 64 99 189
1	6 15 78 80 99 263 380
99	15 27 37 41 46 54 85 100 102 118
1	93
4 14 19 68 228	12 16 32 68 76 637
0	33 83 153 165 300 301
0 21	476
4 7	0 3 5 6 7 15 25 32 33 54 61 71 94 101 161
54	48 73 96
127	8 16 78 111 189 348
48	15 17 67 78 113 115 120
36 136 144	15 16 28 32 41 54 61 68 91 94 123 172 173 275 312 316 399 443 568 653 661
87	8 15 24 27 68 85 111 116 223 356
59	195
0 11	15 16 18 24 25 41 45 71 116
17 32	12 38 66
1 27 109	8 16 24 67 78 83 93 111 116 118 119 120 206 216 221
17 51	30 67 156 405
59	274
186	15 25 39 41 45 49 50 54 55 56 57 58 59 60 61 347
0	0 6 15 32 33 54 90 94 298 302
1	180
32	0 54 101 385
7	12 15 25 38 45 71 74 89 101
11 83 155 171	27 86 116 203
1	24 30 118 150 197 404
6	77 78 90 144 204 423
14	7 67 79 82 85 161
7 17	8 15 45 67 71
15	15 44 156 208 228
1	41 85 96
11	15 28 37 116
1 37	18 63 83 100 102 161 240 280 295 487
20 46 97	6 38 50 67 75 80 124 130 160
26	8 33 137 219
1	16 116 136
124	2 4 15 16 27 32 33 54 55 76 89 97 316 387 511
6	15 41 53
24 74	27 206 271 280 351
54	116
1 36 121	8 15 17 27 30 41 54 71 80 112 118 143 173 195 206 295
154	18 27 45 57 83 110 184 226 227
15 24	15 51 75 119 207 233 280
15	118 143 277
0 68	4 8 9 16 32 38 44 68
89	168 439
19	9 15 28 35 44 95 208
8	0 7 10 15 38 80 103
1 66	2 6 38 51 156 195 287 353 354 355 422
12 17	2 3 5 15 17 51 80 86 150 161 212
142 195	16 106 150 160 310 651
260	16 33 44 54 304
1 24 48	85 156
1	15 66 80
0 36	66 185
49	12 15 37 100 102 275
19 27 87	15 16 23 64 72 116 189
124	48 215 311
15 24	15 30 118 186 187 337
0 1	0 15 79 82 404 415 600 668 710
24 127	15 28 187
9	4 15 66 80 353 354 355
37 87 116 182 206	15 16 18 23 27 29 63 68 100 102 103 240 272 322
6	15
6	27 30 41 51 77 106 110 116 204
1	15 45 100 102 118 386
48 114	32 41 78 83 91 106 108 116 136 137 149 185 187 238 283 327 329 330 332 427 455 503
0	7 15 37 38 45 46 71 89 101
46	24
1 53	15 39 54 67 80 85 124 156 206 244
41	15 17 27 41 68 90 116 118 120 164
1 3	48 271 351
110	48
106	15 32 52 68 116 137 189
117	7 15 37 38 41 46 54 89 101 116 133
1 37	6 18 23 24 29 37 52 79 82 100 102 155 286 295 366 404 431
12 60	8 15 24 27 41 71 108 116 135 212
80	27 41 44 67
117	7 15 51 61
0	7 15 45 46 49 89 101
59	15 38 76 116 134 463 464
15	24 28 41 81 111
7	15 38 46 60 67 78 161 195 380
59	15 88 324
11 21 148	27 38 41 66 103 148 178 212 291 371 397
25	159 179 375 446 511
14 17 54 74	50 60 206
20	15 16 17 23 39 86 144 153 166 203 272
48 55 79	3 5 17 27 36 37 38 39 41 45 49 54 59 94 203
83	15 41 64 66
54	15 27 40 41 48 83 153 165
1 9	14 23 66 347
7 183	15 16 41 64
110	8 30 77 78 84 85 87 116 120 150 156 158 162 164 182 191 198 207 234 254
27	16 32 52 83 106 112 118 285 369 437
7 15 54	27 41 50 67 140
41	8 111
6 27 103 109	15 16 27 32 68 87 109 116 185 223 372 457
68 90	12 23 66 69 160 166
6	15 41 278 279
6	67 118 206
6	447
49 78	38 275
89	73 130 243 318
15 146 147 195	2 11 69 85 150 156 207 374 375 429 440
6	27 41 68 377
0 15 24	6 7 27 28 30 33 42 78 81 86 148 207 212 266 300 301 317 387 590
48	14 15 24 27 31 78 81 87 116 135 176 273 317
15 30 45	15 41 75 78 83 84 108 116 118 147 187 207 280 316 414
15 24 41	15 24 27 41 78 85 116 119 135 150 156 197 207 254
17 51 66	17 25 26 27 38 45 67 161
17	7 12 15 27 41 45 203
36	150 187
127	24 30 53 78 119 180 181 216
9 17	41 556
46	17 78 120 323
0	15 33 37 46 60 85 96 143
41 82 107	17 27 30 68 77 78 84 119 176 307 348 399 557
1	15 23 27 41 100 102 322
0 95	15 38 41 51 64 68 71 78 85 111 187 251 275 282 348
15 27 109	15 16 24 32 37 41 68 73 171 278 279
59 99	0 15 16 32 67 151 180 181
55 79 83 136	0 13 15 80 183
32	0 2 8 9 38 66 239
70	15 54 89 101 143 186
30	15 64 83 99 118
9	16 41
0 71	54 96 148 167
181	9 12 45 69 86 239 347
1 206	79 80 82 100 102 161 240 366 424
0	15 27 41 45 85 116 161
28	16 24 32 51 54 68 89 94
68	8 15 16 48
93	111
21	84 107 424
6 15 24	41 118
44	15 38 71 85 275
40	30 41 118 316
54 57	8 15 50
0 6	16 39 197 239 255 423
59	15 76 88 179 381
9	15 48 362
21	54 83 89 116
9	15 25 49 89 101
53	48 234
19 22	18 32 63 66 239
6	16 184
125 158	8 15 49 54
43	60 73 75 85 125 171 173 186 280 309 383 472
1 64	15 18 27 30 51 85 118
59	27 68 83 284
1	15 18 27 90 118
1 45	12 26 27 41 44 45 68 71 89 112 149
110	8 69 78 84 156 158
80	15 88
1	40 83 85 90 95 153 165
59	76 463 464
1 9	15 41 116 118 256 295 366
53	14 15 27 33 39 41 78 81 85 116 247 580
48	54 60 83 94 148 165 298 300 301
1 156	16 41
12 20 44 45 83	23 451
41 92	15 24 68 78 204 339
15	15 27 85 248
60	15 16 17 71 80 101 103 180 181 202
0	11 15 18 27 41 45 46 68 89 116
45 110	41 68 149 158 387 421
7	6 15 27 32 41 80 90 116 161
27 109	16 32 52 68 87
49 63 69 80 165 166	92
99	15 67 89 189
63	10 51 93
128	92 124 243 258
21	83 186
110	8 21 24 69 77 78 119 120 121 158 162 191 197
13	2 8 15 16 24 32 33 37 38 39 54 68 69 85 89 91 94 153 204
127	53 164
16 25 89	168
1	15 28 108 116 198 353 354 355
17	7 15 37 38 67
9 124	51
6 223	16 32
77	60 73 90 117 124 280 350 383
36	15 16 27 41 66 103 116
3 15 40 54	69 118 162 191 280 305
107	86 156
41	16 68 112
42	15 27 41 48 56 57 160 429 437
136	16 32 33 37 44 61 94 133 172 187 234 275 282 613 653
83	15 17 38 66 79 82 110 138 208 396
7 54	2 15 16 54 67 89
16 20	8 19 48 60 130 335
68	15 54 80 89 90
74	15 17 48 53 78
76 84 117	16 27 37 41 46 61 83 85 116 118 161
4 11 84	15 89 202
121	67
50	131 206
16	40 48 60 73 90 95 124 125 153 171 190 200 225 311
112	24 41 103 160 207 386 422
134	15 16 37 51 64 80 86 100 102 284 431
74	15 24 51 69 98 251
6 23	60 67 78 164 362 419 544 711
54	12 15 27 38 40 41 45 48 49 50 54 56 60 68 89 126 159 178 215 228 250
66 112	36 175
1 18 23 43 94	16 171 202 446
43	5 15 32 66 68 76
93 129 160	15 16 23 26 29 45 71 76 78 80 89 135 203
181	41 66 138
42	27 41 57 84 106 108 116 160 185 238 285 322 332 398 427 550
15	15 27 54 85
7 54	50 56
6	16 32 41 68 83 87 108 111 250
15	27 75
15 66 92 121 195	30 67 69 71 77 78 120 156 198
5 95 279	42 68 69 71 89
19 22	150 712
37 43	15 16 30 37 41 51 61 85 89 156 251
57	16
117	15 27 41 50 60 67 83 90 118 124 190 206 295 492
31	6 24 27 32 68 87 116 144 207
60 82	30 67 150 156 197 198
279	10 38 57 85 211 513
8 20	23 66 166 292 385 423
40	15 33 84
48	26 46 142 148 208 300 301
21	18 23 83 105 106 109
6 15 38	8 15 41 85 118 251 275
16	3 5 35 73 75 171 655
37	15 27 41 100 102 147 178
22	15 17 27 54 61 85 91 120 133 148 178
37	15 18 23 27 41
93 160	6 130 132 499
54	85 206
14	8
73	8 243 258
99	12 15 32 37 54 83 85 89 100 102 116
6	78 83 92
110	8 30 78 197 207 221
50	143 186 324
0 7	15 27 38 41 51 61 85 89 189 203
1	27 38 46 50 85 122 130 254 256 272 433
15 92	27 41 68 85 118 147 316
121	24 32 68 84 116 188 207 223 226 245 248 385
20	15 25 64 71 108 116
3	12 15 41 54 71 161 203
127	8 15 25 27 88 135 218
15 121	15 30 84 85 119 121 182
32	256
38	8 38 85 100 102 156
60	16 66 68 71 116 353 354 355
6 17 46 51 112 230	8 38 67
6	15 27 54 90 180 181 184 210 251
11	16 101 108
230	6 38 54 67
61	83
48	9 10 12 16 24 45 68 89 91 148 160 178 185 256
37 43	23 29 120 124 135 193 194 195 206 287 346 495
9 123	18 27 41 56 57 91 160 250 372 457
110	124 362
24 95	16 44 51 83 111 180
1	15 18 27 78 100 102 120 156
6 15 24 27 109 121	0 16 28 32 33 37 39 41 54 78 80 83 90 98 116 165 173 186 187 200
88 99 104	16 33 54 93
134	48 53 83 118
123 127	8 16 17 54
0 49 170	7 12 51 89 99
80	24 27 116 197 414
19	15 41 45 56 118 189
43	59 61 67 78 91 113 115 133 156 387
1	66 116 137 185 285 291 300 301 347 370 503
123	15 64
1	15 18 41 64 66 138 386
6	78 124
0 4 11 155	15 32 33 38 46 54 71 90 94
132	85 143 173 206
17	18 75 77 116 119 153 216 280
57	15 27 32 37 39 40 41 54 61 83 85 90 108 116 153 165 298
6 9 29 223	83 87
80	175
51	2 8 9 13 15 17 38 71 80 89 101
1 9 21 44	15 16 32 38 46 54 76 78 84 107 109 150 174 185 207 211 481 490
15	15 27 51
36	16 83 100 102 135
54	38 67 83 124 346 421
4	12 15 26 38 49 56 71
1	67 100 102 113 115
1 20	9 12 18 68 89 118 136 149 178 427
11 21 68	15 51 68 83 108 251 275
25	15 16 73 169 171 173 175 250 359 365
31	15 16 24 28 32 41 71 84 87 116 147 251
9	155
1	8 12 15 16 27 66 68 212 247
48	15 17 41 46 61 71 80 94 112 142 161
53	83 153 165
25	15 98
0	7 15 38 44 46 71 89 101
51 135	16 32 91 154 284
1	12 15 23 37 100 102 118 366
60 146	13 17 24 30 75 80 91 188 271 351 447 552
173 206	15 16 66 68 80 138 366 386
15	17 80
15	41 75 78 85 116 117 118
26	378
59	95
34	15 16 27 41 68 78 83 89 116
0 7	16 67 362
52	23 48 49 50 58 60 83 96 105 124 125 127 165 228
14	186
85	15 30 51 78 83 116 118 119 233
9 123	15 33 151 219
1	12 15 23 27 29 41 100 102 322
52	15 17 27 58 60 77 159 160
0	476
53	39 50 54 58 60 94 124 130 159
53	40 48 243
6	17 32 89
53 54	1 39 40 50 60 73 83 153 159 165 271 321 351
95	15 17 38 42 61 71 76 80
15	75 85 86 116 118
15	15 78 120 147 150 421
68	221 481 484
6	16 91 159 384
44	12 15 27 211
24 40	7 15 27 41 75 81
6 36 98	21 36 388 405 607
192	50 124 130 306 508
1 43	15 18 23 29 85 100 102 295 404
6	15 16 30 41 51 111 116 118 119 189 233
62	17 80 89 116 120 239
89	107 242 243
6	40 60 67 124 144 206
15	15 17 27 41 85 118
0	16 32 66 89 184
8	92 270
6	15 16 27 41 83 85 116 118 119 121
130	194
68 90	15 27 40 41 48 60 83 88 165 448
92 149	48 130 160 173 301 309 344 382 489
0 1 11 173	6 15 100 102 148 347 370
0	12 15 45 135 177 252
49	0 15 54 61 94
124	0 4 27 32 54 55 76 97 212 316 387 511
27	8 9 33 68 87 116 249
98	60 100 102
117	7 15 37 54 61 100 102 133 298 299
11	15 16 24 25 28 33 41 71 116
54	60 85 88 206 243
7	23 27 71 114
77	0 16 33 54 89 101
103	28 54 85 88 94
97	50 148 152 196 231 319
15	24 188 248
41	15 17 18 41 75 85 118 159 374
27	15 24 28 30 75 80 108 118 187
64 66	16 18 27 41 77 83 91 108 110 146 156 185 227 239
5 24 57	41 48 73 85 95 211
15 68	15 85
8	7 15 37 38 46 49 71 78 89 101
136	16 73 78 91 108 171 174 175 200 316 358 468 469
6	16 27 30 78 84 147 187 204
15 121	41 79 82 116 119 120 121 161
0 20 42	18 27 57 66 106 136 149 211 251 303 304 310 332 372 373 398 438 457
21 30 104	78 83 350
6 36 197	16 185
28	15 30 41 51 116 117 316
1 9 21 44	9 12 16 26 27 32 68 87 91 112 135 160 185 234
9	247 338
57	41 211
48 55 56	0 6 15 25 32 33 54 76 90 94 298 302
41 82 146	15 27 68 84 87 117 204 207 239 564
6 85	16 23 72 78 118 189
27 109	83
1	15 17 23 24 27 80 85 100 102 517
125	8 15 38 67 144
1 37	0 15 90 102 142 161
27 109	9 11 12 16 18 24 28 32 68 83 87 136 184
15	15 24 27 30 81 84 85 87 150
121	92
7 33	8 21 24 78 127 158 187 206 221 222 228 243 264 348
35	27 33 57 91 108 142 148 163 327
207	15 41 45 57 80 324
7 80	15 67 89 100 102
44	0 10 15 16 17 32 41 54 59 64 71 112 116 211
53	8 19 21 48 49 50 58 60 75 78 124 264
48	7 41 54 57 61 116 184
6	83
17 176	15 17 25 59 67 71 74 76 103 228
105	15 16 24 30 69 78 84 89 164 278 279
6	8 24 30 69 78 85 111 120 156 162 191 348
9	23 29 67 76 79 82 100 102 106 295 366
17	15 16 25 49 67 89 101
6 7 15	15 24 41 79 82 119 121 216 316
1 54	85 88 95
113	8 19 48 60 73 126 131 159 171
199	15 17 38 41 116 118
36	116
113	1 38 59 67 80 89 101 228 246 300 301 333 334 349
48 101	109 146 148 227 246
123	8 9 47 89
0 11	0 2 15 37 38 54 61 76 173 268 275 511
44 64	15 16 24 27 41 45 68 85 89 90 161
7	40 124 144
66	15 75 77 78 81 84
66	7 41 85
63 69	9 208 396
31	16 99
125	8 9 67 130 430 526
80	23 135 193 194 195 206 255 494
7	8 131 243 264
36	136 180 185 187
54	41 48 57 60 126 159 210 211 250
56	15 27 41 78 83 118 119 233
50	54 76 91 146
54	11 46 50 67 107 362 364
68	15 16 37 38 41 46 54 61 83 89 90 100 101 102 116 118 203
232	25 137 189 284
1	15 23 37 38 46 85 100 102 386 487
1 4	6 48 77 78 130 131 164 201 380
25	48 60 73 75 95 124 171 225 243
171	75 78 100 102 119 163 191 206 216 242
42	27 210
16	23 102 180 452
17	15 41 45 46 85 254 268
32	12 23 25 38 44 51 80 138
5	12 15 26 41 45 161
1 37	17 23 27 45 114 205 218
62 99	447
1	15 17 24 27 80 85 100 102 152 254 272
6	8 16 38 89 101
62	15 37 38 41 51 54 61 83 89 90 116 133 203 251
27 109	11 16 27 32 33 41 78 87 89 107 118 203 219 380 683
55	15 16 25 38 46 59 89 112 228
59	12 15 25 38 67 76 89 156 218
29 61	15 16 67 180 181 213 214
25	506
43 80 148	27
117	61 116
1 14 129 170	12 15 16 23 26 27 29 38 41 46 71 80 88 89 116 295
42	16 41 57 66 76 91 116 138
97	53 60 73 107 124 126 130 171 200 335 391
83	15 46 80 161
1 37 99	100 102 133 274 387 411 454
1	11 23 68 86 87 100 102 142 246 272 347 370 437
12 55	16 27 54 59 211
116	11 54 116
21	41 211
4 7 22	2 6 8 15 38 44 67 153 177 307
0 42	0 38 46 61
17	15
171	15 16 18 24 27 41 57 68 116
0 42	15 98 106 118 251 332 530
15	43 66 86 161 248
56	13 87 100 102 127 164
1	6 15 18 86 131 147
43	206 495
29	16 24 27 32 68 87 111
4 12 112	16 23 41 66 166
94	47
160	8 15 25 38 67
10	16 32 41 89 116 118
0	88 100 102 243
7 11 49	6 15 46 155
15 21 61 64 85	32 33 52 89 189 369
33	15 33 75
145	15 68 316 481
1	15 33 100 102 366
27 109	9 38 68 83 87
54	48 95 144
34	15 24 73 171 174
21 44	11 16 37 41 116 275 315
37 181	12 23 38 79 82 100 102 138 347
34	27 71 78 80 89 101 112 116 120
15	7 15 46
61	106 285 297
15 48 68	7 15 24 27 28 30 71 81 85 116 135 316
6	15 16 27 32 33 41 53 68 84 87 111 116 154 171 189 223 263 298 372 457
6 27 109	15 16 24 32 38 68 73 78 84 87 101 116 154 171 185 189 197 200 202 239
43	15 17 28 114 120 162 191
15	15 24 28 30 33 68 80 85 248 384 385
66	18 27 28 77 78 136 149 160 187 210 282 348
25	73 124 126 171 200 243 305 335
80	67 180
104 105	8 15 16 24 30 51 68 69 73 75 78 81 84 89 118 119 156 164 216
68	15 46 67 277
0 76	7 33 37 38 46 71 89 101
15	15 24 27 30 41 81 83 84 85 87 116 120 182
68 90	8 16 32 68 264
9	274 367 368 424
1 37 55 58	15 18 23 29 37 41 85 147 189 278 279
0 7 34 48 55	15 33 37 41 80 116 118
1 9	38 46 48 50 88
48	7 15 16 23 41 54 61 89
97	6 293
1 9	23 27 67
53	40 271
43	24 90 101 118
107	8 111 116
117 154	15 78 83 118 187 282
18	16 23 52 68 89 137 369 438
0 46	4 33 67 80 103 148
54 154	15 23 26 29 41 45 48 50 60
18	68 91 147
0 4 51 57	2 15 44 45 48 49 50 60 67 103 124 130 144
104 107 255	15 27 41 80 85 89 90 142
6	16 32 87 101 136 154 180 181 202 350
86	8 9 16 28 33 54 68 94 108 133 172 180 181 185 202 228
6	16 78 91 171
70 80	15 83 116 118
50	562
54	0 8 10 15 24 27 32 38 39 46 49 51 57 61 66 83 85 95 116 126 153 165 211
6 7 15 104	16 17 48 60 78 191 206 244 271 351
0 11 12 76	12 18 23 38 66 80 86 166 207 347 425
1 14 15 53	15 17 27 77 159 160
76 78	7 15 89 275
0	0 15 17 46 54 142 148
111	15 16 33 83 91 101 118 154 340 385 463 464
54	19 21 50 60 124 125 140 403
0 7 10 76	15 24 28 30 81 250
1	6 23 29 79 80 82 161 256 272
66	27 78 83 85 87 96 116
24 27 58	15 16 27 30 32 33 68 83 111 118 151 189
36	15 16 32 52 68 89 136 189 219
15	75 169
1 15	15 80 85 116 161
7	15 48
9	41 151 155 189 372 373
0	17 46 54 83 113 115 148
1	15 18 27 41 85 108 116 118
1	12 15 18 23 29 100 102 366
36 99	18 57 109 133 185 226 258
1	9 15 41 84 136 178
68	18 23 41 178 295 366 429
58	98
6 48	15 83 160 283
0 7 17	15 25 37 46 89 100 102
0	7 10 45 51
1	15 17 27 78 80 85 100 102 161 254 272 347
43	67 90
0 11	15 24 30 31 71 81 85 100 102
36	2 9 15 16 54 61 64 67 94 108 133 135 180 181
53	15 39 41 48 50 54 60 83 124 153 165
15 17	15 16 24 32 52 66 68 85 87 89 116 136 137 154 171 187 189 282
37	16 27 41 100 102 118 180 181
9 14 20 68	38 44 68 91 112 385
7	8 39 48 60 127 264
94	159
111	202
6	15 16 32 68 78 89 118
1	15 37 71 80 203
104	27 67 80 85 89 90 143 193 228
95	7 15 17 80 86 90 108
9	59 68 89 372 373
153	91 372
1	15 23 142 178 295
105	15 16 24 41 68
9 12	8 9 15 17 27 38 67 108
19 22	16 17 24 27 69 77 78 87 151 156 162 169 191 197 239 307 399 493
207	67
78	15 16 25 27 37 38 45 54 89 100 102 116 251
68	27 41 45 86 120
17	7
11 99	15 16 118 275
15 24	15 18 26 27 41 45 54 61 91 103 135 239
15 24	15 30 31 41 51 66 81 84 116 135 147 248
61	11 27 112
123	0 17 47
9	92
44	11 107 372 457
0 1	0 15 23 26 29 32 54
74 110	15
1 11 95 155	0 1 2 6 54 80 144 161
181	73 292
108	9 33 46 130 243
271	4 38 67 76 101 179 208 385
53	40 48 51 67 83 85 96 127 144 165 169 206 244 362
14 44 48 68 83 90	6 15 16 27 38 68 71 87 116
6 163	83 180 181 300 301
77	15 60 67 90 124
6	15 16 24 32 84 116
6	24 75 81 85 108 116 187 275 282
17 32	13 15 16 44 66 239
117	15 16 27 38 54 90 118 133 143 186 203
59	48 88 553
25	33 60 85 146 173 186 272
25	60 328
20	8 10 12 15 16 32 89 108 136
1	15 37 100 102 366
6 57 117 118	3 5 7 15 24 30 81 85 207
6 104	48 92 95
34	12 15 17 25 38 44 45 71
6	15 16 24 27 30 32 41 116 160
7 11	60 124 305
52	6 8 15 17 32 39 54 71 80 94 153 161
6	119 216 251
11 70	15 41 64 83 116
77	300 301
0 21 78	9 15 16 18 25 32 41 64 71 90 94 111 116
105	8 16 68 89 111
207	25 41
6	16 32 87 154 223 385
43	24 27 51 78 89 116 120 135
68	18 41 51 71 118 251
20	16 18 57 66 91 106 109 138 160 185 210 262 327 427 549
62	27 41 51 59 89
59	16 67 89 100 101 102
12 17 83	8 12 18 41 48 57 66 103 138 210 239
1 44	15 60
15 68	2 15 67 110 239 306
74	23 29 654
59	25 27 44 55 76 88 161 179
0 7	27 33 41 85 90 142 161
23	17
5 6 24 83 104 105	71 182
11 49 76 78	7 37
1 9	10 15 38 189
0 6 15	31 81
52	6 15 16 32 42 54 71 94
91	12 45 178
42	8 27 41 57
7 17	0 1 3 5 8 69 76 88 150 161 202
1 32 55 174	1 2 6 15 23 148 166 268
104	16 78 89 101 116 119 120 233
50	90 100 102
53 54	48 50 60 83 124 206
12 77	2 3 4 5 6 12 177 306
54 117	15 27 41 83 108 116 160
31	52 189 203
6 27 109	9 44 118
27 109	16 27 28 41 85 116
14 68	16 91 106 110 112 210 314 437
16	48 60 124 125 132 157 297 360
175	83 184
6	16 60 159 193 350
7 57	15 27 41 48 49 60 126 131 139 159 390
54	32 37 46 48 57 61 67 90 124 153 215
13	28 33 37 48 54 90 116 124 173 186
32	2 3 5 10 15 26 27 38 66 76 103 228
34	12 17 25 26 103 116 161
0	0 15 28 32 54 94
46 105	2 8 15 16 17 28 30 32 38 54 67
15 24 41 107	8 17 30 49 67 84 85 120 150 220 228 248 671
25	15 33 41 118
124	47
0	15 17 27 38 46 161
2	16 27 44 68 71
1	16 27 32 38 41 68 87 116 160 189
6	40 48 60 124 153 206
50	83 107 146 298
59	2 4 15 44 61 67
9 44	8 9 10 12 16 18 23 24 26 29 38 41 45 68 71 89 116 161 203 264 512
50	1 2 6 42 50 144 153 203 250
6	16 48 51 60 67 71 89 180 181 492
66	51 111 120
53	0 34 355
1	15 54 83 90 100 102 118 193 295 366
50	95 131
12 14 57	8 41 108 116 160 291
18	261
21	15 16 41 116 252 253
56	15 17 67 80 208
7 28	8 31 81
1 37	85 86 100 102 178
0	99
60 82 195	9 84 150 348 350 399
1 9	15 16 27 41 51 100 102
6 31	16 137
0 7	15 25 37 46 74 89 100 101 102
8 95	15 17 23 29 68 76
63	17 38 44 71 76 135
9	15 91 118 189
99	271
45	17 27 41 78 90 108 116 119 207 233
0 11 146	0 6 7 15 32 54 80 94 144
132	16 67 89 111 124
43	27
53	15 48 60 83 96 165
54	8 15 16 41 45 250
14 37 53	39 40 48 60 83 85 153 165
15	73 306
28	15 27 85 116
8	141
123	118 147
7 14 15 37 44 55 121	15 24 27 33 69 80 87 116 118 160
77	206 280
17 149	87 101 111 137 154 162 180 181 191 202 223 340
6	8 16 49 52 189
54	48 60 100 102 124 206
128	83 92 95 165
25 337	50 60 73 171
36 67 68 90	27 30 41 67 71 80 83 111 118 129 186
85	32 52 189 251
5	8 15 30
66	23 41 67 76 78 85 100 102 156 386
27 54 109	16 32 87
50 64 76 199	83 89 143
5 50	15 16 27 68 85 87 94 207
9	15 26 41 46 54 56 57 59 64 66 187 282 437
75	48
236	6 46
54	1 8 39 40 54 60 78 83 122 153 165 321
73 98	36
21	106
4 8 20 77 170	0 2 6 8 9 15 32 33 38 54 67 80 94 148 349
7	7 15 25 45 46 54 76 381
124	27 54 73 80 97 171
43	15 16 27 37 41 54 61 89 90 101 116 133 203
20 27 85	16 24 27 32 38 41 68 77 84 87 106 116 189
1 9 27 109	27 32 41 68 223 239
6 20 22	37 39 48 60 67 75 77 90 108 130 176 194 270 308 423 492
7 58	39 54 60 83 96 124 143 165
6 68	8 15 16 27 41 53 83 85 118 156
160	33
1	160 180 599 615
43	16 67 89 101 180 181 193 194 218
68	154 239 326
16 25	0 2 38 40 54 67 73 80 94 124 153 171 190 202 311 340 405
6 11 21 44 117	83
1	15 51 71 85 93
15 24 82	15 24 27 84 85 118
1 4	15 27 38 66 80 85 386
0	26
0 7	16 27 54 71 89 116
230	18 54 67 80 90 435
25 125	67 255 363 365
17 170	15 23 26 404
13	5 149 174 203 299 303 304 524
1 24	15 32 38 41 71 86 116 248
54	40 41 48 50 54 56 159
208	107
24 121	24 30 69 84 85 87 120 156 191 197 207
27 109	78 83 92 95 187 280 348 394
89	243 391
25	80 374 375 448 572
21 118	15 24 28 32 41 81 84 85 116 118 119 121 218 247
98	16 27 68 71 116 501
127	47 286
32	131 335
123	17 32 54
79 128	25 33 35 75 84 157 212 306 497
11	9 15 16 24 25 41 71 85 116
54	15 37 40 83 153 165 405
25	11 15 103 375
0 12 17 51 54 57 68	46
45	15 41 116 120
80	40 48 60 124 130 159 206 244
1	41 85 95 100 102
174	6 395
27 109	481
22	130 308
15	15 16 24 27 41 68 81 84 85 116 147 160
62	16 48 67 71 89 101 180 181 492
17 51	28 32 35 73 90 423
43 80	27 113 115 179 195
49	23 166
15	85 118 274
15 80	27 41 51 69 78 84 116 119 121 135 207 218
74	0 6 30 87 120 135 150 197
60	149
43	23 27 37 100 102 114 120 218 295
144 146	23 61 68 72 90 91 116 223 275 640
5 6 11 43 64 104 150	15 41 54 90 111 210
124	0 2 4 28 32 33 38 52 54 55 98 172 219 304 431 511
104	27 30 51 85 111 118 119 143 216
53	37 116
7	0 2 6 8 9 15 16 33 36 37 38 54 67 71 94 101
27 109	108 159 171 185 187 226 283 394
52	39 40 83 165
9 123	4 68 155 229 261 292 309 528
89	73 130 171 243
56	15 18 27 41 78 120
17	75 78 119 169 206 216
0 1	15 16 37 38 100 102 275 295
80	15 17 27 76 80 85 218 275
37	51 120
1	6 15 17 23 27 29 32 38 54 71 80 161
1	15 80 127 130 131 164
5 33 68 183 212	15 44 46 54 81
54	124 296
11 21 49	0 15 39 54 61 90 94 133 203
18	33 242
9	77 261
80	44 71 76 134
29 61	142
6 79 95	16 169 171
1 6 15 24 31 58	0 15 16 17 30 32 38 68 84 94 109 116
54	25 44 45 48 49 56 67
60	41 51 75 86 188 248
46 59	17 24 76
18 177	8 27 41 51 66 85 111 239
127	95 155 270
1	22 272
116	16 32 68
1 66	12 13 15 23 29 66 80 100 102 103 120 122 183 212 240 248 272 404 518
15 24	6 67 75 318 579
4 5	15 107
0	17 27 43 45 85 142 161
24 41	15 83 87 89 101 108 204
30	83 92 119 164 216 233
68	15 44 46 71 112 147 309
95	17 18 27 78 112 116 120
0	15 28 298
55 116	51 99 180
19 64	15 27 41 45 118 135 251
14	9 12 15 38 45 103 228 239
117	30 51 85 86 156 250 422
59	88 113 115 133 195
31	24 27 30 84 85 89
63 314	12 15 25 38 44 46 59 67 71 89 208 403
54	13 39 48 49 50 57 59 60 67 86 210 250
260	23 452
1	15 16 17 23 27 29 67 100 102 178 300 301 387 404
52	21 50 73 127 194
121	51
15 41	24 30 66 71 78 83 112 113 115 118 119 207 216
43	16 28 33 116 118 160 223
91	15 16 24 32 68 180 181 202
7	0 2 8 10 15 17 32 33 38 44 46 54 67 80 94 101
20	4 12 50 76 101 405
54	37 39 40 41 48 51 56 57 60 78 86 96 153 183 250
103	15 17 68 71 149 160 202 226 227 371 372 397 457 637
17	7 15 17 45 67 120
20	15 24 27 41 45 46 54 85 148
27 109	11 83 116 118 143
1 32	6 15 66 80 155
54	41 50 60 159 390 426 481
127	25
305	8 15 27 41 69 71 89 116
4 5 68 129 157	15 27 30 38 69 71 85 116 182
122	51 170 283
43	15 16 23 27 37 89 133
51	0 1 5 17 26 27 38 39 54 71 80 94 161 405
62	41 51 80 85 111 112 120 156 161
84	23 37 39 49 50 54 59 60 61 83 87 105 124 165
8 9	10 15 16 38 89 274
15	27 41 79 82 85
0	17 27 45 46 49 54 77 78 120
18	60
103	15 16 27 32 41 64 68 109 116 136 149 160 180 184 185 372 373 457
25	2 49 120 203
33	15 16 25 33 54 60 78 90 298
26	15 16 89 101 189
0	7 15 46 54 71 89 100 101 102 148 299
9 40 83	8 38 44
7 117	21 48 50 83 153 165
77	2 6 12 15 25 27 46 67
15 46 195	67 78 85 156 228
15 57	27 81 88 108
12	15 23 27 29 66 79 82 103 256
12	24 78 84 85 197 206
1 21 99	156
76	17 25 59 203
54	48 50 59 85 107 124 126 250
6 108	14 50 78 116 160 220 272
0 71 194	40 190
15	38 44 67 103
46	15 27 32 76 78 116 405
25	124 293
15	15 41 75 119 233
0 7 11	25 38 44 67 71 89 208
15	142 271 351
55	90 93 111 118
7 183	1 37 39 49 50 60 83 96 127 153 165
42	41 57 211 367 368
72	12 46 76 80 103
53	1 15 37 39 41 42 54 60 153
12	2 3 4 5 8 15 16 76 101
15	15 27 30 41 85
7	23 25 38 44 67 89 101 103 215 219 297 506
6 53 132	83 96 165
238	60 296 305
68 141	10 51
113	0 1 6 8 16 26 32 140 148 155 180 181 212 299 300 301 349 502
48	27 28
24	78 198 206
24 104	69 75 118 191 206
1	0 8 17 43 80 150 161 207 256 540
48	116 187 210 218 348
103	15 27 32 85 86 87 116 207
15	75 78 83 85 92 118 119 163 169 216 280
127	16 17 38 54 219 286
104	16 17 27 30 69 78 116 118 245
54	41 48
0 1 24	6 8 40 42 48 50 58 60 122 124 153 160 200
87 195	18 24 28 41 63 75 108 116 117 198 202 332 372 373 398
7 51	49 50 60 88 124 130
43	54 156 255 300 301
6 104	182 414
43 85	16 32 101 162 191 193 311 384
45	15 38 41 71 78 85
117	95 104 147
24	15 35 60 77 78 83 84 87 176 307
24	15 51 75 84 85 86 95 119 121 182 207
338	9 46 127 490
12 68 90	62 63 212 398
27 36 109 117	15 16 17 78 86 87 108
225	111 120 187
6	15 16 24 84 90 108
43	10 45 178
1	15 27 38 44 67 88 89 101
31 35	116 137 185 189 285 337
25	8 9 16 33 38 40 101 311 375
32	12 15 25 41 46 64 68 89
3	67 83 259
66	111 113 115 116 120 133
0 15 48 55	6 27 41 81 85 95 96 118 155 362
6	15 24 33 69 81 191
43	17 23 27 113 115 116 120
80	30 41 80 83 100 102 287 301 347 382
74	16 78 89 101 171 180 181
70	15 27 33 41 116 204
77	0 90 91 153 173 215
14	15 51 83 95 96 139 153 165
230	1 23 38 76 80 101 179
9	12 45 71 366
5	33 84 87 94 116 352
25	48 50 60 73 75 124 146 171 206
37	15 18 23 37 45 100 102
95	206
25	714
11 155	13 69 144 300 301 324 339 478 539
67	0 7 16 25 32 37 38 39 41 46 54 80 89 90 94 100 101 102 116 129
6	118 147 207
1	16 41 45 98 149 178
0	15 38 67 71 85 89 156
34	15 16 17 18 41 54 77 83 91 94 137
37 301	41
22	16 41 54 59 89 101 292
13	23 28 29 32 33 34 35 36 37 116
12 55	0 1 15 24 32 39 41 54 76 80 83 85 88 94 135 165
25	124 126 487 715
17	38 45 49 67 89 101 203
115	16 159 193 213 214
67	16 17 18 27 32 39 40 41 48 63 66 77 83 91 101 108 116 119 130 133 135 144 150 153 165 168 171 172 185 200 239 275 308 309 316 358 426 716
83	6 7 147
89	53 73 107 130 171 200 335 391
36 44 104	18 83 91 106 160 185 227
17	8 11 38 45
1 43	15 23 78 83 94 113 115 120 133 135
117 132	54 94 364
6	48 60 67 124 190
68 90 93 292	15 41 45 251 255 437
27 109	25 33 35 59 60 176 199 200 205 365
27 109	9 18 27 160 189 467
128	100 102 274
6 146	24 68 153 284
54	15 16 38 46 53 67 89 90 107 118
50	0 15 32 54 76 78 94 148 153 250
55	16 54 90 118 239
6 48	50 124 131
2	83 187 300 301
66	67 83 118 206
17	7 8 15 16 25 32 37 67 101
6	48 53 92 118 119 216 233 238 271 383
25	0 6 15 25 38 54 67 94 103
296	8 15 27 41 68 84 86 88 89 127 150 158 197 221
24	43 66 80 103 148 424
43	8 103 127 189 264
53	27 41 54 61 83 92 94 153 165
6	17 116 117 119 233 337
25	60 77 243
9	16 18 41 66
21	83 118
6	8 15 30 51 78 118 189
25	2 25 38 49 60 75 77 78
0	46 92 96
1	15 17 23 27 29 80 85 100 102
15 66 99 195	22 69 100 102 191 197 207 277
42 53 54 57	6 10 12 15 16 17 26 27 28 30 32 33 37 38 41 46 54 61 71 85 89 90 94 133 136 149 161 185 203 275 299
6	15 16 30 51 53 83 111 118 119 216 383
37	15 18 27 45 71 100 102 295
68	7 12 15 25 45 49 71 89 101 103
105	8 15 16 24 38 68 69 78 88 120 156 447
0	32 33 54 83 85 116 153 165 190
15 107	15 17 24 28 30 85 120 254
46	23 29 54 67 94 113 115 120
1 55	2 6 10 15 38 44 66 79 80 82
10	16 40 41 71 77 78 83 85 91 94 112 203
53	39 40 60 83 127 165
44	27 107 270
6	16 75 77 83 108 120 187
6 21	83 116 118 120
123	15 16 24 27 38 68 71 207 219
1	12 78 80 100 102 133 295 366
17 83	100 102
6 27	16 68 89 107 111 118 369
1	15 41 60 131
1	80 85 133 189 295 322 366
44	11 54 116
124	4 16 27 54 55 76 97 133 316 353 354 355 387
149	78 91 118 150
58	15 24 37 67 83 85 89 118
6 24	15 41 75 77 78 81 84 108 116 119 121 176 204
83	4 15 23 41 49 100 102 166 189 295 366 386
43	16 32 89 90 98 101 157 173 204 242 255 297 358
3 5	15 28 38 54 71 85
17	8 15 45 46 53 135
7	8 13 17 38 45 51 80 85
68 90	9 15 127 132
80	15 27 78 116 133 135
68 90	16 32 52 68 78 87 111 136 151 154 162 187 191 242 282 283 350
6 54	8 19 21 48 60 124 127 243 264 403
127	13 17 83 85 95 96 164 165 180 181 561
99	41 45 51 59
124	15 16 27 32 41 71 97 108 116
55	6 90 124 155
144	27 38 41 54 61 83 85 89 90 110 116 118 135 143 184 210 226
193	40 48 206 243
154	15 39 40 57 78 83 94 153 165 250 321
51	10 38 44 67
16	73 78 157 171 200 335 380 430
6	225 280
15	6 16 35 75 84 90 155 487 509
1 44	15 38 41 71 88
12	1 2 6 43 110 144 212
17	10 38 51
20 22 68 82 100 232	15 68 71 116 189
17	10 36 38 45 49 405
78	23 72 187 250 282 316
44	16 27 28 30 33 41 51 54 71 75 77 78 83 111 112 116 117 118 221
6	15 30 67 83 118
15	51
36	60 78
233	16 148 149
78	15 27 41 57 83 106 109 184 185
260	148 149
1 7	8 21 119 124 216 221 264 421 484
72	8 88 209
80	27 38 85 161
99	60 118 206 293 301 382 611
17	39 48 49 54 57
17 57	15 38 54 85
1 67	39 83 85 96 143 153 165 186
27	16 23 30 41 51 68 72 89 111 285 369 438
0	27 44 91 108 135
95	7 17 25 27 85
14	15 16 38 67 212 219
8	8 36 44 67 249
44	11 15 27 37 41 68 89 116 185 227 315
64	15 16 17 18 27 41 45 68 89 161
30	15 27 111 116 118 119 160 216 283
7	578
74	16 77 78 83 120 187 227 305
6 7	16 27 67 78 80 89 111 116 375 380 494
6 29	0 16 27 68 78 116 155
37	15 17 27 80 85 89 101 114 142 161
59	41 159
95	15 17 28 69 85 87 307 354
1	8 17 23 26 37 38 83 100 102 142 366 386
25	48 73 124 171 200 477
4	12 15 18 23 26 29 38 45 80
9	66 261
23	189
77	35 83 87 90 92 168 186
92	78
14	75 243
21 78 99	15 27 37 51 54 85 100 102 116 133 135 143 195 218 364
68	17 27 44 76 135 208 218
1	23 24 27 30 66 77 80 156
37 110	51 85 100 102 206
6 66 74 83	15 51 67 89 251 275
125	6 15 16 32 38 89 98 101 103 155 173
54	11 15 16 37 38 41 53 67 89 101 437
83	12 15 25 26 27 41 45 46 49 71 112
27	33 448
125	0 88 127
36	30 51 83 92 146 187 300 301
32	0 16 24 32 33 54 101 148 153 204
127 339	129 140 311
50	8 78 89 101
185	8 25 44 49 50 71 103 144 476
36	108 116 135
1 7 17 53	15 38 48 50 58 67 124 144
44	16 41
0 4 12	15 16 27 32 68 71 212 299
27	33 60 75 78 81 95 107 111 199 258
41	15 27 84 116 291
0	15 25 26 27 41 46 54 59
0 142	15 16 18 27 30 33 41 46 54 57 90 107 110 116 118 137 143 184 210 221 238 295 298 369 385 429 437
0 9	15 18 37 45 46 85 100 102
1	2 4 38
95	71 73 171 180 181 202
15 24 99	16 27 41 45 71 78 86 116
1	15 17 27 30 41 51 85 90 100 102 113 115 295
75	19 48 50 60 73 77 124 125 126 130 131 171 200 246 287 321 499
1 22	27 41 57 80 83 91 149 178
1 55	6 15 16 27 32 38 101 116 135 148 175 302
1	12 15 23 169 189
3 17 68	12 15 17 27 41 51 54 71 78 80 85 89 112 116 119 203 216
0 7	37 46 71
15	15 16 24 27 68 71 85 110 116 207
24	60 75 77 78 124
17 42	48 85 96 159
64	15 16 27 41 45 57 61 116 118 135 189
15	17 27 41 75 85 95 116 161
17	7 8 12 15 23 25 26 27 41 45 46
6	12 15 17 38 42 69 71 76
53	27 32 37 39 41 50 54 60 75 78 81 83 94 119 124 126 153 165 243 343
67	7 15 16 33 37 41 46 54 55 61 83 100 102 116 133
170	8 48 60 119 143 164 274 369
84	16 17 55 59 90 94 299
21	16 41 73
1 17	12 15 23 26 29 46 80
105 110 127	15 30 41 69 78 84 86 87 116 150 191 197 207 380
154	25 37 54 59 94 100 102 387
152	41
68	11 16 23 33 53 107 118 219 314
25	23 166
6	2 6 8 9 15 17 38 44 66 67 76 80 150 155 156 177
19 99	27 28 30 108 135 197 208 251 414 439
110	8 21 26 27 78 116 120 158 197 203 207 221 228 264
6	6 15 24 33 48 54 78 80 81 85 90 95 124 129 317 481
1	4 59 148 152 231 319 535
12 51	4 15 46 66 116
153	18 61 83 91 119 184 185 216 300 301 358
43	67 193 194 195
6	16 60 71 78 83 89 101 111 120
54	221 277
54	1 39 40 54 83 122 153 165 321
15	27 41 75 78 84 86 116 119 121 182 216
46	0 67
41 74 82 108 195	15 24 27 75 84 108 116 160 197 207 223 247 387
0 6 7 15	17 27 41 67 71 78 112 120 191
15	27 84 85 176
45	16 24 27 41 66 68 148 353 354 355 387
31 106	15 16 17 23 24 61 68 72 84 89 116 189
15 121	8 24 69 75 77 78 120 147 162 206 244
1 12 83	22 66 265 424
6	16 32 41 68 78 87 108 116 136 187 282
338	109 258 484
28	16 28 69 191
132	27 97
6	15 38 41 51 71 85 89 251
0 71	73 117
0 20	16 32 66 103 160 184
17 19 20 42 43 142	16 18 23 109 160 210 347 371 397 435 451 558 581
5 24	15 116
95	13 17 23 27 51 77 86 100 102 144
186	10 16 27 41 45 51 56 57 59 68 89 251
48 50	16 109 136 372 387 457
103	16 66 160 184
44 68 90	8 15 16 27 32 68 86 116 150 156 197
6 15 60	15 41 75 116 118
54	15 17 24 27 57 62 85 248
260	16 27 32 54 68 83 89 108 116 136
124	8 16 27 32 97 264
37 68	0 1 2 15 16 38 54 67 88 101 179 405
53	73 200
0 5	15 16 24 27 32 38 64 68 87 116
5 15 64 121	118 147 252
24	15 27 30 41 51 78 81 117 118 119 216 233
1	26 27 37 41 71 85 100 102 112 203 366
6	33 67 153
30	15 16 27 41 54 61 89 111 118
1 19 20 150	11 15 23 27 41 45 77 158 185 223 262 278 279 371 397 451 484 576
78	15 37 68 89 275
117	7 16 17 27 54 59 76 83 90 116 133 148 203
0 54 57 112	59
1 48	63 116 136 149 189 223
48	15 23 42 54 228
53	37 81 90
54	228 305 372
15 50	27 116 118 156
54	11 15 46 53 67 88 107 118 275 362 437
15	15 51 75 364
53	234
0 76	10 16 32 41 71 89 161
92	54 67 80 104 116 143
51 57	15 17 66 76 85 101 144 207 250
15	118 143 206 277
95	11 15 38 71 85 156
6	8 9 16 30 52 118 189
7	85 100 102 206 244
0 7 17	8 12 15 25 26 38 71 103
43 45	33 61 89 94 116 164
5 21 64	15 41 45 80
53	32 39 124 143 173 186
1	15 23 37 41 80 100 102 166 295
0	32 63 67 91 101 239
70	15 17 24 28 30 78 81 84 87 118 187
117	16 37 39 49 51 60 61 83 85 96 153 165
14	15 16 24 68 71 116
6 105	16 17 78 101 150 180 181 202 219 292 350 717
1	18 23 29 76 100 102 250 295 366
99	16 106
1	15 27 30 41 51 90 116
0	0 15 28 46 94 208 396
1	15 16 17 18 24 27 32 41 45 68 77 89 91 116 119 121 136 178
21	15 46 83 92 118 238 362
95	17 187 282
37	18 41 83
1	37 336 477 608 718
11 21 68	15 16 24 27 32 68 87 116 118 136
15 107	77 87 169
21	16 27 32 68 87 154 385
80	23 27 116 133 218
29	0 25 63 68 327 371 397
6 50	18 27 116 146 185 429
43	15 16 24 27 30 32 41 68 76 78 89 114 116 198 553
7 15 48	15 16 24 27 32 41 68 81 84 87 116 161 204 248
66	16 18 27 73 75 77 78 83 89 117 118 119 121 162 163 180 181 187 216 226 233 280 305 337 379
1 55 116	15 27 38 66 103 178 366
7 11	7 10 15 45 79 82 161 248
17 44	10 16 32 41 68 89 116
6	169 293
51	44
0	25
6	16 78 116 119 216
85	16 18 23 33 54 72 77 78 81 83 94 110 116 300 301
75	16
132	16 26 41 49 50 55 59 60 83 94 165 210 211 299 372 373 387
12 17 112	7 12 15 17
6 68	15 16 30 41 51 118
4 5 11 44 81 129	27 66 91 112 138 160 262 438
26	16 18 41 91 290
154	7 15 38 46 53 61 429 437
16	60 95
113	2 9 38 94 101 179 202 246 340
1	15 18 24 37 57 80 85 254 272
260	15 27 41 85 95 116 272 353 354 355
6	78 120 421
6 121	75 78 81 85 116 119 120 163 379
72	15
68	10
6 68	0 3 5 6 32 33 36 38 54 148 155 172 300 301
17	75 108
6 105 123 127	15 16 41 68 78 89 108 116 119 164 216 278 279
6	15 38 67 180 181
6	8 16 17 147
6 104	147 207
0 11 49	15 17 24 27 37 80 85 90 100 102 275
15 20 24	15 27 32 41 80 85 89 101 116 142
43 79	16 25 66 138 180 181 202 212
48	16
17	48 50 58 124 131 159 362
111	16 76 88 91 179 255
0 1 11 155	0 33 37 54 68 89 118 186
15	15 16 25 27 28 38 41 71 75 85 111 118 119 233
34	17 83 118 120 135 163 180 181 187 300 301
54	42 49 57 66 239 422
24 48	15 27 41 75 81 116
17	15 41 45 161 228
0 41 116	15 16 24 27 41 44 68 71 87 116
94	41
15 41 95 107	8 15 16 24 27 68 78 85 87 116 150 156 160 197 207 223 337
17 80	27 76 94 114 120 135 203 255 346 495
107	8 11 12 15 41 45
0	2 15 20 27 97
95	8 15 16 21 32 38 44 67 69 71 78 228
67	15 16 24 27 41 66 68 71 116
3 157	11 15 107
50	16 27 41 61 68 83 89 91 116 135 146 300 301
1 17	7 12 15 17 25 37 161 218
75	3 5 15 41 49 50 59 133
6	17 30 48 51 107 118 119 216
17 59	2 5 15 27 49 76 89 202
195	150 197 207
29	11 26 38 68 103 110 249 292 472 555
21	11 15 16 32 64 68 180 181 275 284
1 206	24 85 86 265
112	83 153 165 300 301
6	8 17 26 45 59 71 80 89 101 103 113 115 120 180 181 386
18 48	16 89 101 108 242 350
61	0 10 16 25 32 69 116
67	16 28 32 33 37 39 40 42 50 54 60 61 77 83 85 87 91 94 130 153 165 204 250 275
1	3 5 37 46 50 59 100 102 175 196 240 287
48	32 48 60 83 94 96 124 153 165
108	31 431
26	16 68 89 189 384
36	7 15 37 51 54 61 83 89 100 102 185
0 1 7	15 24 30 33 80 81 116
25	73 107 171 192 200 215 281 335
93	5 15 80
19	16 63 98 149 309 310 367 368
0	60
54	8 15 16 48 116
6	15 16 41 51 85 111 252
22 58 148	155
1	73 75 77 78 206
195	9 24 27 28 114 135 154 275 411 412 495 653
132	54 83 108
36	16 18 32 41 91 137 138 160 180 185
17	27 41 57 553
53	15 24 41 68 84 87 114
64	16 18 27 30 41 51 68 77 83 89 91 110 116 163 185
256	0 7 15 54 61 83 116 203
0 11	6 8 15 37 44 49 76 80 241 275 511 543
63	15 37 51 100 102 251 255
4 12 17 112	2 6 8 15 16 38 44 78 80 89 120
21 99	17
7	1 8 21 32 39 40 54 127 169 222 228
6	73 119 216
62	15 24 27 28 54 80 94 101 116 135 172 275
0 15 48	51 83 85 95 165 243 362
17	8 15 25 26 38 49
15	40 48 60 120 124 150 153 197 207
99	23 41 51 189 295 377
45	16 89 101 112 162
228	75 153 212 311 506 637
0 43	32 33
11 155	8 41 60 130
296	87 341
72	8 27 32 91 97 387
0	15 27 37 39 41 48 116
1	15 79 82 148 319 395 599
54	130 209 243
52	15 49 58 195
83	12 13 15 16 17 23 26 29 66 80 100 102 103 127 295 386
0	15 32 90 143 298
6 15	8 15 17 24 28 30 67 76 78 80 81 84 85 150 197
94	27 54 57 67 90 91 116 134 135 184 185 210 258
11 155	116 118 223
1 3 43 44	15 18 23 27 29 41 100 102 295 404
75	126
117	15 27 41 48 60 67 83 90 118 124 126 143 186 190 206 295
25	15 18 27 41 45 54 57 185 210 239 250 256
6 11 15 115	15 32 101 151 284
15 24 107	24 30 68 69 77 78 87 113 115 144 156 162 169 198 307 552 557
1	12 23 29 80 366
81	15 17 24 110 120 144 197 198 223
52	6 37 40 94 153 190 307
53	85 96 153
17	67 100 102 309
14	15 16 27 42 68 71 89 116 393
6 12 17 68	14 15 27 31 48 81 88 116 135 218 316
32	51 54 68 116 251 275
4 58 177	15 27 41 116 119 233
45	10 15 16 26 27 41 54 71 80 203
6	15 30 32 41 51 52 85 116 117 119 189 233
23	16 32 41 68 114
15 24	15 24 69 73 75 77 78 83 171 176 186 187 191 206 280 414 455
20 21 24 95	16 27 32 41 68 77 87 151 204
50	41 54 76 89 94 146
15 63	9 15 16 27 28 54 68 69 91 116 120 133 135 228 316
6	16 32 69 87 111
1	15 18 27 41 80 85 100 102 161
17	17 38 46 59 67 71 89 101
123	424 467
51	27 57 84
33	16 33 35 60 75 78 81 119 120 199 216
169	0 15 25 63 68 116 160 189 223
14	15 16 67 89 136 350
1	6 88 100 102
45	15 19 21 41 60
9	15 16 25 59 248 372 373
0 15	7 24 27 28 51 85 135 207 255 306 316
54	10 12 15 37 42 46 49 50 51 56 68 71 89 100 102 140 347
24	27 85 96 118
6	33 111 118 143 263
19 20	18 24 98 139 310 530
44	11 252
0 15 24	15 16 24 32 33 38 68 69 71 84 87 108 162 187 191 282
49	15 32 37 38 41 54 83 89 100 102 118 133 275
1 15 21 37 43 48	15 16 30 51 85 161 183 251
0	15 71 80
48	372
18	15 16 68 89 107 136 219 229 369
17	19 21 60 127 485
17	7 15 25 38 45 46
1	2 6 15 37 46 74 100 102 153 155 177
121	15 24 27 28 30 51 116 187
54	15 42 67 90 140
50	15 27 38 67 90 103 146
25	15 57 80 366
15	27 41 51 116 197 248
48	33 37 39 61 73 81 83 143 153 175 285 298 359 446
0	15 32 33 34 54 94 148 153
54	127
134	11
1 4 5 59	30 61 78 83 111 116 119 120 135 187 216
6 31	16 38
36	30 51 108 118
44	11 37 53 315
25	398
24 41	27 41 69 78 85 116 120 207
0 71	32 33 186 547
28 118	16 83 85 116 118
7	15 116 189
6 85	2 6 15 27 33 38 46 67 88 127 194 212 362 481
28	6 15 33 48 54 78 80 81 85 90 124 317
32	1 27 28 36 54 63 97 98 153 175 190
136	0 15 16 28 32 33 37 54 61 94 103 118 173 185 186 203
7	27 67 112
15	27 41 71 80 85 161
20 46	2 6 8 9 15 16 32 38 44 46 67 80 101 103 148
24	33 90
40	41 79 81 82 116 117 119 233
104	75 83 108 111 118 119 184 216 233 280 383
36	15 16 27 32 41 51 54 68 90 116 133 143
78 80	27 41 76 116 118 135 218
9	189 297
28	41 111 119 216
6	16 27 41 61 83 89 116 135 300 301
28	8 31 52 81
24	17 41
26	314
0 24	8 15 17 24 27 28 32 44 81 85 87 150 197 207
6	16 30 41 118
117	40 190
67	6 32 37 39 49 50 54 60 73 77 83 96 98 165 169 171 176 186 200 321 461
0	160 291 387
6 74	17 24 51 69 78 85 120 147 150 191 197 207
108	150 284
41	10 16 32 89 111
11 66 304	274
15 24	15 27 41 75 78 80 84 108 119 121 216
82	8 13 15 24 27 38 69 84 85 87 116
0	7 15 38 45 46 49 89 101
0 55 58	6 15 32 33 54 90 94 148
3	11 17 30 37 67 118 421
43 59	23 27 76 133 374 375 494
1 55	15 27 30 37 41 51 80 83 89 90 100 101 102 108 116 118 161 295 386
29	16 47 68 151 528
95	23 26 29 100 102
35 87	23 72 84 109 137 185
340	101 162 180 181 239 384 385
48 55 83	0 6 15 84 212
117	7 15 37 54 89 133
30	112 118 162 191 193
0 7	0 15 85 89 90 101 142 161
1	15 16 18 23 27 29 41 68 89 90 108 116 118
12	12 15 23 26 29 46
46	15 77 176
80	6 15 88
67	15 27 51 54 85 94 116 156 321
15	11 13 15 38 51 71 85 118 275
1 7 15 52	8 39 40 42 48 50 58 60 67 85 86 96 124 130 153 159 272
17	15 27 41 45 83 85 116
50	488
16	35 75 77 144
21 44	11 15 16 37 41 57 116 315
6 27 109	9 15 16 24 27 32 33 38 41 68 73 78 84 116 160 171 185 187 189 202 372 561
7	274
26 123	17 28
34	27 67 76 78 89 91 101 112 120
1	13 127 272
42	27 41 57 80 178 211 250
0	15 38 54 94
15	67 77 78 120 179 187 197
48	15 23 28 38 54 94 140 142 148 166 333 334 349
1 55 83 176	8 15 45 71 120 203
29	16 32 120
28	100 102
7 54	15 28 187
43	23 37 195
14	15 38 41 71 85
74	193
19 66 116	27 51 57 108
21	7 15 16 30 71 83 85 251
124	24 37 67
9	66 68 91 144 155 239 309
0	15 25 37 46 71 80 89 100 101 102
53	48 60 67 243
9 15	48 60
6	48
6	15 53
0	12 15 24 27 41 46 66 68 116 147 248
61	219
1	12 24 27 80 129 133 366 431
13	60 173 175 186
72	10 15 45 103 127 131 178
44	23 166
107	27 41 44 68 263
0	15 16 24 32 33 54 85 87 90 151 154
53	48 51 85 88 95
54	15 24 27 39 40 57 66 85 122 153 159 239 250 272
6	27 83 87 154 171 202
1	23 24 29 37 183 287 353 354 355
1	15 66 148 339 482
43	76 100 102 133
146	2 15 180 181 272
27 67 103 109	10 15 57 83 91 100 102 106 109 119 136 137 178 216 227 258 348 365 471
66	89 275
0 43	73 124 171 243
1	37 38 46 100 102 161 183 240 248 287
1 37	15 23 25 71 74 80 295 366
36 95 197	73 171
52	6 15 27 39 42 54 76 83 86 153 165 212
37	67 118 206
66 72 77 207	67 153 307
1 12 17	15 37 38 46 71 100 102 148 153 175 230 234 319 336 381
20 67	15 16 27 32 38 50 54 66 68 71 80 100 102 108 116 118 124 130 151 159 160 189 207 223 231 240 251 297 364
34	15 17 26 27 41 71 89 101 112
1	23 80 85 100 102 138 157 160 161 198 223 272 322 353 354 355 386 433
140	17 67 120 180 181 202 405
7	67 78 297 362
25	0 6 60 93 124
52	48 60
77	2 8 16 17 38 101 103 212
89 125	20
112	15 27 41 54 80 90 116
6	73 171
1	25 38 44 49 66 67 74 177
112	10 16 32 46 90
112	15 44 67 230
24	83 372
1 8 59 316	48 60 125
36	66 116 184 185
7 51	0 1 2 8 16 32 33 37 38 54 71 94 405
55	15 33 37 76 78 90 108 120 133 250
1	15 27 37 45 100 102 295 366
58	32 33 48 81 124 301 382
27 109	11 46 92 95 107
1 15 24 46 54 57 107 165	15 38 67 77 85 86 444
54	15 38 42 50 60 67 89 90 101 140
4	46 362
1	12 23 38 80 100 102 161
9	10 38 68 88 292
52	27 41 50 58 60 124 160 321
50	15 16 24 25 32 41 71 116 160 250
55	8 9 12 15 16 24 25 28 33 41 54 69 71 78 94 135
50	1 15 24 32 40 78 94 153 187 311
0	32 39
5 68	9 71 84 138 223 228
1	8 15 27 38 80 85 87 95 100 102 116 150 156 183 197 207
8	15 66 138
60	24 28 41 75 85 111 116 291
94	107 151
1 60	24
6	16 17 30 51 89 101
30	11 92
24 41 66	84 156 207
1 37	0 12 13 23 54 66 86 100 102
334	0 15 116 349
50 51 57	6 13 15 102 148 153 161 268 541
318	0 25 90
41	16 17 68 71 85 112 116 150 207
4 5 7 14	0 3 5 6 15 80 155
73	6 9 15 28 54 100 102 127
105	10 15 16 27 41 57 91 98 109 180 181 184 185 210 496 549
99	15
159	15 27 30 51 83 120
125	83 90 298 385
12	54 160 189 275
9	38 41 68 89 116 372 373
42	26 27 41 57 178
9	8 38 44 57 248
134	8 11 15 23 41 64 68 89 105
123	8 17 47 78
6	15 16 17 68 78
54	239 421
42 297	10 16 24 27 41 57 89 116 136 160 184
14 44	8 71 78 112 234
37	15 18 37 100 102
44	15 18 26 27 41 54 89 101 146
1	8 17 24 27 41 68 85 108 116 207
0 12 14	91 162 191 202 340
53	129
21 24 44 62	9 15 16 24 27 32 33 38 41 53 68 73 78 84 108 109 116 137 154 160 168 171 185 187 189 202 234 263 282 298 372 427 449 561
0 1 7 14 52	15 17 26 27 39 41 61 71 80 94 161
116 144	12 15 37 54 68 83 116 118 175 352
118	15 16 24 30 41 51 64 81 116
21 43 80 99	27 108
1 156	12 15 17 27 38 66
0	17 46 67 68 89 239
54	296 426
15 85	116
15	15 41 75 77 83 84 86 119 121 197 207 216
15 69	15 17 27 41 75 78 81 116 119 163 164 216
20	149
33	16 33 35 75 78 81 83 87 119 120 168 199 380
15 60 322	15 24 27 30 150
117	15 38 41 51 54 71 85 251
9	15 68 89 136
51	15 16 18 41 66 116
83	15 27 30 38 41 51 85
36	83 89 116
41 107	8 15 24 27 28 32 44 68 85 87 156 207
255	27 85 111 120 142 156 161
33 45	17 27 30 48 50 60 67 68 69 85 116 120 126 130
0 1 11	6 23 148 166 395 535 665
15 242	12 38 41 49 54 59 89
1 67	16 32 37 39 48 50 54 55 94 108 124 136 174 186 219 243 434
85 125	8 217 349
9 12 37	0 234
30	27 41 78 83
17	15 38 44 54
117	96
14 93	2 8 10 15 25 38 54 69 80 116 212
78 117	15 37 38 41 51 54 83 90 116 133 203 422
7	15 26 27 49 58 67 228
6	24 30 84 116 118 182
55 72	67 88 126 243 409
6	78 162
15 104 121	24 27 33 35 60 69 75 77 78 81 83 84 87 163 176 191 337 487
70	39 50 60 96
1	15 24 41 100 102 189 366 431
6 29	41
9 21 181	11 15 51 83 89 107 251 263
80	15 27 38 44 46 49 76 229
27 109 121	92 131
12 77	0 6 15 19 50 60 67 126 127 131 153 155 159 201 270
66	83 118 206
27 109	38 68 89 116
16	11 67 168 192 281
10 11	0 15 17 32 54 94
0 1 17	7 8 15 17 24 27 38 48 58 78 80 85 86 94 100 102 122 130 161 223 240 254 265 266 404
17	8 15 16 27 48 56 57 63 136 210 211
6	16 30 78 116 118
28 70	111 316
14	372
53 121	7 24 41 66 207 299
130	50 124 126 329
1 54	39 40 83 85 96 165 186
55	6 33 38 90 268 272 302 303 304
1 12	15 24 85 147 223 254 272
0 48	6 23 32 33 39 54 166
160	9 60 95
198	67 69 78 162 206 244 271 351
27 109	83 92 118 143 186 187 288 375 450
1	0 7 15 23 26 54 71
0 1 68	12 15 27 32 38 41 44 46 85 116
24 95	51 63 67 68 71 85 144 156
260	60 89 101 169 171 186
24	15 24 51 69 78 84 162
44	8 11 15 27
53 55	68 275
116	169 222
8	26 38 68 178
70	37 51 83 85 96 120 195 350
6	15 16 24 27 32 33 38 53 68 84 87 108 116 154 171 189 223 263 298 372 457
51	15 24 27 85 156 201
15 74	15 27 30 48 53 68 75 78 81 317
1 53 117	40 255 403
53	15 24 27 41 68 89 116 160 275
48 64 100	27 41 45 54 57 89 116
27 109	9 11 16 27 28 32 41 53 68 85 87 107 108 116 160 185 189
0 1 15	39 85 96
24 83	15 17 24 25 28 30 32 33 38 44 67 81 83 85 87 89 101
22 95 188	0 8 9 15 28 68 71 208
13 43	23 51 68 73 89 90 91 101 167 171 186 200 358 365
6 11 12 27 29 68 90 109 155	16 32 41 66 68 85 89 108 111 136 189
5 17 129 146 147	71 95 101 144 208 261 385 649
15	38 54 68 71 90 103 228 299 300 301 333 334 349
25	60 75 293
1	67 144
61	16 106 107 189
0 68 90	37 46 80 100 102 116 180
54	67 100 102 112 180 206 208
17	15 24 30 135 218
43	15 22 24 78 255
48	54 60 81 83 153 165 174
48	15 54 71 94 148 300 301
76	16 32 41 68 89 116 118 189
5	15 36 38 41 57
32	92
24	17 85 116 118
6	27 31 41 81 83 111 116 316
1	15 41 80 90 100 102 295 366 386
129	15 44 179
52	190
17	6 8 9 38 42 44 48 67 124 128 228
15 64 117	54 83 90 94 529
9 68	15 17 26 27 45 54 61 120 133 366
15	15 51 182
48	0 28 90 148 488
15	100 102 234 240 255 431 523
1	15 48 50 58 60 124 159 321
79	53 88 130 209
46	67 483
33	15 17 36 45 79 82 110 178 208
25	3 5 93
6	15 16 51 61 89 90 111 180 181
25 124	236
1 7 15 24 32 40	7 15 17 24 51 84 99 101 161
17	41 274 447
6 57 117 118	3 5 7 15 24 27 30 80
6 223	15 17 33 116 162 204
7	8 15 16 19 21 33 48 60 90 124 127 228
6	15 16 32 68 87 202 239 348 350
64	16 41 57 78 116
42	41 66 68 103 116 353 354 355
54 132	8 9 38 44 67 77 86 95 144 146 207 353 354 355 519
117	25 46 54 59 94
134	15 41 57 83 109 284
28	15 27 41 89 116
6 45	120 150 158 198 247 335 338 392 394 590
59	15 25 27 41 116
0 7	15 24 27 41 80 85 161
104 107 255	15 27 41 68 80 85 86 89 90 142
17	15 144
0 104	15 16 41 51 89 251
49	83 91
170	403
16	190
49 78	12 15 25 37 46
89	9
67	0 15 16 32 37 39 40 54 90 94 98 110 124 173 186
0 62	10 27 51 54 61 91 116 133 146 148 149 178 184 481
113	4 15 16 32 33 38 54 94 130 148 201 247 299 300 301
14 17 44 68	17 23 26 27 29 41 45 59 67 71 85 89 94 101 112 203 295
6	67 191
123	67 172
1 43 80 148	411 454
40	15 25 45 46 59 103 161
0	15 38 41 71
77	67 87 90 358
12 33 40 46 165	7 12 15 32 33 46 90 148 156 175
89	15 73 243
6	24 32 52 61 71 118 202 204 249
1	13 37 85 100 102 366
80	17 76
95	15 17 28 71 101 152 208 307 339 348 350 528
78	15 16 27 41 54 61 83 118 364
32	3 5 54
60	24 75 118 187 188
54 245	124
53 54 70 85	15 27 39 40 41 78 85 86 116 122 153
0	403
6	15 24 75 108
15	15 27 41 64 88 116 118 197 207
54	15 41 61 90 118 133
0 1 3 7 12 55 57	3 4 5 15 43 49 88 89 101 161 376
1	15 23 24 29 80 83 85 87 100 102
46 55 207	0 2 3 5 6 15 16 32 33 37 38 46 49 54 67 80 88
117 154	422
116	92
24	84 147 164
66	67 180 181 213 214
60	15 24 27 41 51 75 85 188
228	16 32 33 78 180 181 311
7 54	15 25 42 45 46 67 140
8	10 45 68 89 151
6	107 296 448
221	23 39 42 58 101 166 300 301 422
52 117	48 49 83 85 90 96 153 165 206
48 50	18 27 57 91 184 185 187 226 227
160	15 25 44 67
0 1 17	15 17 23 24 37 38 50 80 96 100 102 127 150 161 166 212 240 404
9	23 38 66 68 79 82 347
6	15 16 23 27 72 187 189
11	3 5 15 66 80 127 153 294
6	9 16 49 219
36	54 91 108 109 185 300 301 450
6	84 137 185
24 41	27 30 51 83 116 118 280 414
11	6 15 37 46 100 102 118 155
15 179	30 41 51 116 248
21	15 16 27 32 41 45 57 116 136
107	8 15 16 17 41 103 116 212
16	15 17 24 27 28 30 32 38 69 76 78 81 84 87 101 120 182 204
124	4 13 15 16 27 38 54 55 76 97 136 178 316 387 482 511
36 200	83 108 185
52	96
0 87	0 33 39 54 68 90 94 148 298
22	0 16 17 30 38 71 76 87 154 203
17	8 15 25 27 30 31 32 51 94 116 135 218
1 15 21 24 37 78 159	15 18 37 85 90 100 102 118 295 366
6	42 73 78 84 120 169 171 307
9	15 38 44 68 110 155 248 261 292 386 555
8 68 249	15 16 71 101 180 181 239
6	17 30 67 71 111 118 180 181 202 348
6 14 110	8 24 158 221 228
27	89 101 263
1	15 17 23 37 38 46 80 100 102 148 161 166 404
53 54	40 48 312
181	243
53	40 48 73 96 190
36	15 17 24 69 80 87 162 191
54	48 85 96 153 362
68	12 15 16 25 27 38 45 76 89 101 156 161
36	7 15 17 25 27 32 41 61 71 80 94 161
55	23 27 33 45 46 55 90 100 102
6	111
6	15 27 89 116 118
177	15 27 28 116 118
6	45 89 101 120
0 21 78	15 32 54 89 94 116 275
18 61	52 83 118 189 223
0 5 11 12 17	2 6 12 38 43 46 50 71 152 230 231
15	27 41 69 85 111
0 6 7 40 76	15 41 71 85 89 101
15	15 16 30 41 51 78 81 83 116 117
0	32 75 298
0 48 55 79	0 15 32 40 46 54 60 153 186
17	15 16 18 41 71 76 89 101 116
67	16 143 169 186 358
1 22 37 154	95 422
44	11 15 16 17 27 41 78 80 89 101 112 116 118 120 143 186 295
1	10 15 37 51 100 102 292 433
11 56 80	16 27 51 89 116
50	175
48 84	15 25 33 37 46 118
1	15 16 24 27 51 85 160 347 371 397
0	532 533
127	8 17 78 88 111 120 150 180 181 191
6 48	46 50 60 88 125 130
33	10 57 91 106 109 227 251 258
2	306
7	12 17 25 38 44 46 67 71 89 100 101 102
125	17 38 39 40 41 54 67 83 89 101 144 153 165
44	15 67 94
43	8 178 195 394
1 43	15 18 23 27 37 38 85 90 183 295
1 12 15 83	15 41 45 85 251
50	10 27 41 54 61 76 304 387
66	307 484
20 68	28 48 75 124 125 343
117	23 54 81 96 105 143 153 186
68	15 17 24 27 41 79 81 82 84 85 116
5 41	15 44 68 71 212
7	15 17 27 71 89 101 112 120 180 181
17 64 70	27 41 68 89 116
53 54	15 27 41 48 126 139 159
241	15 38 44 46 67 135 251
123 171	14 15 27 41 116
13 67	8 15 16 17 24 27 28 32 33 38 41 54 80 85 94 101 116 204
6 54	16 41 67 90 118
32	60 409
15 24 41 82 107	8 13 15 24 27 28 30 32 38 51 69 78 83 84 85 87 116 119 120 135 156 197 198 207 218 233
1 37 80	15 100 102 133
1	26 27
1 15 37 108	15 17 24 39 40 42 48 50 58 60 77 78 85 119 122 153 176 272
25	0 2 8 15 24 33 54 61 71 76 80 94
6 15 43 80 121	24 28 76 116 135 218
15 60	41 75 81 85
43 80	27 100 102 113 115 133
32 105	9 15 38 64 88
12 19 45 68	23 58 59 68 69 87 103 138 246 350 363 371 397 398 451
17 48	16 25 91
1 32	15 17 27 54 80 161
1 7 83	15 54 80
15	41 81 85
9	15 16 24 30 69 87 101 138 180 181
0 1 15 24 41 99	24 41 75 78 81 85 119 216
55	6 15 24 32 33 83 87 94
54	2 27 42 57 66 86 138 239 250
236	6 7 15 25 33 46 54 80 90 212
9 68	15 16 33 45 68 89 90 372 373
144	28 37 54 68 91 123 167 172 174 275 283 332 358 474 475 641 720
247	17 38 69 71 85 180 181 250 275 637
1 37	15 18 41 147 164 201 270
7	15 17 37 38 41 54 55 59 94 100 102 300 301
43	23 27 78 114 133
14	16 67 69 91 118 180 181 186 202 277 384
6 57	27 51
25	11 15 33
59	93 129 300 301
0 7	38 44 55 67 71 76 208
7 17	15 17 25 26 38 45 59 89 101 103 142 161
6	16 32 41 68 284
7	9 15 17 27 38 46 177
0	15 17 37 38 41 46 54 59 61 89 90 101
0 1 6 9 15 16 21 25 44 50 53 103 106 123 127 134	9 15 16 17 24 28 30 32 38 44 54 57 61 66 71 76 78 80 81 84 85 87 94 95 100 102 124 127 135 207 316 380
59	76 88 463 464
341	8 9 10 12 16 27 61 68 89 149 362
6	8 9 38 49 53 107 189 219
12	15 26 38 71
6	6 33 48 54 78 80 81 85 90 308 317 481
125	15 16 38 60 94
6	28 60 75 78 124 125 250
117	130 192 281
286	301 382
148	15 16 24 27 28 41 64 85 88 116
1 62 83	15 16 27 66 68 160 185 189 239
1	0 15 17 18 24 80 86 118 256 278 279
9 40	2 12 15 38 44 46 49 80 101 103 177
29	15 16 24 30 38 67 68 71 156
15	7 15 28 30 54
13	92 95 296
6 106	16 27 28 32 41 45 57 68 75 98 109 138 149 160 186 187 227
12	15 16 38 68 80 103 212 347
61	15 64 111 116 223
43	40 51 90 280
4	8 10 12 15
21 44	11 26 37 41 315
3 6 17 53	15 39 40 42 54 60 83 94 124 130 165
1	48 85 100 102 169
29 61	38
43 77	0 33 90 173 383 484
14 25	15 16 38 41 44 68 71 85
54	16 40 54 83
18 43	206
32	0 15 16 32 54 68 262 353 354 355
25	2 13 15 32 69 70 180 181
12 17	116 135 637
12 51	15 66 71 103
272	15 16 32 90 116 180 181 202
12 15 45 108 333	7 15 27 78 81 116 223 317
99	15 41 80 85 90 100 102 116 118
54	304
37	15 16
103	16 109 116 283 437 549
6	150 197 207
40	27 41 67 83 89 93 100 102 118 135 142 156 287
1	16 90 100 102 111
19 42 68	18 57 80 103 106 109 116 159 160 210 211 227 239 250 262 291 310
17	0 6 54 61 93 94 148 172 424
110	1 8 21 78 120 127 221 264
1 43	12 15 85 86 100 102 203
123	24 278 279
1	23 27 80 85 100 102 133 161 178 295 386
0 6	78 84 116 156
9	38 103 219
112	15 16 27 41 57 68 116 149 160 372
7 54	15 16 67 88 89 324
27 109	11 112 438
11 155	15 23 29 37 80 102
53	27 39 40 60 83 165 190
99	27 38 41 66 248
43	15 37 71 74 93 100 102 205
0	0 2 3 5 6 8 15 16 25 32 38 44 54 71 88 94 101 103 124 230 255
20	0 16 32 68 136
111	16 88 91 179 324
22 37	77 207 329 330
15	8 95 119 216
6 15	108
14	15 66 89 110 239 263 347
6 118	15 41 64 83 84 108 109 116 137 149 160 184 185
1	12 38 41 44 46 71 89 100 101 102 112 116
57	27 40 48 50 58 60 122 124 153 159
216	15 45 46 89 101 208
9	424
43	27 38 76 100 102 116 142
192	16 32 57 91 98 109 160 175 180 181 239 250 398 549
46	17 78 120
9	41 77 100 102 160 180 291 483
1	7 69 85 86 87 96 100 102 150 183 197 198 207 240
66	15 75 79 82 85 117 120
1 37	51 85 95
240	8 95
1 83	12 15 38 46 66 68 110 144 148 248 377
66	23 67 89 101 179
1 14 44 48 85 129	8 15 16 57 71 73 75 83 118 124 137 165 203 226
54	147
43 80	15 17 23 27 67 76 120 133
68	12 15 27 45 118 211
75	15 16 25 67 74 76 276 506 583
1	6 15 23 24 27 29 32 38 54 80 85 116
23	48 60 73
53	48 60 124 169 192 206
1	12 15 37 41 96 100 102 144
54 132	8 15 48 67
27 109	11 95 362
29	26 66 68 103 189 347 350 459 528
41	83
1	48 180
70	16 24 41 75 83 116 118
1	6 15 27 28 42 78 80 84 88 150 153 197 207
253	12 66 135 291 414
268	83 94 165 300 301
342	23 39 42 86 148 166
25	15 16 25 32 67 89 101 103 173 186
74	7 8 12 15 25 38 45 54 59 67 94 103 148
6 78	15 16 27 38 41 71 83 85 89 90 111 116 118 295
6 7	8 68 78 116 156
0 19 20	7 98 126 150 530
15	15 24 28 30 81 84 207
1 5 44	12 15 26 27 30 38 51 71 80 85 295
1 9	79 82 251 424
67	54 83 111 118 203 277 285
1 20	41 75 85 90 118 120
0	75
54 76	40 48 83 153 165
15 17	7 12 41 43 44 66 99 248
45	15 16 27 30 33 41 46 54 89 90 116 118 210 221 298 385
8	15 16 25 38 89 101
7	96 206
37	15 17 24 27 51 80 85 100 102
1	15 23 25 205
9 29 94 123 181	60 73 75 77 78 81 343
37	22 83 120 165 421
17	15 41 81
17	18 27 83 91 108 109 118 120 137 149 156 160 227 258 327
1	27
37	49 100 102 495 538
14 51 66	15 66 67
25	252
55	300 301
48	18 27 30 41 51 85 114 116 142 161
124	12 33 60 73 106 171 272 311
68 85 90	16 32 68 83 106 108 151 160
11 155	0 2 5 7 15 34 74 80 153 161 248 268 294
0 1 11 155	2 7 15 25 27 32 33 37 54 68 81 85 94 275 317
37	16 90 116 492
45	16 144 180 181 202 239 272 347 374 375 508
31	15 17 32 33 64 68 114 116 272
6 30 104	2 33 78 284
84 117 132	39 48 54 59 60 83 91 94 96 153 165
51	12 15 41 51 67 71 85 89
54	15 41 42 45 54 56 67 94 100 102
34	15 16 27 37 45 49 54 67 85 100 102 116
15 24 104	30 51 75 83 117 118 119 120 143 173 206 216 251 280
11 54 96 135 155	15 251 252
27 109	10 15 16 27 32 41 68 87 116 147 160 185
15	30 41 79 82 85 114
0 14 44	15 16 41 46 67 71 112 259 277
130	15 16 41 64 108 116
93	15 26 44 49 80 248
6 343	15 16 24 27 32 41 71 78 84 85 87 156
41 82 92 195	16 32 69 71 75 77 78 84 87 119 156 204 307 557
35	16 27 63 91 106 109 136 137 149 160 185 223 227 322 332 394 427
80	27 89 116
6	75 92 108 111 280 343
66	15 25 37 49 60 67 78 89 100 102 124 156
33	16 78 118 127 333 334
0 48	16 17 27 41 61 143 148
6	118 119 216
4 5 7 17 55	0 15 16 24 26 28 32 33 37 46 80 83 87 108 161 357
29	10 15 16 27 32 41 64 116 249
16	0 16 33 67 78 89 101 365
6 68	8 41 53 100 101 102 219
55	0 1 6 15 16 32 33 37 46 54 94 143 155 186 208 298 349 383
1	54 93 144 206
54	48 60 75 77 78 83 87 116 176 308 380 426
6 105	100 102 206
134	16 91 106 109 110 118 136 185 237
230	1 15 33 94 186 246 300 301 349 497
36	9 91 185 187
0 7	38 41 43 44 248
19 195	15 27 41 57 80 87 88 139 160 207 499
6	41 119 216
41 107	204 288 350 448
9	5 10 51
127	34
51 57	16 32 39 57 66 71 78 189 202 239 242 284 320
9	10 51
0	32 46 255 301 382 403
49	37 306
24 41	204 348 386 516
43	69 194
105	8 53 107 119 219 233
19 21 44	211
1	15 27 37 41 89 90 100 101 102 116 161
43	16 17 24 67 73 75 78 108 111 120 124 131 169 171 187 191 193 194 195 206 250 277 282 305 311
0 1	7 54 157 230 234 665
68	15 46 127 153 362
38	15 41 116 118 275
0 7	0 15 16 37 44 67 89 116
106	136
42	15 16 41 48 56 57 58 66 159 428
1	51 100 102 180 181 496
19 24	8 15 16 24 27 32 38 44 85
105	15 17
43	15 67 100 102
34	21 48 206 221 222 484
7	15 16 41 71 89
20	32 39 40 51 85 86 142 148 153
9	15 27 41 71 116 160 161 386
228	506
13	16 18 24 27 32 45 54 94 108 149 223 251 414
170	95
123	15 83 87 204
22 43	15 24 87 204 316 357
5 6 20	15 16 38 68 71 87 116 144
7 85	15 60 67
1	15 27 66 68 80 189
0	311 403
185	38 130 270
1 44	15 17 18 23 26 29 61 71 116 133 183 186 203 385
0	7 15 30 37 51
3	18 23 29 85 100 102 295
1	0 15 24 100 102 256 265 366
130	37 48 60 311
0 7	7 12 15 37 44 46 71
6	8 28 85 116 135 156 207
6	17 24 27 41 68 78 118 147
11 24 44	111
9	15 38 41 46 89 118 189
127	180 346
0 1 55	0 6 23 54 80 100 102 144 161 166 248
105	15 16 51 150 198
154	59 61 83
14	91 136 137 210 314 385
1	15 23 24 27 37 51 80 100 102 161
6	28 67 94 100 102 173
53	8 48 50 60 83 125 127 153 165 264 485
28 42 85	15 16 27 28 57 91 109 135 136 184 185 186 187 210 227 258 316 348 450
17	80 83 90 116 118 143 186
20	16 27 44 66 91 98 202 283 427
25	16 107 637
15 38	84
36	16 28 33 73 83 87 173 204
115	151 155 180 181 384 492
1	12 15 17 23 38 66 80 100 102 256
25	2 44 49 67 78 89 94 103 133
0	92 270
0 1 37	15 16 24 30 77 85 161 183
0 14	12 15 25 32 37 38 68 89 161
15 120	33 60 169
130	16 18 27 32 83 90 91 109 110 137
17 28	14 15 27 30 31 51 75
70	60 75 77 83
1	15 37 100 102 118 189
1 99	23 41 78 80 295
58	0 2 6 98 191 299
79	41 61 116 156 178 300 301
7	2 25 49 67 74
77	40 60 73 190
21	16 41 51
3	15 44 50 71 228
113	130 159
241	12 15 25 38 44 45 54 61 67 80 103 148 161 298
57	0 6 51 99
177	7 8 24 27 28 116 133 135 203 218
15 53	75 108 280 284
48	37 39 41 54 61 78 91 94 110 112 285 434
7	7 15 17 27 38 41 44 45 46 71 89 101
1 15 182	16 83 90 111 118
83	15
6	15 24 118
1 37 55	7 15 17 23 37 46 80 85 100 102 161 265 386
5 82	15 68 87
229	16 26 45 347
77	199 383
16	2 9 16 28 32 33 38 44 67 80 101 103 192 281 297 365
6	38 217 219 416
22 63	6 17 38 76 81 88 208 250
285	16 17 32 151 154 169 223
6 23 61	75 78 120 187 207
6	51 54 89 133 251 275
6 74	53 78 84 107 119 164 216
0 7 14 55	15 16 27 37 41 94 161
0	27 38 44 49 67 74 89 101
42 44	16 41 51 57 78 251
6 15 130	15 16 41 64 75 83 108 118
1 7	0 2 3 4 5 6 15 80 177 268
1	11 27 38 41 54 80 83 90 116 118 203
11 49	16 51 89 275
53	95 107
1 27 30 42 44 109	91 118
28	15 30 41 51 75 81 111 316
72	27 67 97 387
6	8 16 60 78 100 102 183 264
41 92	11 67 228
0 7	15 24 28 30 81 85
50 64	15 16 41 83 85 89 118 251
1 165	4 12 15 23 38 66 100 102 161 166
24 60 82 92 146	16 68 81 87 116 142 269 271
52	15 40 85 96 153 206
59	15 16 41 67 89 90 111 118 124 180
1	6 15 27 37 39 40 42 48 50 54 58 60 94 122 129 130 153 159
13 21	8 9 10 15 16 18 25 27 28 41 45 64 71 116 135 218
12 19 87 195	18 41 63 66
17	15 38 51 68 85
237	8 9 44
1 99	15 23 27 80 100 102 113 115 142 386
11 15	15 24 41 46 68 71 85 112 116 150 207
250	12 15 25 27 38 41 44 45 46 89 156 161 252
124	27 97 257
94	15 27 56 57 85
46 125	10 16 32 67 89
6	15 16 78 111 187 282
26	8 51
0	17 23 45 54 71 78 89 113 115 120 142 211
113	209 448
4	8 9 25 36 38 41 45
40 241	7 15 45 85 248
12	79 82
43	39 51 83 85 93 120 165 175
33	90
36 68	99
56	51 83 85 87 96
255	27 116 118 146
255	75 78 85 116 117 120
46 51	8 9 12 15 38 46 103
32	15 39 88 132 175 207 376
16	16 33 73 85 89 171 365
105	92
58	6 7 119 147 155 176 404 479
160	151
239	9 12 18 118 149 427
43 76 78 88 99	16 18 33 37 41 54 61 71 80 83 90 116 118 143 178 184 203
0 15 17 49	15 28 37 39 48 60 67 75 124 125
0 1 21	15 16 27 45 54 86 89
12	3 5 38 46 100 102 103
3	8 12 15 27 41 49 59 71 112 208 228 259 396
51	0 1 5 17 32 38 39 54 71 94 161
36	15 27 85 86 87
15	15 27 79 80 82 116 117 118
240	15 16 57 71 87 108 212
15 24 43	27 84 97 185 372
68	15 38 49 76
129 170	12 15 16 23 26 27 29 38 41 46 71 80 88 89 116 295
68 90	15 27 41 48 49 54 159 362 390
14	50 60 206
5 14	8 15 17 28 30
65	0 15 25 26 46 66 68 76 103 234
7	8 21 39 48 60 75 78 127 140 158 264
48	8 25 54 59 61 90 103 148 149 300 301 333 334 435 476
70	83 118
0	7 45 49 79 82
68	27 68 108
16	73 85 168 171 192 281
154	15 27 41 85 86 156 248 250
17 79	12 41 54 55 347
6 15	75 118
48	16 27 39 41 75 78 89 91 116
12	8 15 17 24 30 76
15 24 37	15 77 85 86 108 254 266 272 655
232	15 25 64 147 223
1 37	48 85 100 102 169
19 22 58 199	13 32 74 78 90 208 239 380 541
0	37 39 50 54 59 60 78 81 83 96 124 165 199
50	296
28	316 424
89	0 1 2 3 5 6 15 28 32 61 71 94 101 153 156 161
1	15 18 37 85 90 100 102 118
106	116 309
128	0 15 17 100 102
12	8 16 17 24 65 87 150 207 210 272 307
54 117	15 16 23 32 41 42 54 59 61 72
125	46 127
15 24 99	15 27 51 116
80	23 27 218
11	15 18 24 27 41 83 85 108 116 118
54	15 27 38 41 50 67 71 89 90 112
0 71	403
42	15 17 18 54 90 91 109 110 184 185 258
11 55 56	0 6 15 16 28 32 33 37 54 90 94
21	83 91
1	10 100 102 180 181
216	15 68 89
14	8 21 41 71 158 221 264
48 133	23 451
54	15 16 30 32 41 51 64 85 116 156
59 66	8 15 38 44 67
25	48 131 439
112	11 67
6 17 104	16 32 33 39 40 41 54 69 71 78 83 89 101 111 112 116 118 119 120 159 180 181 191 233 438
12 82	371 397
85 331	16 23 24 27 68 116 160
15 24	41 75 77 78 81 85 116
0 7	8 12 15 44 45 46 71 76 203
36	98 129 147 173 186 204
93 108	38
6 116	75 108 111 116
6	15 16 32 68 87 101 116 136 251 350
15	51 81 84 197
54	10 37 46 51 54 83 133 422
7	17 27 41 67 71 78 120 180 181
1	15 17 78 380
66	28 143
9	12 135 160
66	67
0 7 15	14 15 30 31
21	15 46 89
17 34	15 16 17 27 41 45 49 59 89 101 120 202
7 53	60 75 88 96 127 206 243
1	0 12 15 38 41 54 80 100 102 129 295 366
10	15 24 27 32 38 71 85
1	23 76 80 120 142 295 366
15	30 81 85 119 120 121 150 182
95 117	15 16 27 44 89 90 111 118
14 44	71 100 102 112 158
28	15 51 71 89 251 275 316
48 193	8
11 66 155	88 95
1	6 13 15 23 37 46 54 100 102 122 155 161 272 287 295 366 493
185	8 9
24	24 27 85
36	15 16 27 32 51 68 189 275
27 109	11 16 24 27 57 75 83 87 91 107 135 185 316 343
42 108 121 195	41 51
77	206
124	0 2 4 15 27 39 54 97 161 258 303 304 511
150	41 49 56 59 66 126 138 159 367 368
82	15 24 28 30 64 85 87
41	15 24 64 85 118 218 353 354 355
117	16 37 39 54 59 89 101 203
9	15 27 100 102 178 189
20 133	23 451 581
6	8 15 16 38 49 219
18	27 109
43 201	15 16 24 27 41 51 64 108 116 251
0	83 143 165 173
1 55	15 74 80 85
34 43	23 27 29 32 37 54 89
14	15 48 50 58 144
0	15 25 68 80 94
1 14 44	8 15 26 27 32 41 49 71 80 94 203 264
1 15 41 82	15 24 27 28 32 44 85 87 197 207
7	7 8 38 46 99
7	0 7 37 44 46 51
6	15 219
54	0 2 4 10 16 25 32 33 39 40 54 80 83 94 98 101 153 165 298 299 300 301
41 82 107	15 30 32 68 71 77 78 84 87 119 156 307 557
44	16 60 71 93 120 129 162 221 305
59 66	27 61 67 78 113 115 120
6	16 52 189
15 195	15 17 30 69 71 77 78 84 87 307 557
6	33 35 60 83 87 164 270
149	15 16 63 98 136 137 149 185 223 226 227 285 327 332 503 549
43	69 78 83 84 85 191 277 280
25	4 15 24 30 32 33 54 73 80 101 153 169 212 511
1	13 23 37 100 102
15	15 27 41 67 118 135 248
117	0 15 17 54 57 80 86
24	75 78 84 119 121 163 187 198 216
26	147
11 36 50 88	7 15 16 54 61 67 83 90 91 116 118 143 184 203
1 12 15	12 15 45 46 85 177
6 24	78 111 206 244
7 11	15 16 27 37 67 78 83 111 116 118 119 120 216
6 32	38 68 89
15 24 104	69 83 108 119 164 216
1 12 22 83	12 15 16 18 23 29 38 44 66 80 85 86 100 102 103 138 142 161 183 212 240 256 272 295 366 386
6	15 16 27 32 41 68 69 78 87 116 136
12 17	2 4 26 46 81 127 263 317
154	60 93
1	71
41 82	350 448
63	38 45 49 67 89 101 203 208 229 396
3	25 67 83
43	3 5 15 16 27 32 41 51 64 68 89 116 251
44	8 16 37 41 136 252 253 315
0	15 28 37 116
53 54	243
31	16 68 116 185
12	27 51 83 84 85 100 102
89	46 48
80	16 51 71 89 112 191
127	0 17
177	23 180
0	2 6 7 8 15 17 38 48 66 71 80 100 102 144 177 247 272 338
0	15 37 38 46 89 90 101 161
263	8 19 53 73 75 130 131 171
44	12 15 33 37 85 120 191 259 315
1	8 71 89 101 120 142 228
2	33 100 102
53	68 83 108 135 223
43	120 169 205
7 15 54	15 48 96
37 80	22 78 337 374 375
43	16 39 54 68 73 83 171
25	16 25 38 60 67 78 81 380
0	15 16 51 61 91 116 153
36	16 101 108 137 180 181 185 204
1 7 14 15 21 37 43 44 45 49 53	12 15 26 27 37 41 46 88 89 100 101 102 287
31	24 51 87 147 161 185 189
59	721
45 95 344	139 144 220 307 309 310 557
0	15 27
0	4 7 33 39 46 54 73
19 22	125 129 130 309 592
67	15 37 38 41 54 61 83 89 100 102 133
56 99	15 16 25 112
110	8 21 49 50 60 127 264
68 83	15 26 38 41 54 89 101 148 149 178
0 19	27 109 146 149 160 197 223 245 437
15	11 15 16 41 54 57 61 83 116 227
1 6	23 27 80 89 90 101 108 180 181
6 41	8 78 84 87 119 121 386 493
5 95	8 15 24 27 30 38 68 71 81 84 116 156 208
6	60 75 87 92 108 343
0 7	37 38 46 49 67 71 89 101
1 21 44 121	10 41 45 136 178
146	15 37 46
15 41 95 107	16 24 27 30 38 68 75 84 87 116 119 228
23	32 33 54 90
99	15 16 18 23 26 27 41 45 57 110 135
1	15 96 189 366
19 20 142	136 402 443 504 527 528
6	15 30 51 84 108 116 164 182
6 29 169 345	0 15 16 57 64 116 151 211 223 251
50	446
9	11 107 189 261 271 351 472 531
59	51 463
48	15 32 54 90 94 116 246 349 471 488
15 46 194	16 40 48 50 150 156 197 206 207 244
1 15 40	15 35 78 83 87 162
154	16 24 116 422
74	78 83 383
6 104	75 81 83 85 119 147 184 216 316
55 246	4 101 481 536
228	13 140 506
202	16 101 154 200 326 340 384
9 51 57	231
278	6 15 44 101 144 155 247 338
37 99	15 41 45 57 83 90 118
53	6 51 60 143 173 190
0 6	16 32
124	1 27 32 37 67 97 172
255	15 83 90 118 295 366
62	0 6 9 24 28 32 67 87 90 185 187 352
6 48	16 17 27 32 59 89 94 148 162 202 366
48 59	189
57	16 24 27 32 41 57 66 68 85 116
0	23 27 54 76 78 85 113 115 120 133 142 161 180 181 386
54 72 117	1 15 27 39 40 42 48 50 54 58 80 83 153 165
13	15 83 92
6 104	8 15 16 17 80 114 219
1	9 12 16 18 24 26 27 41 66 68 71 101 138
286	124 180 181
1	48 92 95
1 44 57	8 127 221 264
1	262 722
21	99
15 66	10 15 27 46 99 116 177
1 15 24 48	6 27 41 51 85 95 155
111	124
70 118	62 75 90 111 118 147 343 481
6	73 75 78 83 93 118 129 169 193 206
123	15 27 100 102 116 135 218
57	0 180 181
43	23 85 94 100 102 114 133 142 161 218 494
49 70	15 17 24 30 37 61 100 102 161
25	32 33 78 341 374 375 448 501
37	206
5	4 6 9 28 36 38 44 52 61 208 250 258 529 723
53	39 83 96 153 165
53	8 21 127 158 264
17	8 41 49 57 100 102 134 203 211 264
77	25 46 48 60 75 77 90 362 429
1	15 17 23 25 27 71 74 80 295 366
0 71	175 301 382
53 67	15 27 39 51 85 116
74 105	48
54	41 85 108 116 118
132	15 16 27 37 44 46 59 61 90 118
15	30 51 83
113	8 73 225 243
52	85 125 127 153
6	7 15 17 27 30 31 33 71 77 78 80 81 85 114 176 207 245 316 404
54	8 17 27 32 41 48 60 83 124 165
131	6 9 127 132 318
15 41 107	8 15 24 27 30 32 44 51 69 78 84 85 87 116 150 156 197 198 207
64 68 80 104	67 100 102 118 161
105	73 143 173 206
48	39 41 54 153 161
1 24	18 23 29 41 295 366
43 63	28 37 116 135 218
25	11 66 86 347 374
24	41 75 108 116 160 284
93	36
17 28	30 41 51 316 724
17	92 127 362
1	2 6 15 17 23 29 38 41 44 67 80 100 102
15 24	41 75 78 119 216 247 338 387
103	15 41 75 116 207
99	16 17 18 30 41 51 77 83 116 118 119 233
0 1	15 23 24 27 28 29 32 33 37 85 90 100 102 273 366
67	15 27 41 116 422
9	15 16 67 68 180 181 202 275
0 16 53 77 112 124 188	48 50 60 73 75 77 124 126 159 171 194 522
346	9 10 12 18 27 45 61 68 149
6 15 20 104	6 15 27 30 31 33 50 60 75 77 78 81 124 130 176 194 207 316 520 521 522
106	270
93	2 6 12 15 38 46 66 80 88 103
1 68 90	12 80 100 102 147 487
7 17	7 15 25 44 46 71
12	0 15 28 33 80 161
6	8 16 41 107 372
0 78	0 15 17 26 27 37 41 46 54 80 94 116 148 161
32	8 15 24 38 100 102
95	24 87 118
3 14 46 130	15 16 38 41 67 71 89
19 42 55 83	16 18 41 48 57 66 80 138 210 239
44	288
207	9 25 74 103
14	15 23 27 41 45 71 161 248 255
17	27 38 41 71 85
9	45 68 89 248 261
20 36 42	15 57 109 136 227 332 371 397 398 443 503
101 175	15 27 41 57 108 250
150	15 27 41 57 116 160 362
15 54	15 41 48 49 50 54 56 57 60 61 180 181 426
6	16 17 32 52 69 78 87 101 108 111 202 350
255	15 24 28 30 51 81 85 251
105	15
48 114	24 83 94 111 119 120 216 316
0	15 16 28 32 33 54 87 90 94
1	74 76 80 93 113 115 161 183 295
23	48 124 140 192 281
45 50 78	10 16 36 71 83 94 108 133
25	2 3 5 9 23 25 49 67 203 505 506
6 54	18 27 41 91 108 109 148 149 160 178 210 211 227 283 327
32 42 43	15 24 27 84 116 207
9 29 123	309
9	294
34	41 45 211 387
68	69 340
89	73 107 124 126 130 171 243 305 335
6	92 280
12	15 16 17 46 67 76 135
40	15 41 43 45 248
54	0 32 80 90 95 96 98 143 153 172 173 186
51 80	11 15 27 38 41 67 71 85 107
9	0
4 14 21 51	15 16 24 32 41 180 181 227
53	8 48 51 60 85 94 130 264 307
31	15 16 30 41 51 89 116 447
128	206
0	37 48 60 83 96 118 143 165
14	15 27 40 41 54 160
7	15 25 74
42	15 41 81 90 110 116 137 429 437
36	109 285
154	16 23 32 39 48 60 61 83 96 105 180 211
18	15 16 38 89 248
27 109 114	26 91 111 148 163 280 316 358
6 80 127	83 206
1	5 10 17 67 100 102 113 115
43 104	27 30 41 51 78 83 116 119 164 216 251
99	106 109 227
9 123	19 60 130
44	11 15 18 26 27 41 51 54 89 146 251
134	11 16 30 51
48 50 74 177	18 27 41 78 83 91 94 180 181 184 187 283
1	41 45 100 102 295
150	15 18 27 32 41 51 57 64 85 108 210 251
44	14 15 16 18 23 27 29 33 41 75 78 80 85 100 102 116 118 160 207 386 387
22 37	84 132 198 207 493
21	144 270
0	15 16 45 46 59 68 89 116 161
150	26 66 103 109 210 226
0 17 170	15 41 46 66 177
63 80	36 41 44 228
14	27 32 39 40 48 54 57 60 94 160 263
76	54 124 173
6	15 16 51 89
44	12 15 25 27 41 45 46 51 89 251
83	15 30 38 44 89
0 7 11 59	25 38 44 67 71 76 208
13 19 67 135 246	9 10 15 16 24 27 32 38 39 54 68 85 91 94 116 136 180 181 202 211
110	127 150 158 197
113	8 19 50 60 130 410 448 488
88	0 78
1	325
0 6	0 6 15 67 73 75 77 78 81 87 90 102 130 133 176 200 275 318
31	32 68 71 78 154
96	2 6 8 16 17 32 67 89 113 115 155
28 70	15 27 41 118
21	11 15 27 41 89 108
104	30 51 80 90 119 233 239
67	16 32 89 422
1 5 8 9 33 212	6 15 41 45 71 76 151 189
67	7 15 16 37 51 54 61 83 85 89
7	40 83 88 96 165 206
122	16 18 23 63 98 101 109 136 371 397 451 527 530
68	18 27 41 109 110 185 227 283
99	27 30 41 45 111 116 118 147
52 53	15 364
5	0 16 27 32 54 100 102 109 116 186 246 299
15 24	16 24 27 80 85 90 111 118
1 62 95	15 23 26 29 38 228
22 37 43	255 374
24	15 17 24 32 71 150 202 207
77	18 27 54 57 149 160 185 210 227 256 565
31	24 28 38 66 68 87 185 251
53	122 206 321
3	69 71 111 187 275 282
55	15 32 41 54 71 85 90 161
0	32 33 90
0 15 24 58	32 33 90 231 239 298
1 6 15	15 85 88 206 243 244 254
6	16 17 32 91 101 162 191 193 202 340
59	400
6	0 16 39 40 60 68 73 75 90 91 94 108 130 162 171 174 185 190 191 193 202 343 725
6	15 16 53 83 118
25	15 28 32 73 90 423
25	172
68 123	8 15 189 217 505
15 17 24 28 48	15 24 30 31 45 75 79 82 229 316
112	8 130 228 362 444
44	11 15 16 41 68 108 118
1	50 71
6 15 24 163	15 16 64 118
1	18 39 75 78 85 100 102 366
1	189 272 386
6 68	8 15 16 23 38 219
15	48 124 130 194 428
125	33 362
8 9 18 19 95 181	67 108 271 309
8 9	127 151
6 347	15 16 30 68 120
91	15 180 181 187 251 282 462 487 496
55 58	0 6 15 32 33 39 54 61 90 155
6	15 78 83 85 92 111 118 187 191 226
36	10 15 16 27 32 54 91 97 108 185 203
15	8 15 24 27 68 78 84 85 89 116 156 207
89	95 99
9	147 189 203 372 373
0	7 46 51 54 89 99 161
95	9 12 16 68 89 178
123	95
35	111 204 337
6	9 16 52 53 107 219
73	9 46
6 31 54 117 221	16 41 42 80
66	18 327
3 5 50 83 199	13 41 71 89
15	8 15 51 83
0 15 24	15 16 17 24 32 33 38 68 69 71 84 87 108 116 162 191 202
41	16 27 68 112 184 263
4	8 15 26 45 49 103 144 264
70	83 116 118
11 155	15 16 25 41 71 116
7	15 41 79 82 119 121 316
0	15 24 27 32 33 61 64 85 90
103	16 27 32 68 87 116 137 189
0 71	3 5 16 46 68
25	48 124
15	28
17	15 17 27 41 48 50 58 126 156 159 160 176 321 483
1	180 181
15	27 30 41 51
0 7 76	37 39 48 83 85 96 143 165
6 66	85
5 64	16 23 27 56 72 78 136 210 211 314 437
15 41	15 17 41 75 78 83 87 117 119 121 216
242	148 321 362
1	67
15	12 27 38 41 43 44 46 116
54	39 50 60 83 85 96 153 165
15 24 41 60 82 92 107 195	15 17 24 41 69 75 77 78 81 84 87 197 198 207
24 37	27 30 51 85
15 99	75 81 85
24	75 77 78 116 119 147 191 206 216 337
0 41 130 157	15 24 27 30 69 76 85 114 116 120 162 191
16	48 124 190
1 99 206	15 18 23 80 137 255 295
0	15 17 46 142 148 299
6	14 15 17 24 27 28 30 31 33 71 78 81 85 87 94 120 135 150 158 197 316 317 325
1 24 43 44	38 67 78 120 179 187 191
103	16 17 32 68 87 89 189
154	25 37 38 45 46 54 59
80	113 115
48 55	15 37 54 76 83 90 116 161
28 54 57 132	37 48 50 124 125 127 131 132
0 17	17 24 67 84 135 150 197 207
67	50 60 83 94 153 165
88	60 89 101 108 350
116	1 28 38 73 85 94 203 374 375 524
6 30	95
3	15 28 38 46 54 76
78	37 89 100 101 102 178
8	135 155 160 210
6	6 24 68 69 71 150 197
17 84	15 25 41 45 49 54 61 76 211
0	17 27 36 37 41 49 54 61 94 107 113 115 143 153 211
9	15 38 49 189
6 40 68	15 30 38 44 51 67 85 89 116 156 161 208
67 79	28 32 33 39 40 54 60 73 94 143 153 169 171 173 175 186 300 301 365
0 1 6 15	15 24 27 28 30 33 80 81 84 85 87 119 120 150 197 207 317 404
19 58	98 136 285 371 397 398 503
53	39 83 96 153 165 180
25	3 5 15 17 27 41 54 77 120 161
25	2 10 15 16 17 38 68 80 89 103 161 212
11 80 88 99	15 27 28 41 83 89
7 53	39 40 41 61 94 153
54	53 100 102 206
54 245	48 124
1	61 85 94 206
53	21 49 50 58 60 125 127 337 485
79	0 3 5 17 27 36 38 39 41 54 61 299
99	198
68 83 90 141 165	9 12 23 26 61 68 72 172 174 202 275 358 393 452 641
150	10 12 16 68 91 147
83	66 110
59	15 17 32 38 67
14	8 169 264
1	180 181 479 496
25	15 103 212 293
9	21 169
6	17 69 78 83 84 87 120
0	15 16 27 32 38 77 78 84 86 87 91 101 116 136 154 159 160 189 200 204 223 266 316 350
26	15 38 55 135 189 208 396
0	21 403
17	75 81 88
34	16 41 49 54 71 80 89 90 110 111 116 208 396
6 85	16 41 68 73 75 77 108
78 99	15 24 68 116 137 275 316
11	0 2 3 5 6 7 15 54 80 94 153 294
25	130
42	27 57 75 77 83 91 109 149 160 174 180 185 187 310 332 343 497
7	12 46 71 112 203 309
199	156
150	57 66 68 110
23	169 300 301 435 637
99	15 18 41 45 51 252 447
6	108
1 93	12 15 23 25 38 71 80 85 103 156
54	15 37 39 54 67 94 275
29	106 227
11	85 90 116 118 280
105	8 15 38 68 88 89
1 7	2 6 7 9 12 17 23 38 44 46 101 153 155 166 230 265 294
1 6	12 15 27 32 41 71 80
185	8 9 488
1 9 44 181	9 10 12 45 100 102 136 178 180 181 483
88	8 17 23 41 59 71 120 142
1 12 19 83	12 16 23 24 27 29 63 66 85 98 100 102 116 138 183 189 198 240 254 272 273 295 355 366 386 404
1 21	147
1	15 25 26 27 38 41 44 71 203
59	33
112	16 67 108 162 180 181 202 222 311
0	18 27 39 41 98 106 149
99	15 23 27 89 105 116
80	15 37 46 51 116 251
0 1 64 66	46 85 92
1	15 23 27 45 80 85 120 161
50	83 100 102 192 281
0	0 32 33 46
37	8 12 16 27 32 67 78 80 83 89 108 111 119 120 129 153 165 206 216 221
0	177
186	15 16 27 41 51 54 57 61 83 118 251 364 433
7	12 25 30 51 67 78 116 120
127	16 103 219
0	28 37 54 116
0 20 61 106	10 136
60	8 15 24 27 75 85 87 116 188 207 248
122	23 32 39 68 316 402 443 451 582
64 83	10 377
54	48
15	87
7 17	8 19 48 60 127 158
40	15 27 41 116
1	4 15 27 66 68 212
88	83 199 247 287 299
113	0 1 2 6 8 9 15 38 54 94 101 148 349
62	30 51 83 111 118 143
55	0 15 32 33 90 143 173 298
6 95 163	33 80 89 116
68	10 11 45 46 49 65 68 89 126 189 498
9	23 91 166 309 423
15	86 116 147 197
64	10 15 67 251
21 195 213	15 54 63 86 100 102 116 150
1	15 27 41 45 100 102 160 189 386
66 95	17 67 93 100 102 119 142 233
6 44 127	15 27 41 61 80 83 85 90
25	73 171 243
30 45	83 160 187 348 450
183	270
0 7 17	7 15 17 27 45 46 49 89 101
0	6 38 46
1 55	15 32 33 37 39 54 94
6 15	15 16 17 28 30 38 69 101 120 202 219
0 32	15 25 27 41 45 46 89 101
67	15 23 24 27 58 85 122 156 248 316 452 478 539
6 15	12 16 89 101 179 180 181 229
34	17 23 26 27 67 71 112
36	16 61 89 101 180 181 202 203
9	51
25	24 69
4 5 46	0 2 3 5 6 15 38 44 54 74 80 103 212
51	15 16 89
21 61 99	10 15 16 28 64 68 71 89 116 136
34 66	15 17 54 111 118 120 203
6 74	14 78 84 158 162 191 202 220 224
29 44 181	9 16 18 91 138 139 185 427
42	18 27 46 53 57 91 109 135 184 185 210 226 227
6	171 277
69	24 27 28 30 76 80 85 114 156
104	15 84 87 89 118
55	0 2 6 15 38 54 80
14	15 48 58 144
6	221
17	15 25 38 67 88 179
44	11 16 27 41 83 112 116 118 120 156 161 263
44	27 41 68 78 386
23	32 91 180 181
7 11	15 38 44 45 49 55 67
67 182	16 75 117 173
125	2 25 38 44 156 297 506
99	15 16 18 27 41 110 135 146 185 227
6	124 130 159 176 194 426
5	8 12 15 18 38 41 66 71 178
23	16 32 41 91 202
1	6 15 80 84 130 131 155 164 201
56 81 168	15 27 28 75 86 116 118
54 208	8 107
1 55	0 2 6 15 23 43 80 100 102 148 166 240 404
44 45	30 53 57 83 108 109 118
124	15 16 32 41 91 108 118 180 181 202
13	50 60 189 305
117	6 8 95 127 153
54	15 16 37 41 67 90 140
0	0 15 41 46 54 61 85 89 90 101 116
20 142	18 27 41 57 66 107 223 250 438 458 617
53 54	48 50 57 58
15 28	15 88
19 46	16 101 323
83	9 25 44 74 103 251
20 42	16 41 106 238 262 285 329 330 332 427 549
15	15 93 116 161
43 70	15 30 69 81 85 182 207
1	6 40 42 48 58 80 153
67 80	6 7 15 32 50 60 67 127
7	25 46 49 67
216	46 54 116 208
17	15 27 30 41 51 78 85 116 117 118 119 121 180 181 233 316
6 104 127	53 92 108 118 186
15 24 129	4 38 44 208
10 36	23 153 166 172 203 248 393 452
7 43	2 10 15 16 32 38 64 76 101 212
112	17 30 51 67 143
107	8 13 15 16 27 32 38 85 86 87 89 100 102 156
36	16 27 41 52 189
0	15 17 23 27 46 67 89 101 142 161
63	15 116 208
1 194	8 15 39 40 50 67 122 130 153 159 272
0 11 155	8 15 17 24 28 30 54 78
136	15 27 28 37 54 91 172 173 186 203 275 316 358 441 568 661 725
32	2 15 16 32 101 161 202
98	33
6	16 87 89 101 169
33	8 21 38 67 124 221 264
54 57 252	15 54 133 275
19	15 27 57 64 108 226 227
113	50 60 131 159 209
268	6 15 16 32 38 101
6 17	41 83 116 118
6 104	41 78 83 116 118 119 160 216
68	16 17 41 43 79 82 89 101 116
43	18 83 106 136 184 185
127	60 106
0 7	99 180
298	15 27 41 57 83 137 153 165
37	108
4 8 51 83	15 362
54	39 48 49 83 165
12	79 82 86 110 177 316
21 44	11 63 251 252 253 588
128	16 36
64 127	8 15 16 27 38 45 53 57 83 85 89 90 92 107 111 116 143 161 184 263 295 369 429 437
27 109	16 23 68 72 89 111 369 438
36	108 116 133
57	16 32 91 151 159 180 181 239 284 340 423
17	8 15 44
5 68	15 16 32 45 68 89 116
77	16 46 67 185 358
117	40 60 131
0	0 15 16 27 32 41 54 85 116
15 41	15 41 75 78 84 118 207 307 404
99	16 38 41 50 60 67 83 90 118 190
76	5 7 15 16 39 40 54 61 63 89 94 146 153 173 275 285 300 301
0	15 24 27 38 41 71 85 182
68	38 45 51 85 89 111 156 161 177 333 334 433
1	13 15 16 17 24 27 80 85 162
134	23 105 107
25	15 60 67 200
6	27 30 41 78 80 89
17	38 44 67
1 37	12 18 45 80 100 102 178 189 212 272 295 366 386
6	8 16 52 78 116 118 189 219
1	13 127
27 109	4 16 24 27 32 67 76 97
43	22 76 133 135 218
52 53 57	49 50 60 83 85 125 165
1 156	12 15 16 18 23 24 37 38 100 102 116 161 295
4 12 157	66 410 424
6	32 39 41 83 116
6 29	16 32
15 91	83
48	32 33 39 48 60 83 85 90 96 143 165 173 186
0	118 119 187 216 280 282
6	118 143 187 337
42 64	15 17 18 27 30 41 51 53 57 90 91 109 110 116 118 135 149 184 210 226 227
53	48 50 124
15 120	27 41
54	8 21 60 264
9	8 481
51	8 38 46 67
15	15 24 27 51 85 116
50	77 83 146 148 160 184 238 299 394
15 64	15 18 27 41 45 85 116
0	6 15 16 32 64 90 298 299
11	15 23 29 37 38 107 487
24	15 24 27 64 84 85 118
1	2 15 38 49 80
89	73 171 200 243
49	27 218 384
14	12 15 27 41 59 71 76 85 89
6	32 78 130 151 169 187 282 309 350
1 14 37 64 99	15 16 26 32 41 68 83 89 106 110 137
23	16 24 32 41 68 71 91 99
17	15 27 45 48 49 50
66	15 16 27 30 41 51 83 85 156 251
20 48	16 28 32 37 94 136 171
54	243
83	15 80 387
37	23 27 41 71 114 156
286	18 124 180 181
33	50 60 130 159 550 662
6 53	27 32 39 40 41 48 60 73 83 159
57	48 51 75 85 88 95
117 132	7 15 24 25 37 38 41 54 61 68 100 102 116 133 422
1 55	15 37 100 102 275
25 35	15 16 32 41 71 89
3 51	2 32 38 68 69 71 91 180 181 202
176	8 9 15 120 362
1	246
75	8 15 25 67
77	83
27 109	23 52 53 83 106 107 118 372 373
107 123	24 157 448 596 720
54	1 39 40 54 60 83 153
19 54	46 49 50 56 67 362
0	15 37 41 46 116
24	11 37 41 51 54 85 315
0	32 33 35 90 116 157 176 199 297 298
53	96
1	9 12 16 18 23 32 45 89
6	16 41 89 101 111 118 120
0	32
44	11 18 37 41 85 116 210 315
113	60 542
153	372
6	17 83 118
12 14 44	13 15 38 86
25	713
37	23 24 29
6	15 16 89 101 116 352
25	2 44 61 67 78 177
1	83 96 118 186 449 726
0 74	46 48 83 165
54	40 57 68 175 190 239
17	12 15 37 100 102 248
15	15 24 51 75 77 84 119 121
1	15 27 38 41 66 80 85
16	4 15 32 71 103 339
189	23 180 452
66	8 15 38 67
1	12 15 17 23 24 29 38 66 80 96 100 102 240 256
10	16 27 33 61 68 108 185 316
21 76	67 100 102 287
77	90 215 295
43 99	41 85 111 116 118 295 433 494
23	16 129 202 381
1	9 12 22 26 27 66 131 135 138 272 329 422 424
6	15 51 89 180 181 251 275
36	16 17 32 87 91 114
1 15 24	41 51 75 77 78 81 85 119 121 176
58	9 12 116 223 261 326 527
19 42 87 122 142	16 63 68 91 98 149 367 368 503
72	15 45 103 127 136 178
18	481
7	100 102
28	117 119 216 316
348	91 143 172 173 283 358
74	120 144
1 7	23 26 27 37 433
1 3 48 55 83	15 38 41 54 71 85 116
108 195	15 24 27 84 85 116 150 197 207 223 251 576
15 120	7 15 27 41 60 75 78 79 82
15 53	15 16 64 83 108 223 284
0 71	32 46 90 148
224	41 45 49 50 54 56 103 159 211 215
51	16 41 56 83 86 108 144 385
38 45	8 15 21 27 41 116 150 158 197 207 264
1	15 17 18 27 41 80 114 116 120 295
6 38	15 30 41 69 75 83 86 116 118 182
1 11	85
59	172 187 282 495
6 105	8 16 118 189
210	0 15 32 40 54 76 78 94 148 153
36	9 16 27 32 41 91 109 185
70 85	16 40 78 187 348
46	15 16 17 101
23	15 38 463 464
0	17 46 67
50	54 61 90 116 118 143 186 250
6 85	15 16 32 78 83 87
124	100 102 243 438
48 95	27 80 112 116
77	46 90
0	15 37 46 67 71 203
15	83 108 116 160 185 223
54	49 50 60 75 147 191 206 343
25	16 27 40 180 228 311 374 375
66 92	11 16 23 71 87 159 166 204 239
0 12	0 1 2 6 15 80 144 268
85	95 120 484
41	75 84 147 206 280
0 11 49	15 17 24 27 28 32 71 80 85
7	73
125	2 15 25 68 71 76
15	15 27 30 41 51 81 85 251
75 226 236	48 130 131 201
46	66 68 210
7 117	8 42 48 49 50 59 60 124 264
35 70	77 83 143 163 180 181 187 348 450
0	67
68	10 15 16 25 27 45 54 68 89 94 405 505
1 45	41 116
17	15 16 71 156
89	46 99 107 168 209 243 362 490
19 22 43	23 29 41 67 83 218 287
44 99	23 27 57 77 105 106 107 109 211 238
121	15 27 30 41 51
83	8 12 15 17 18 23 24 26 27 29 41 45 80 85 100 102 366
0 20 27 36 142	16 23 72 109 371 397 443
260	15 24 28 38 85 87 116 172
9	15 326
52	38 39 40 42 83 85 153 165 250
110	6 21 126 127 130 131 155 335
6 42	67 89
53	21 60 127 158
78	0 7 54
15	15 27 85
89	15 27 97
44	15 27 54 71 110 116
112	8 26 46 49 50 54 56 59 140 228 346 347 362
25	2 179
70	15 17 27 41 84
150	6 56 68 71 77 210 239 558
68	8 9 15 25 38 44 49 67 89 101
0	12 15 24 27 31 41 44 46 66 68 116 147
59	78 127
44	15 27 84 118 147 182
52	15 50 58 125 306
54 59 66	15 16 38 41 50 67 89 118 206
29	83 165
0	15 16 17 30 41 51 54 80 89 101 116
1 62	15 17 27 90 161 178
17 48 66 80	27 41 88 116 135
104	8 17 73 84 107 116 118 164 189
6 17 123	50 144
70 99	15 30 41 51 83 85 111 118 156
55	15 27 51 80 85 100 102 103
6	18 83 91 92 187 280 305
52	60 93 127 129 195 206
77	26 193
66	15 67 193 194 195
20 23 70	78 83 96 143
18	95 349
82	15 17 24 28 30 78 84 87 118 150 197 207
24	15 17 30 51 78 116 118 120 191 207
36	15 16 32 91 94 160 172 175 180 181 185 202 204 285 316
6 41 82	2 8 22 27 30 38 85 87 116 150 156 197 207
42	15 16 27 57 68 78 84 87 116 223 250
115	41 63
80	83 346
1	15 64 80 103 178
0 6	239 309
1 121	24
9	27 100 102 286 322 372 373
19 195	458
1 78	15 16 18 32 33 41 100 102 116 183 204 316
16	2 4 15 27 33 38 54 68 73 85 171 212
0	32 41 60 84 90 164 225
29	28 83 87 187 350
15	83 85 88
1 4 14	12 66 100 102 103 240 265 278 279 295 366 386
46	16 32 180 181 227
6	8 16 41 53 67 83 85 107 118 217
129	30 67 156
1 32	0 12 15 17 23 66 100 102 138 161 248 265 689
20 57	16 32 41 385
17	8 12 15 23 37 38 41 44 45 71 112 116 256 264 295 366
1	18 41 75 90 116 366
11 21 43 80 84 99	15 27 83 116 133 275
0	0 6 38 54 80 212
25	15 49 60 364 611
1 55	15 24 37 41 80 100 102 189
60	16 75 77 83 185 564
67 154	213
37	41 180
1 9 14 27 109	15 26 27 32 41 64 66 68 87 112 116 149 223 234 414
82 92 195	15 30 64 269 350
38	30 41 85 116 117
29	15 38 41 63 68 116 136 189
107	12 41 46 103 197 207 245
8	18 27 66 68 135 144 160 204
0 1	2 6 15 80 100 102 148 152 234 240
103	84 87 169 350
125	15 17 32 33 54 61 80 86 153 204
7	3 5 24 78
7	15 16 25 26 32 33 39 54 74 80 94 506
36	172 186 187 503
17 20 42	15 251 252
1	6 12 15 18 23 29 41 80 85 100 102 147 295
1	8 15 23 25 27 37 38 67 228
42 58	41 106 136 332
53	39 41 48 60 83 96 127 165
80 123	15 88 159
17	15 94 148
26 123	8
1	15 23 67 99
15	27 41 45 51 85
5 15 41 99	24 41 69 75 78 84 119 121 187 191 216
54	78 120 158 206 243 277 421 484
89	48 168
0	16 26 27 32 39 68 103 110
18 61	16 32 89
68	6 16 68 71 77 144 239 473
6	9 15 24 27 28 30 68 85
1	83
14 44 48 68 90	15 16 32 38 116
6	8 15 16 38 78 116 118
60	8 15 51 85
31	16 23 189
0 7 11 21 76 78	15 24 28 32 33 37 275
1	15 23 26 29 178 212 362
148	32 41 155 476 727
25	6 39 50 60 93 153 162 222 260
36	15 27 41 85 116 275
62 64	16 27 54 61 83 110 118 148 185 437
117	32
38	27 41 85
66	17 27 37 61 83 91 110 120 239 300 301 387
36	83 106 108 109 118 185 227 238 258 285 372 373 394
236	15 38 46 50 67 80 124 130
1	23 93 100 102 169
54	11 15 16 38 41 46 67 88 89 107
9	8 12 15 38 46
17	15 41 54 83 94 153 165
247	16 63 139 149 226 227 327 329 330
36 50	27 100 102 137 160 180 181 187 282 450
24	48 89 101 111 118 143 186
0 11 49 155	0 15 54 61 71 94
53 183	50 140
20	15 16 17 32 38 69 84 87 116 162 187 202 277 282
75	8 15 45 50 148
110	19 21 60 125 127 403
15 46	73 124 147 242 306
1	15 37 51 85 100 102 372 373
0	247
12 36	0 15 41 71 116 184 353 354 355
42	48 96 159
53 117	40 60 190
6 27 36	16 24 27 41 87 116 154 185
7	15 26 38 45 59 71
78 135	15 48 49 54 58 67 94
43	17 78 120 172
0	16 39 68
6	15 16 88 89 101 134 159 179 637
21 43	83 111 118 143 186
0	6 33 46 144 155
26	169
112	15 17 27 38 59 67 161
0 6 76	15 24 25 28 32 33 68 83 87 89
21 67 99	15 24 28 30 83 84 118
5 83	15 24 27 30 33 41 75 78 81 83 85 87 108 114 116 120 178 182 250 316
4	7 15 26 27 37 41 45 49 50 178
124	9 38 67
7 49	15 18 46 116 118
0 117	15 38 67 89 161 251
6	8 15 16 32 38 41 67 78 89 108
17	27 41 60
6	30 78 350
52	48 51 96 190
13	28 30 33 37 51 54 78 89 96 111 143 167 193
25	192 281
27 98	124 147 180 181 258 270
88 111	16 89
17	15 16 27 41 46 57 211
17	9 12 15 27 38 41 53 219
27 109	9 15 16 27 32 41 68 116 135
14	8 16 32 89 203 234 264
1	10 45 100 102 178 295 366 433
53	19 21 48 50 124 125 140 403
6	7 15 27 41 81 88 116 135
25	13 15 16 41 73 171
1 48	0 15 18 37 41 46 89 118
4 5	16 48 75 78 83 85 96 119 167 216 333 334
1	66 366
125	130 219
1	7 12 15 18 25 37 67 89 116 120 133 161 180 181 205 251 256 295 366 386 433
36 38 82	6 69 87 101 144 148 171 341 375
20 29 68	16 83 106 151 189 200 238 271 351 369 437
0	0 10 16 32 33 54 61 94 101 298
40 170	15 25 38 49 80 228
277	32 78 83 165 187 226 300 301
1 32 68	10 15 24 45 100 102 366
33	15 337
74	78 83 92 117 206 280
44 48 83	15 16 27 32 71 89 116 182
20 27 68 90	16 30 32 41 54 68 84 87 94 116 249 553
5 41	7 24 27 46 66 85 275
0	0 15 39 41 49 61 90
1 12 83	10 12 46 100 102 103 230 240 728
34	15 16 32 33 80 83 87 89 90 91 101 137 186 257 385
57	2 12 33 71 103 138 234 386
123	23 72
80	17 23 27 67 76 78 89 101 120 133 135
55	0 6 32 144 155
17	15 41 104 481
25	0 2 3 5 6 12 15 17 28 32 46 54 80
0	32 37 46
16	58 60 67 73 124 130 171 200 305 309 335 360
15 17	15 38 71 80 85
25	19 21 60 75 77 78
25 45	15 16 24 27 33 68 71 80 87 116 202 341
105	8 51
0	2 15 32 39 76 85 148
17 20 21 22 42 44 60 195	9 16 18 24 66 91 116 118 136 138 185 187
1	15 16 18 27 41 45 68 85 89 100 102 295
124	48 50 55 67 73 78 124 159 171 200 272
77 310	6 60 108 130 318
46	8 9 16 18 21 27 38 44 67 78 127 135 146 160 184 228
1 11	0 54 80 85 86 100 102 144 161
7	8 19 21 60 124 127 222 228 264 270 485
1	24 27 30 41 51 85 116 251
28	25 46 60 90 93 176 298
60	180 181 185
18 44 48 61	77 78 91 106 109 119 137 160 185 187 216 238 282 394 455
6 74	17 24 67 69 84 87 120 162
6 24	83
23	16 32 41 202
70	73 77 78 130 159 171 200 358 391
37 42	106 149 210 322 398
1 9	60 130
0	46 88 229
48	184 210 211
1	76 100 102 108 118 250
9 25	11 66 68 91 107 144 155 239 309
43 80	23 27 29 78 133
7	12 17 25 44 67 71 89 100 102 177
7 54 57	25 41 49 56 76
50	73 76 83 100 102 146 180 181 192 206 281
7	0 3 5 15 49
54	15 38 44 67
1	15 18 37 205
9	38 67
25	15 17 25 38 49 54 59 94 120 211 387
110	8 69 78 127 150 156 197 264
99	16 113 115 116 180 181 191 350
6	15 16 75 77 78 89 162 187 337
0 7	8 12 44 67 89 101 203 208
73 89	6 9 28 73 100 102 171 243 525
54	48 124 144 444
50	10 15 27 38 67 90 103 146
320	18 109 237 258 289 327
117 132	16 23 32 41 68 72 108 116 203 252 253
1 83 255	15 41 45 100 102 160 178 189 256 295 366
56 154	15 27 38 67 90 135
48	0 2 6 12 13 15 16 27 41 44 46 67 78 80 81 88 89 116 135 362 380
0	15 32 33 54 148
68 150	15 16 26 89 347 353 354 355
124	4 15 16 27 41 46 57 67 71 116 212
0 11 22 146 147 195	7 28 30 31 43 81 88 94 120 317
15 24	15 27 69 78 84 116 118 135 156 197 207 218 347
1	7 24 51 69 77 85 87 100 102 122 150 183 197 198 207 240
56	15 24 25 54 71 113 115 118
15 24	15 24 27 41 51 84 85 116
17	66 147 189
89	16 33 60 73 100 102 157 171 200 286 297 322
15	24 27 41 75 85 116 284
26	8 9 10 16 32 38 44 47 68 189 219
23	85 157
1	12 15 37 41 46 100 102
48	32 246 300 301 349 502
45	71 78 83 89 300 301 380
7 10	7 15 24 27 80 85 161
3 12 17	0 2 3 4 5 15 24 38 54 71 83 87 339
57 67	18 23 28 29 32 33 36 41 54 60 83 87 98 172 299
20 61 106	23 72 109 116 137 189 510
0	27 51 85 175
14	8 21 24 27 41 116 158 191 222 264
45	15 16 27 32 64 68 189 223
1	15 189 424
11 76 155	42 99 103 148 155 268 524
27	16 24 27 32 41 68 77 84 87 108 111 116 136 189
0	27 41 45
31	15 16 24 27 32 68 78 84 87 99 116 135 204
99	23 27 85 86 100 102 114 135 218 275
19 38	27 41 85 116
21	41 116
251	16 27 32 38 41 68 71 85 116
96	15 16 38 66 68 103 138 210 248 250 251 252 253
6	16 52 116 185 189
44 68 90	8 11 15 30 44 46 116 156 248
0 24 54 57	39 40 41 48 50 60 83 96 124 153 165
1 12 83	24 85 86 254 265 266 424
6	15 48 49 60 80 83 190 193 206
12	3 5 12 15 28 41 46 54 59
68	99 411 469
0 13	15 37 39 55 60 81 83 90 91 94 96 142 165 175
59	9 10 12 15 16 17 25 27 41 91 135 218
17 146	7 14 27 30 31 88 316
80	8 15 17 25 38 45 49
9	10 52 155
53	6 40 48 60 96 127 155 243
89	99 318
32	0 1 2 6 15 54 80 161
14	12 15 23 27 38 71 112
146	17 24 68 71 80 87 356
83	15 16 27 41 45 71 85 89 116
64	15
80	7 15 25 44 67 76 208
0 15 56 88	15 32 90 116
36	23 72 106 185
16	190 311 694
1	18 41 45 100 102
8	15 363
15	119 120 193 216
55	15 37 83 90 100 102 110 118 165 184
123	8 10 15 16 24 38 41 68 89 116
70	17 24 41
46	67
4	7 15 27 147 164 212 272
1	66 79 82 336 347 370 729
41	60 83 120 180 181 206
89	107 140 274
1	15 24 27 38 80
107	15 24 27 32 44 85
50	54 124 143 251
6	67 180 181
94	10 16 89 101 137
17	8 9 38 44 67
104	78 83 163 187 227 283 348 350 394
0 1 11 22 40 55 57	2 3 5 7 17 38 46 48 49 76 80 100 102
42 48 50	18 91 107 136 149 184 227 237 291 437
54	16 38 41 46 67 89 90 107
17 191	44 67 100 102
21 50 62	23 27 29 41 54 103 107 137 146 178 227 277
53	51 85 96 153
0	25 28 37 71 85 90 94 111 186 202 298 299
77	0 2 15 38 54 67 76 339 486 628
75	12 15 41 45 71 228
1	127
195	197 207
0 117	15 16 24 27 41 64 68 83 85 116 185
64	15 41 54 106
206	11 15 27 83 85 86 90 91 100 102 116 135 322 372
1	6 15 79 82 730
12 48 68	78 205 357 380 419 524
54	37
36	16 108 137 180 181 185 189 350
40 60 83 107 231	15 30 89 399 499 552 626 695
11	9 30 38 44 67 88 156
55	15 16 37 38 67 78 100 102 295 380
27 109	53 89 106 107 137 227
7	12 15 30 38 71 101 120 182
9	8 52 155
7	75 84 147 158 206
0 11 22 56	30 85 88 100 102 177 324
6	8 19 21 52 60 75 95 119 124 125 171 175 216 343 484 485
6	8 16 30 51 78 118
53	39 40 50 81 83 84 116 119 121 124 153 164 165
41 74	2 17 24 27 30 81 84 85 150 198 207 317
17	16 89 101 151 154 159 171 193 307 350 731
91	30 41 66 75 76 114
27 109	33 448
15	30 51 85 251
236	316 478 539
84	37 48 49 50 54 60 83 85 96 165 169
9 117	0 15 16 24 39 41 51 54 66 116
17	15 30 41 75 77 81 85
89	8
25	88 293
80	46 76 88 134 179
59	171 372 373
97	607
54	8 27 46 48 85 156
6 11	16 32 68 69 87 180 181 202 350 385
51	40 48 83 85 94 95 96 153 159 165 186
145	9 67 235 270
66	15 41
36	23 116 255
7 38	38 67 124 193
15	81
21 78	15 37 46 51 251
61	11 53 107 369
25	15
15	8 27 41 69 78 116 119 135 207 218
53	8 15 39 40 48 50 130 153
4 5	11 27 41 83
94 123	54
43	28 129 358
6 27 29 109	28 30 118
19	15 16 27 41 57 78 116 211 251 367 368
64	15 16 41 61 251
15 24 41 107	67 78 120 158 221 421
0	16 33 36 42 67 157 173 186 204 297
232	0 16 32 147 180 181
50	41 54 68 76 89 94 146
15	15 27 30 41 75 83 84 108 116 118 119 121 164 216 280 383
0 55 83	0 46 96 143 173
15 60	15 24 27 64 75 81 118
43 141	2 3 5 8 12 46 177 263 405
89	20
25	2 15 24 27 68 83 85 87 116 165 341
159	15 27 85
22	60 75 78
1 95 99	51
60	15 41 51 75 78 83 85 116 118 119 160 233
1	6 24 25 39 42 80 153 272
31	16 23 41 52 68 72 89 189 327
1	15 18 27 37 86 100 102
128	17 60 75 108 202 242 340 463 464 508
21	41 108 116
64 186	15 89 239
80 125	0 1 2 13 15 38 54 76 101
82 116	24 63 83 84 108 116 147 150 160 223 227 283
4	45
0	17 24 25 28 30 32 33 38 46 54 81 90 94 150 197 207
15 195	15 24 68 71 78 81 87 116 120 144 198 204 317 399
54	11 41 46 54 57 61 68 89 116 124 133 140 203 250 369
5 24 121	14 15 17 24 27 41 75 78 81 116 119 160 162 187 191 197 207 216 280 337 387
68	10 45 51 154
0	16 32 54 90 298
59	15 16 17 38 41 54 67 71 85 88 89
15	15 30 41 51 89 101 116 118 135
6 106	16 41 52 116 189
82	27 30 78 85
4 12	15 16 41 66 116 160 291
77	135 160 239 358
6	8 17 27 78 197 207
27 109	9 68
116	15 17 27 41 68 84 85 87 207
11	15 16 17 30 41 51 67 80 83 112 116 118 120 161
60	15 41 75 116 118 188
74	17 24 30 183
105	15 16 89 101 219 278 279
9	155 251 424
30	16 27 68 89 103 106 163 184 211 219 327
11	54 80 83 90 116 143
186	61 89 90 133 203 239
253	3 5 38 43 45 110 144 155 234 248 347 364 370
7 11 12 21 51 57	12 17 46 67
36 67 154	15 37 38 41 51 54 83 89 100 102 133
1 80	17 76 100 102 114 179 205
6 27 68 90 109 132	16 18 23 32 41 48 50 72 73 77 78 83 108 137 159 171 189 227 350
1	22 100 102
15 21	18 41 57 136 210 211
20 42 195	15 16 57 63 83 109 136 227 332 371 397 398 427 503
6	15 24 30 68 81 84 116 118 160
99	7 15 16 41 54 61 89 118
88	23 27 28 100 102 346
1	17 25 37 63 68 71 100 102 116 223
44	33
9	554
130	15 16 41
54	23 41 60 72 153 387
83 92	15 64 66 68 110 147 197 220 239 347 370 414 563
6 29	15 16 27 30 32 80 89 118 169 187
27 109	77 107 179 199 308
14	12 15 25 27 41 61 71 178 210 298
6	15 16 27 33 41 51 89 251
8 9	8 10 15 16 38 41 49 80
24	24 85 96 156
6	182 259
36	92 131
6	16 83 87 187
1 40 66 99	15 18 24 27 41 54 61 71 74 75 85 90 116 118 160 185 295 366
15	15 68 76 78 84 108 118 204
17 68	15 25 46 49 50 59 88 103 146 362
0	83 163 165 300 301
6	8 38 89 107
0 1 11 40 55 66 80	15 18 37 68 83 85 90 118 275
103	16 35 60 75 77 78 83 84 92 108 173 182 186 200
3 6	355
0 78	0 15 46 90 143 173
48	75 130 147 225 349
1 27	336
91	15 24 27 30 41 69 75 77 78 81 84 85 108 119 120 121 182 207 216
1	15 37 46 48 100 102
7	15 25 38 41 49 57 71
27 103 109	9 12 16 124 227 332 549 732
6	100 102 180 181
58	0 15 32 37 41 46 90 94
6 68	239
99	15 54 68 83 89 91 106 149 184
15	15 75 119 216
128	12 15 23 29 38 46 79 82 101
16 88	4 15 32 103 212 339
65	7 15 152 241 405
25	0 2 4 9 16 28 33 54 61 83 85 89 90 101 118 153 165 173 186 190 192 202 258 307 323 335 358 365 413
67	51 170
0	471
17 40	15 17 38 41 45 71 79 82 85
21 116	17 18 27 41 83 91 108 187
6	16 30 51 52 107 116
10 63	27 71 108 116 135 218
35	16 23 41 57 105 107 112 250
127	83 107
41	9 15 16 17 24 28 30 80 103 120
11 155	15 17 30 32 38 71 80 85 94 150
18	15 16 41 52 53 116 189
9	100 102
16	192 206
0 11 15	15 27 32 39 85 186
33 89	15 48 50 126 130 159 550
48 51	60 127 219 471 485
7	2 4 8 9 10 15 38 44
1 21 44 92 116	16 18 27 68 80 84 103 160 223 295 386
15 33 60	8 15 41 64 116 118
15	41 85 116 119 379
9	12 16 27 41 71 78 83 94 100 102 147 156 159 180 426
6 24	15 16 24 32 33 38 87 116
1	15 16 44 103 112 147 203 259 350
130	15 32 41 75 108 116 119
1 7	0 15 27 28 41 46 116
7	12 38 44 78 116 161
32	0 2 15 25 41 54 71 76 80 94 101 161
44	15 38 44 51 67 71 99 112 147 180 203 259 447
47	27 38 42 56 94
77	27 91
31	8 15 32 38 68
6 29	17
13 61	60 75 92 143 173 186 365 461
66	24 69 118 162 191 280
1 21 37	12 24 26 27 30 66 79 85 272 347 386
190	9 88 130 243 306 376
99	16 17 18 41 67 78 80 89 101 112 113 115 191
1	10 51 372 373
18 20 68	16 33 83 107 369
15	8 24 27 111
67	0 16 60 186
37 99	23 37 205
18 61	15 83 87
6	40 60 124 153 206
42 54 57 112	0 1 15 17 25 26 37 38 39 41 48 49 50 54 57 58 60 71 80 83 116 124 153 159 165 207 225
6	120 147
0 37	12 15 46 54
128	168 180 181 192 281 318 496 525 633
25	15 67 78 89 103 297 380
101	99 274
6	16 17 48 60 78 206
3	15 41 67 83 112 259 263
1	18 45
99	52
77	90 124
108	7 15 27 30 38 78 81 85 116 135 150 317
11 66	46 88 414
1	83 85 96 165
6 15 34 66	15 16 38 41 45 51 89 111 142 189
34	8 15 38
40	15 30 51 251
68 83	15 16 41 57 68 138 139 239 247
89	6 8 127 130 132 335
1 43	12 23 27 37 100 102 113 115 133 218
6 62	10 17 28 68 69 169 173 186
5	6 15 16 38 44 71 101 135 187 202 282 341 361 415
0 1 7 55 78	15 28 32 37 46 116
1	15 18 23 27 41 80
6	15 25 41 68 116
33	8 15 67
11 95	18 143 186
56	15 16 25 112 124 275
36	15 27 30 51 85 116 275 355
32	0 1 3 4 5 6 15 34 38 54 153
13	255
1	18 22 23 93 183
64	18 41 57 77 91 110 178
0 7	15 41 45 46 54 59 61 89 101 203
54 57	40 46 60 127 190
114	91 184 185 227 237
0	15 16 17 24 27 28 30 32 33 37 80 85 89 108 118
9	9 15 41 189
7 54	7 12 15 25 37 42 44 46 56 67 71 89 101
6 31	16 99 137 189
0 1 15	0 2 3 4 5 6 15 24 42 48 50 58 59 66 67 71 80 86 103 124 130 150 153 197 207 212 231 272
12 49	66 101
237	8 15 18 41 66 80 103 108
25	0 16 24 54 68 69 71 85 87 101 341 374 375
68	8 12 15 26 27 36 41 44 45
29	449
95	16 32 61 116 160 316
12 17	15 26 27 103
57	15 17 27 41 45 55 67 80 112 120 208
34	12 15 17 27 49 71 89 101 112 116
33	49 60 95 130
0	15 45 46
8 17 51 112	2 6 15 44 67 89 101
67	15 16 27 32 38 41 50 54 59 60 66 68 71 80 100 102 108 116 118 130 151 160 189 207 231 240 251 297 364
31	15 32 41 64 68 84 116 137
76	40 42 46 59 153 228 246
83	15 41 54 103 178
62	16 17 30 51 67 78 111 112 116 120 191 207
79	9 15 27 28 36 208 339 529
80	10 12 25 112 120 259
40	15 79 82
6	51 116
15 36 50 66 184	0 1 2 6 8 15 16 38 44 46 54 67 68 80 88 153 155 307
44	7 14 24 27 62 66 68 150 160 197 347 370
55	38 67
1	13 41 47
15 92 195	11 15 64 68 84 108 117 187 282 350
62	9 16 28 32 54 61 71 94 133 180 181 202 275
111	17 76 88 91 463 464
6 45 104	15 16 24 27 28 30 31 41 78 84 116 135 218
54	0 15 32 39 41 54 61 94 321
83	8 9
41 107	15 17 30 32 68 69 75 77 78 84 87 119 120 142 156 162 191 198 271
32	6 46 48 60 85 130 272
1	60
127	213 270
29 123	10 15 16 32 54 64 68 89 91 116 136 178
1	15 24 80 85 161 256 265
32	99 180
46 123	8 16 38 47 101 189 219 286
51	30 51 67 156
170	15 23 27 45 46 49 76 100 102 433
80	12 15 38 44 67
54	8 27 48 77 126 195 250
121	15 119 216 280 383
0	6 32 33 127 573
17 34	12 15 26 27 43 45 71 89 101
0	135 148 150 261 341 476
6	16 111
105	27 38 85 150 207
36	185
59	60 124 195
17	10 45
2 50 129	9 10 12 27 57 103
67	86 101 150 239 307 385
57	15 27 30 32 41 45 53 54 116 295
123	15 47 66 68 219 578
11 49	15 25 32 33 37 54 94 100 102 275
44	15 24 75 119 164 216
7	16 23 30 43 51 52 53 72 106 116 118 175
33	8 21 60 95 127 264
6 15	187 455
0	7 15 27 46 135
1 64	18 41 100 102 116 118 295 372 373
40	15 24 27 68 71 91 103 116 148 149 207
25	73 171
348	0 2 15 16 32 54 68 153 202
3 5 20 24 68 83	15 38 71 85 118 234 251
89	28 32 33 39 40 54 90 116 186 461
15 120	30 41 45 51 75
0 1 17	15 17 23 24 37 38 50 80 96 100 102 127 150 161 166 212 240 265 404
0	15 38 41 71 161 203 234
0 6 11 49 112	0 2 6 7 17 31 33 38 54 67 71 81 90 94 95 101 172 212
0 36	38 44 89
25	2 15 17 27 341 398 494
44 170 172	8 48 58 60 124 140 175 264 538
83	16 41 57 66 76 87 91 116 138
103	0 15 16 17 27 32 33 41 45 68 71 77 78 80 89 112 119 120 162 203 211 216 434
12 68 257	8 38 67
99	91 381
1	10 234
1	41 85 95 144
85	78 83 92 111 118 120 187
105	68 78 111 350
68	15 44 80
0 44	15 27 41 64 69 78 84 85 116 118 119 120 135 156 197 207 218 233 414
7 52	48 50 60 92 96 321
95	50 59 60 190 206 214
43 78 153	27 61 78 83 90 91 94 109 110 111 184
23	208
95	15 16 41 68 71 108 116
0 193	0 15 28 32 33 38 46 90 94 118 148 298 349
0 7	7 15 37 44 46 148
54	0 32 39 41 54 61 90 94 122 321
19	16 310
108 333	8 15 27 41 69 116 119 158 162 216 264
0	90 143 173
11	15 32 41 89 90 94 116 275
17	67 208 259 396
251	197 414
17 53	696
105	83 118 147 350
44	27 41 71 78 80 112 116 133 161 203
6	30 51 53 118 424
7	15 27 37 41 116
53	15 39 40 41 42 48 60 83 96 153 165
64	41 372 373
80	67 89 100 101 102 156
123	8 17 47
44	16 83 87 372
177	11 18 23 27 105 107 109 237
95	44 239 393
63 80	116 135 208 218
68 90	15 80 100 102 272 295
36	148 149
7	7 15 27 45 46
85	10
154	8 15 27 38 41 66 78 85 86 116 156 248 250
79	0 1 6 15 16 28 33 37 39 61 101 153 180 181 202
1 32	0 1 2 7 15 76 101 161
5 50 83 199	15 38 51 71 85 89 251
23	16 25 32 41 83 91
1	18 23 27 37 133 142 295 300 301 433
80	34
164	422
32	15 25 74
19	15 27 116
0	15 41 71 85 89
6 15 108	15 24 28 30 116 239 300 301
1	6 12 15 66 80 138 189 205 386
0 6 15	15 17 24 28 32 87 94 150 197 207
1 15 99	15 90 116 117 118 280 366 383
37	15 18 23 27 37 71 80 100 102 114 133 205 295 433
80	24 27 87
46	17 25 144
6	8 15 16 49 505
89	16 61 94 107 243
10 55 78 88	24 51 68 275
49 76 80	15 27 51 89 116 251
0 7	12 44 46 71 89 381
0	15 23 26 41 45 46 54 71 116 156
0 1 3 7 11 12 21 37 55 68 78 83	0 23 25 29 38 46 71 89 101 161
48	8 9 12 15 16 17 27 32 49 64 66 100 102 109 110 138 148 149 159 160 185 223 289 333 334
6	213 214 277
27 36 44 109	16 52 77 91 108 109 111 200 227 383
1	15 18 23 38 66 85 100 102 138 189 254
7	2 4 6 23 54 59 68 80 166 177
46	15 16 27 32 33 38 41 54 61 68 90 94 116
27 109	243 293
52	190 611
93	46 130
6	16 33 51 83 87 143 173
0 11 21 49	37 83 90
89	391
62 70 99	15 41 45 57 83 90 118
1 37 43	85 95 127
0	170
161	10 44 68 157 189 229 249 297 528
16	33 67 85 132 157 212 307
150	8 12 15 38 41 66 67 71
15	15 27 41 75 80 116 118 119 233
10 11	0 15 32 54 71 94
48	18 148 149 227
33	35 90 93 95
25	306
6	8 78 111
0	7 12 33 46
25	2 3 4 5 15 17 32 38 54 71 94 341 374
6 14 27 29 109	67
1	12 26 37 41 85 100 102 203 205 362 366
1 43 80	220
6 63	41 116 118 208
15	15 16 61 89 90 111 118
257	3 5 6 8 15 21 25 46 59 71 80 103 155 264 512
92	32 44 87
74	21 60 132
1	27 85 118
43	15 27 45 113 115
1 83	15 18 24 46 85 100 102 189 386 515
6	15 69 78 83 84 87 162 191 337 380
15	27 30 45 54 80 85 114 116 161
6 104	120 191
117	7 15 61
66	23 38 67 100 102 135 193 194 195 218 495
1 15	16 69 78 120 124 162 191
45	15 16 18 27 41 68 83 89 91 112 116
6	0 6 15 32 38 54 80 103 148
15 17 57	27 33 54 83 90 93 100 102 109 116 165 180 181 298 346 411
42 150	41 73 211
1 9 17	151 155
1	15 27 41 71 156 203
1	18 295
53	39 48 83 85 94 127 153 165 186
19	15 41 78 116 118 119 233
64	15 116 210 211 277
125	8 9 38 67 130 385 430
37	93 100 102
78	0 6 15 54 80 153 155
49 76 117 119	16 41 54 68 94 262
21 67	78 186
67	54 83 111 118 203 277 285 297 562
6	46 83 85 96 118 143 165 186 362
128	6 16 38 71 101 202
91	172 534
6	8 16 189
99	51 156
195	15 16 23 24 27 68 98 148 223 262 451 530
6 15 28	15 17 24 27 30 32 33 54 71 78 80 81 84 85 87 94 116 119 176 182 204 207 316 317
64	8 16 32 38 101 136
50	6 32 33 40 60 75 81 124 250 301 382 573
53	14 15 27 41 78 81 84 116 160 317
73	92
0 55	39 69 78 83 85 90 96 153 165 362
11 49	15 37 51 85 86 100 102 251 275
0 80 83	116
25	27 41 49 297 372
50	2 15 24 69
15	41 51 54 116
132	54 96
9	155 292
6 74	16 24 32 180 181 195 202
0	15 16 28 32 33 46 54 83 87 90 94 136
1 8 9 17	67 68 91 326
27	15 24 27 28 30 41 85 116 156
92	280 306
25	140
28	48 60 75 78 125
24	15 27 41 48 83 87 116 187 280
48	252
57	11 16 32 38 41 52 68 87 116 185 219
94	16 59 107 151
145	2 15 27 38 152 210 339
58 68	7 33 46 68 148 271 300 301
4 6 7 12 14 21 46 51 57 60 83 105	15 30 38 67 71 89 156
7 59	23 29 76 88 135 218
7	30 51 78 118 119 187 191 233 414
40	15 41 51 83 85 116 118 119 161 233
127	107
11 12 43	15 24 32 41 54 85 87 101 116 171
30	18 27 30 41 51 116
0 7	405
49	0 7 15 54 71 203 262
6	16 23 27 41 72 111 116 189
1 156	15 27 41 51 75 78 80 85 116 119 120 121 161
48	15 24 30 69 75 90 119 121
1	8 67 71 89 101 120 142 228
12 45	66 71 103
1	15 16 45 90 93 100 102 118 183 295 366
37	78 83 116 118
66	2 38 67 68 99 251
1	6 10 27 41 51 57 60 71 78 80 100 102 116 136 156 160 203 210 424
6	27 41 118 120 280 383
37	22
6 74	67
68	274 676
59	46 88 189
15	81 84 116
25	48 95
105	15 16 69 78 164 278 279
50	40 60 83 94 106 109 110 146 184 227 250
13 43 67	16 27 32 41 63 91 275
64	16 41 66 76 80
18 61	16 23 52 68 89 112 137 249 369
43 55 73 154 267	0 2 6 15 25 54 67 74 80 127 151 153
64	83 271 280 383
73	130 243
67	0 15 16 28 32 37 39 40 41 48 54 90 98 110 124 173 186
1	15 25 28 38 46 54 68 85 156
112	25 50 57 60 83 153 165 239 309
19 68	8 66 68 107 239
127	107 314
68	7 15 41
54 112 117	50 206 244
13 52	17 24 46 67 78 87 122
91	77 127 131
18 61	16 106 116 151 189
1 20 46 83	2 4 6 8 9 15 16 38 42 44 46 48 50 54 60 66 67 80 101 124 130
17	44 45 54 59 89 101 148 299
0 13 15 50	32 33 39 83 85 90 96 165 173 186
12	7 15 18 66 212
1	41 80 100 102
38 99	11 15 27 41 116 275
1 55 58 207	15 18 37 100 102
0 14 21 54	68 147
176	270
9 68 93 142 252	15 27 41 45 255 295 437
82 107	15 17 24 27 64 68 71 85 116 144 659
6	16 116
7 49 57	15 16 68 120 156
20 30 35	23 72 77 83 106 107 146 186 227 238 327 394 549
1 55 116	15 66 80 138 212 366
9	80
99	16 24 77 85 100 102 198 239 240 265 287 353 354 355
25	8 157 243 270 448
17 68	44 45 56 76 89 101 103
51 54	49 57 67
7 55 58 76 78	15 27 32 41 54 94 116
80	25 27 41 44 112 259
7 280	15 25 41 45 55 59
12 63	9 15 44 135 208
43 74	15 24 28 30 84 116 439
104	8 15 17 38 41 116 118
12	75 78 81 83 85 147 176 254 316 317
34	15 26 41 45 49 89 101
18	10 16 137 189 219 248 261
15 120	16 27 41 57 90 107 109 137
6	118 143
99	18 27 41 54 83 91 106 109 110 146 184 185 210 227 283 327 429
1	6 23 29 37 79 80 82 256 263 272 700
134	9 12 16
1	15 27 66 80 108 116 160 178 295 353 354 355
105	8 30 78 84 164 222
54	15 32 37 61 67
40	27 30 38 41 67 89 90 111 116 118 142 143 156 193 195
22 43	116 135 218
9	15 16 18 41 45 178
117	15 30 85 284
0 11 146 155	24 30 51 71 80 94 153
6 7	48 60 107 222 485
80	6 15 27 76 88 116 135 159 179 218
0 55	186
46	10 15 180 181 323
36	16 91 109 149 180 185 372 373 662
27	9 15 16 101 228 495
12 17 49 350	2 6 15 34 43 46 101 110 153 155 177 268
112	16 32 57 68 151 239 250 367 368 422
1 21	18 39 75 78 85 93 100 102 322 366
54	0 349
0	4 9 27 36 54 76 97
54	41 85 108 116
183	15 17 24 30 38 54 80 85 108 161
6	48 60 75 77 78 124 125
6	8 15 27 41 69 78 83 108 135 160 284
0 46 83	2 24 44 46 50 67 78 81 124 130 234 235 317
68	41 45 59 68 89 211
16	67 270
226	48 127 130 131
1 55 88	6 15 23 24 37 100 102 108
29	16 23 30 68 72 83 89 111 112 116 118 285 369
14	8 12 41 44 67 89 101 112 264
53	14 27 39 40 41 78
6 64 85 106	118
4	8 15 36 46 48 49 50 56 103 264 347 390
105	15 16 24 69 78 119 164
27	11 16 53 60 83 87 91 136 263 271 314 327 351 369 437 448
20 83	109 372
1 64	10 27 61 91 100 102 120 135 180 258 283 300 301 372 373 387
54	39 41 57 58 66 68 86 89 138
9	189
1 17 83 207	15 18 23 41 100 102 178 189
6	16 18 27 67 71 78 80 112 113 115 120 191
57	15 16 24 41 64 89 116 185
15	51 120 161 248
6 85	16 30 51 53 78 83 111 116 117 119 233
19 22 68	7 11 16 63 66 98 156 223 239 332 374 375 511
73	9 46 127
77	46 98 257
38	15 67 180 181
21 62	9 12 15 44 51 98 178 347
0 1 10 11 49 55 199	24 54 94 99
2	107 120 257
7 53	40 41 56 58 75 83 96 144 153 165 173
20	6 33 88 306 376
123	15 16 33 38 89 91 137
1	15 27 49 66 68 80 103 189 295
32 37	17 22 23 29 38 100 102 133 287 353 354 355
0 7	92
6	48 50 60 124 130 131 383
66	15 30 51 75 78 85 116 118
36	16 24 68 202 204
24 41	16 85 108 118 147 191 206
58 68 90	15 26 54
1	15 16 23 24 29 38 44 68 138 147 189 251 295 424
23	483
1	24 27 135 146 160 185 322
1	24 48 153 159 175
21	15 33 38 54 68 94
1 44	48
7 83	0 6 15 38 71 80 101 161
30	16 27 71 83 89 135 187 348
1	16 24 27 28 68 73 75 89 136 171 200 202 227
1	12 15 23 38 80 161
7 66	15 27 71 228 463 464
0	15 16 17 27 46 85 142 148 161
9	38 41 189
54	11 15 16 38 46 53 67 89 90 107 118
28	14 30 43 78 81 316 317
0	35 81 83 96 143 165 199
113	0 1 2 38 54 101 228 349 471
16	73 78 124 157 171 243 363
1	578
48	37 67 89
95	16 17 68 69 71 77 78 86
0	15 17 27 31 38 42 54 66 71 81 135 155 248 255 325 393
48	10 14 15 16 27 31 32 38 71 80 101
74	8 206
17 44 48 68	27 41 71 116
117	15 41 116
1	15 23 26 29 37 100 102
25	60 93
8	16 41 83 91 135 284
1 80	16 18 23 29 37 41 67 75 90 93 118 120 287 346
1	15 74 80 103
14 17 112	12 15 25 38 44 46 71 89 100 101 102
0 54 58	15 48 60 75 77 78 107 126 146 164 173 202 209 295 394 498 616 692
6 106	32 68 116 137 185 223
60	15 17 27 80 85 248
15	15 17 118 119 164 216
36	48 60 75 83 118 124 143 318
19 22	41 50 75 108 125 130 196
9	10
21 68 99	41 51 66 177 251 252 253
15	15 31 75 78 81 316
8	16 41 58 68 89 189
51	15 67 156
91	16 91 103 160
20 43	1 27 63 109 116 154 160 223 290 371 397 404 503 527
48	23 41 75 85 96
53 125	15 37 39 40 41 153
3	15 27 41 71 78 112 116 180 181
1 172	7 46 256 295
27 109	16 51
7	7 25 38 45 67
14 83	15 26 54
1	15 16 18 26 32 66 68 87 116
23 316	15 16 17 24 28 30 32 33 78 80 85 89 100 102 108 118
15 146	8 24 27 81 84 85 111 119 248 271 351 626 683
9	17 32 47 169 219 270
192	8 27 32 57 101 202 213 250
1 17 32	2 8 15 37 44 76 86 100 102
15	7 15 34 46 51 85 89
1	0 15 16 17 27 33 41 45 71 77 78 80 89 112 119 120 203 211 216 434
36	17 18 27 41 54 78 83 91 106 109 110 119 120 135 137 184 187 210 216 226 227 258 300 301 316 327
28	15 17 27 30 80 207 245 316
78 117 132	15 16 67 89 90 111 118 124
6	16 30 41 51 117 119 233
41 82	483
6	15 16 30 78 89 120 156
25	2 4 6 15 38 80 103 212 341 466
0 1 12	2 6 15 23 43 80 100 102 148 166
15 24 107	75 84 120
78 100	37 41 57 89 90 94 101 116 250
80	15 23 24 29 51 69 114
0 11 49	37
29 94 317	16 25 32 38 52 101 107
34	9 12 15 16 27 41 54 57 61 68 83 91 94 109 137 149 174 185 203 316 427
104	17 30 51 75 116 119 187 216
68 90	11 66 71 112 202 326 347
1	45 90 118 374 375
53	6 37 40 48 51 60 73 83 96 124 153
24 55 67 84	15 17 32 33 37 41 80 116 118 204
1	12 15 24 27 38 66 80 100 102
1	15 16 18 27 32 41 45 90 100 102 108 160 185 189 210 256
17 68 83	9 38 44 85
19 150	16 27 32 41 48 56 57 66 106 108 210 211 245 250 367 368 402 473 565
92	8 15 68 83
51	15 27 41 48 60 160
6	15 16 53 77 78 83 107 118 119 171 216 280
66	162 191
0 36	48 60 73 130 131 171 335
18 232	16 32 89
1	49 58 79 82 86 262
226	127 130
41	24 27 28 84 85 87 150 207
10 105	17 30 38 68 80 120 135 150 239
43	15 23 67 71
36	15 16 17 54 76 80 85 100 102 202 204
12	8 46 68 144 159 203 234 246 255
105	14 24 27 41 78 119 216 278 279
0 11	15 17 24 30 61 76 81 85 101 103 150 197 198 207 317
45	15 16 27 41 64 87 116 160 283
27 109	10 52 89
134	41 83 116 189 251 284
44	15 30 51 182
44	16 18 27 41 48 60 77 109 110 135 136 316 327 372 387 457
68	11 23 27 41 45 91 105 107 149
6 20 24	6 15 24 67 81 84 187 317 318 352 579
6	187 280
1	12 15 23 29 66 80 100 102
53	15 28 37 39 48 60 67 75 124 125
66 68	30 44 156
57	15 32 46 54 83 87 135 300 301
36 80	39 40 41 48 50 54 60 83 124 126 130 153 159 165 250
0 11 55 155	0 54 230 718
29	16 32 53 83 107 349
25	11 107
2 25 89	23 452
5 15 41	15 35 77 78 83 87 307
36	15 18 27 91 146
4 20 44 68 90	6 15 16 71 87 101
27 109	52 87 204
70	15 41 45 57 83 90 118
103	109 160 226 372
285	15 41 107 118
6	24 75 78 118 197 206
63	15 27 38 41 54 71 85 161 203
43	15 118 119 197 233
57	16 27 135 148 160
1 19 22	15 32 63 66 101 154 180 181 202 239 275
0	2 8 12 16 24 38 54 80 94 103 133 135 298 340
7	2 8 15 25 38 44 46 66 80
37	16 24 32 37 46 100 102 116 147 171
24	15 24 41 75 84 116 117 118 119 207 216 275 383
1	12 15
6	24 84 189
267	21 46 127 130
0	16 59 68 110 148 341
1 110	8 40 50 58 80 85 103 124 126 153 156 206 207 220 243 244 272 341
7 63	8 36 48 50 60 75 78 92 95 124 127 228 333 334
195	8 15 16 23 27 63 64 116 219 223 239 251 284 415 451 581
0 48	6 32 58 124 144 155 301 382 403
53	15 27 33 39 40 41 54
66	75
4	15 25 49 67 74 103 144 178
14 44	8 12 71 158 203 221 484
0 15 17 40 41 71	41 51 111 251
105	9 17 67 69 78 87 120
1 181	10 16 67 89 101 340
68	12 15 25 38 45 89 101 161
0 12	0 15 25 38 66 103 212 299
0 14	15 17 27 38 46 54 71 89 101 148 161 299
123	8 15 16 17 25 32 38 68 89 203 286
57	7 8 12 15 38 44 48 50 59 124 126 130 144 228 231 498
183	8 15 124 130 131 201 220 372 457
9	15 41 45 118 189
91	22 51 77 127 131
54	11 15 42 46 53 67 88 107 118 271 275 362 376 423 437
17 55 62	12 23 41 74 93 120 133 205
123	0 15 38 47 68 155 219 274
43	100 102 251 287
15	24 78 111 118 156
8	41 247 338
3	25 27 41 45 46 49 89 101
150	2 8 23 26 38 80 103 177 205
1	85 95 124 206
1	24 30 41 75 85 90
6	15 27 41 68 86 89 116 160 291
247	15 68 71 87 91 156
14 110	8 14 24 27 81 135 150 158 160 197 207 291 317
6 18 20 31 35 177	15 16 89 111 118
0 7	17 41 80 112 120 161
81	15 27 30 78 83 116 118 182 316
25	11 60 108 118 124 169 194 195 341 353 354 355 372 374 375
80	15 25 41 67 71 259
7	39 42 45 48 49 124
15 54 121	2 27 30 41 71 79 80 82 111 143 186 206 295
0	7 12 15 37 46
25 62 76	2 15 16 17 25 38 49 71 76 77 78 89 103 374
6 95 104	24 75 77 78 87 135 187 204 282
54	15 27 38 41 45 49
15	15 30 41 51 75 80 116
88	15 24 27 41 54 78 83 94 116 204
25	16 73 83 157 165 171 200 202 270 305 311 318 365 405
0 49	7 15 17 28 32 33 54 71 87 94 100 102 204
77	21 32 60 83 127 165 298
15	27 85 248
33	8 15 38 46 69 176
72 73	95 127 168
104	27 67 83 85 90 100 102 161 287
0	9 15 16 24 25 32 41 85 90 116 298
7	15 22 48 124 362
24	15 27 49 60 67 78 112 180 181
11 21	16 27 41 68 91 116 137 185
57	30 51 69 78 84 191 197 207
25	48
22	15 48 67 126 159 212 362
0	40 83
2	23 29 100 102
17	48 60 131
25	40
154	15 16 25 37 38 54 61 67 74 77 78 81
44	9 16 18 41 66 91 138 139 160 185
4 12 46	66
7 56	12 15 46 89 275
23	106
9	16 41 147 151 261
7	15 16 25 28 54 71 94 298
44	16 24 45 107 109 116 138 139 160 185 237 258 283 327 331
15 117	48 50 124 126 130
68 90	15 46 67 71 112 259
77	61 90 484
1 3 37 43	16 27 41 68 71 116 160 291
4	2 8 15 25 38 41 71 80 86 153 294
0	15 46
276	120 158 421 484
15	0 1 2 3 5 7 8 15 17 30 69 80 150 161 197
75	151
60	15 24 41
8 125	10 16 32 89 101
37 83	6 13 15 66 80 138 156 248 272 275 347 518
12 44 68 90	15 26 49 71 101
6	73 75 77 78 119 206 216 242
15	15 27 81 84
7 52	8 21 60 127 264
113	0 3 5 15 67 299
53	40 83
8	10 16 49 89 101
6 27 109	15 16 18 28 33 41 57 83 106 108 157 202
57	41 68 78 89 116 118 119 216
144	27 61 68 85 89 90 110 116 118 135 184 210
121	32 41 75 78 164 182 206 207
127	15 25 27 41 64 71 116 164
67	15 40 54 78 83 85 165 186
30 142	15 16 17 27 30 39 41 51 61 77 78 83 85 91 94 119 120 121 165 187 191 226 227 233 383
0 177 182	118 143
1	15 24 38 44 45 80 85 212
0 48 55	0 1 6 15 32 33 54 90 94 148 153
1 12 17	2 6 15 39 40 42 48 50 54 58 59 60 85 94 124 126 129 130 152 153 159 196 212 230 650
117	15 27 37 38 54 59 83 94 211 299
11 36 76 155 221 256	16 23 40 42 72 153
1	118 377
110	155
37	13 15 18 37 46 65 66 100 102 103 212 234 252 253
6 104	15 24 41 51 75 81 116 119 164 207 216
25	15 17 32 38 71 80 89 94 114 161
171	15 24 30 75 80 83 87 163 187 191 305
28	30 51 79 82 111 117 119 216
43	9 15 41 54 83 87 133 150 187 257 361
105 165	17 30 67 89 120
31	119 233
17 52 53 54	39 40 48 50 54 58 60 83 94 124 130 153 165 272
112	2 3 4 5 11 13 26 67 73 76 171 511
110	8 9 24 69 120 162 191 221 348 484
77	0 33 52 90 257 300 301
6	15 16 27 116 189
0	21 33 39 54 83 116 165
113	8 9 12 15 41 68 299
13	1 39 49 50 58 60 83 92 95 117 124 153 163 165 296
5	15 36 38 41
68 105	8 189
63	162 191 193
15	30 41 51 85 116 117 119 120 216
16 25	2 4 15 16 33 54 73 77 94 171 172 202 246 311 340 511
0	15 16 27 64 68 116 147 223
12 60	24 38 76 110 135 150 197
0	46 51 99
5 20 68 83 165 166	8 9 27 38 67 97 264 481
0 43 67	6 16 39 40 73 91 107 143 153 155 173 174 190 255
25	48 95 124 159 483
123	77 87 204
25	345
346	17 24 27 38 44 46 85 122 127 212
31	15 16 30 33 41 46 51 54 80 89 90 111 116 118 143 210 221 263 298 385
44	11 18 37 85 116 210 223 251 315
123	15 83 89 116 189 275
9	16 24 32 38 44 47 89 101 204 249 292
25	23 60 105 112 124 146
9 54 112	15 25 46 49 59 75 77 78 88 103 146 362 380
125 158	6 9 15 127 130 132 151
32	0 1 27 34 54 55 97 203 529
6	16 89 118
50	206
34	2 16 28 32 33 78 90 180 187 234 423
26	8 9 14 30 31 38
144	16 136 350 358 720
1 37	80 178 280 352 386
15	51 156 251 447
24 99	15 41 75 85 86 116 118
7 52	40 83 88 165 206 243
6	25 36 44 228
0 1	15 30 46 51 89 100 101 102 161
54	78 87 95 144
54	8 40 95 144 147 519
0 55 246	15 33 54 68 122 148 300 301 303 304 319 527 573
25	95 168
67	15 25 37 38 41 46 54 59 61 83 89 116 133
53 54	39 40 54 57 60 73 83 96 153 159 165 190 211 365
1	18 118 193 295 366
6	15 27 51 68 83 108 251 284
0	8 36 189
6	60 77 78 171 200
110	21 75 221 348
4	12 15 17 41 45 71 89 101
53 57	15 17 41 156
49	24 27 33 41 69 87 116 204
1 21	15 23 26 29 33 41 100 102 295
40	8 15 16 89 219
1	15 24 27 51 71 85
4	23 26 29 37 74 256 263 433
1	13 15 27 66 80 138 295 347 366
1	15 18 23 37 67 76 433
0	126 243
9	9 372 373
26	0 8 17 219 249
35 45 85	27 60 61 71 78 81 91 94 109 112 137 184
119 161	12 15 32 57 109 146 299 300 301
7	7 38 44 45 46 71
233	126 509
281	9 11 36 41 45 83 90 109 118 135
54	39 48 50 51 83 159 165 250 422
14 44 48 68 83 90	6 15 16 27 68 71 87 116
111	1 15 16 30 32 33 41 46 54 80 83 89 116 118 210 221 263 298 304 385
7 11 25	2 38 49 67 74 78 89 103 297 374 375
9 17 150	10 15 16 24 27 45 85
17 84	15 25 45 49 54 61 76 103 133
1 4 6 23 43 48 111	16 69 78 93 101 108 151 186 200 202 261 446 531
54	85 95 296
0 7 129 170	180
0 15	15 24 27 32 33 41 64 85 111
56	15 17 27 71 116 212
44	15 45 49 56 116
48	17 27 41 59 71 89 101 112 116 120 180 181 211
7 14 17 68 83	2 15 44 54 71
99	16 18 27 41 83 110 116 137 372 373 385
74	2 15 76 120 156 405
136	0 1 6 15 28 32 40 54 94 106 153 173 186 203
26	16 83
15	41 53 78 81 84 107 116 150 270
0 1 134	46 51 92 96
6	15 16 27 41 89 101 116 118 119 216
36	124
36	16 91 101 137
6	8 16 118 189
84	16 17 54 59 61 90
17	7 15 45 71 79 82
7 15	33 60 73 78
44	32 41 54
54 67 117	7 15 25 37 54 59 61
15	75 85 120
54	15 38 42 46 203 296
54	8 42 56 57 85 153
7	15 26 41 59 71
6 31	15 16 32 38 64 65 68 84 116 137 154 185 272
7	60 83 88 96 124 144 153 165
15	118 119 216
29	16 18 25 189 270 510 528 561
1 37	15 23 37 74 113 115 119 120 233
150	15 16 41 64 66 68 78 210
15	8 24 28 38 111
78	11 28 54 135
165 166	18 71 144 152 643 670
59	88
8	118
23	140
91 121	48 50 60 77 78
6	15 16 32 78 87
13	48 57 305 306 340
28 118	15 111 187 316
59 219	23 76 218
0 7 68	7 8 12 38 41 44 46
1	15 24 41 80 85 100 102 142 183 189
68	15 203
27 56	15 38 54 71 113 115 117 118
9	8 15 472
15 99	30 41 83 85 111 118 156
9 17 46 236	8 38 67
37	37 46 85 90 100 102 116
15 24	15 24 51 75 119 121
42	109 226
1 50	27 66 135 160 300 301
36	9 12 18 149 185
15	15 27 46 116
1 4 83	15 64 66 178 262 414
54	126
1	12 15 17 23 29 38 66 80 86 100 102 161 212 240 256 265
54	48 93 129
15	118
6	17 32 84 87
68	15 27 41 80 100 102 183
19	11 18 27 41 56 68 316
14 68 90	41 45 234
9 123	15 16 62 63 64 68 116 189 219 309
1 4 37	6 12 15 16 41 44 45 80 178 212
1 7 15 55	7 15 17 24 27 28 41 80 85 94 161 404
21	54 63 80 116 386
0	0 6 15 33 37 38 39 40 54 90 94 153
0 7 10 49	15 24 28 32 33 51 54 90 94 99
78	9 15 16 25 33 37 69 71 119 233 298
11 21 43 56 81	27 81 85 116
19 42 58	10 18 109 126 239 250 371 397 498 504 558
33 77	32 33 46 90 257
17	15 27 41 73 119 121 124 130 201
54	19 21 58 73 127 158 243 309
52	190 243
0 7	37 39 153
7	15 41 66 71 103
19 22 116	60 111 130 250 309 332 652
26	16
54 57	50 60 124 146 243
157	12 15 16 69 71 234
66	15 30 64 68 120 251 275
103	9 91 135 154 159 172 218 275 353 354 355 385 592 637
14	67 203
6 163	77 120 187 283 394
66	15 24 28 32 38 51 71 85 94 156
1	15 95 243 366
80	17 23 27 29 76 120 135 179
6	28 48 50 75 77 78 124 125
17	7 15 25 46 67 362
15 53	32 85 90 383
1	12 95 96 189 295 366
12	7 15 24 28 32 33 38 54 83 87 90 94
0 68 78 95	7 25 26 59 103 161 211
8 9	27 45 248
7 52	39 49 50 60 83 92 96 165
1	83 85 95 96 118 165 362
298	0 8 16 37 44 67 101
43	18 54 68 77 87 116 154
10 17 49	15 34 46 51 100 102 251
27 109	477
28	15 17 23 26 41 45 71 80 101 116
240	2 8 10 15 16 38 64 71 80 151 180 181 202 228 340 374
1	12 15 41 71 80 83 112 203 234
36 168	180 185 283
55	21 90 403 471
174	11 69 162 191 239 311 374
68	16 27 41 54 59 61 83 89 100 101 102 120 133 210 211 387
7	15 58 362
15 23 27 43 58 61 106 111 232	15 16 27 32 33 41 53 68 116 171 263 298
40	15 51 119 233
25	15 16 32 41 54 94
30	15 41 78 85 86 118
199	41 83 111 118 206
9	222 439
1	18 83
1	8 15 24 27 41 57 66 116 212
37	15 16 41 66 68 71 207
6 74	206
24	15 27 30 41 45 51 116
21 78	8 13 15 24 27 38 71 80 85 100 102 116 150 156 422 517
0	51 83 85 96 143 165 186
1 116	15 24 27 37 51 68 85 99 100 102 275
235	4 16 24 25 41 71 116
27 109	60 73 137 171 461 477
24 27 37	27 30 33 78 85 404
0 11	23 88 133 275 324 452 478 539
33 44	15 16 27 46 67 71 112 116 259 277
21 68 90	15 16 27 32 38 41 46 89 116 362
89	168 192
31	15 16 38 248
0 1 7 11 55 76	15 16 17 27 41 61 71 80 94 116 161
6 12 15	8 46 248
113	19 48 50 60 126 209 499
32	1 2 15 17 54 101 161
32	10 38 44 144
22 199	16 32 63 151 191 202 223
15	83 92 120 195 206
11	15 16 24 27 41 78 116 118 119 121 353 354 355
318	16 90
6 66	15 24 28 30 51 275
0	27 45 46 49 67 100 102 120 156 239
1	9 23 29
1	83 85 165
111	60 192 206
1 83	15 18 86 95 100 102 240 272 278 279 673
16	125 430 645 646
0 7	8 9 44 67
6 15 104	15 30 41 78 116 118 119 182 216
76 117	94 422
15 41	15 24 30 64
36 58 103	16 27 91 108 109 149 185 226 227 283 289 290 332
11 55 165	6 15 27 38 44 161 324
54	40 48 206 228
103	15 16 18 32 41 68 116 137 185 189
31	16 23 27 76 78 116
0 7 48 68	7 15 25 27 38 45 46 49 71 103
13	1 21 32 39 48 49 50 54 57 60 83 85 90 94 124 130 153 159 165 200 312 444
40	15 16 18 27 30 36 38 41 46 57 67 80 83 85 89 90 116 161 193 194 195 206 295 301 382
145	124 127 190 335
6	3 5 67 68 180 181 202 275
1	79 82 336 729
15 20 24 45 58	16 39 41 63 90 109 135 136 372 476
54	24 27 41 84 85 116 118 150 197
51	2 38 103 152 212 231 250 268 393 405
64	15 16 30 41 83 85 116 118
91	43 51 77 422
6 30	117
1 7 10	37 54 71 74 80 94 100 102 295 404
57	2 4 7 8 15 38 44 46 48 50 66 67 103 124 126 130 144 146 152 212 246 271 339
117	15 24 51 68 78 89 189 207
1 246	15 26 37 67 88 100 102
15	157 731
28	7 15 16 27 30 41 83 118
0	0 32 46 173 186
9	47 95 249 449
54	8 27 67 86 153 169 180 181 186 193 213 277 421
1 43	15 23 27 93 100 102 133 205 366
51 112	0 3 5 15 17 24 27 38 54 71 76 80 89 101 405
54	15 25 54 59 76
9 20 52 118 123	8 60 73 130 171 264 321 335
85	15 16 24 83 87 89 101 340
0 4	7 15 38 46 67
25	2 7 8 9 12 15 16 25 38 64 80 89 162 191 228
0	15 23 25 26 27 38 45 46 49 61 89 101
15 17	41 108 116
54	41
74	15 24 77 78 81 84 87 162 197 207 317
128	2 6 16 32 38 54 101 202 212
4 5	44 248
89	304
89	130 209
0	0 96
100	57 83 94 124 165 337
15 66	15 27 41 75 84 96 116
43	582
4	3 5 15 25 38 45 49 74 76
73	0 28 33 143 173 300 301
4	8 9 67 159 206
6	8 30 51 78 118 189
3 6 31	15 38 41 45 147 189
0	8 16 32 38 73 89 101 143 173
29	15 151 219 527 532 533
6	8 15 17 69 73 78 89 101 219
46	13 15
28	15 24 30 31 54 69 81 84 135 218 316
15 24	15 46 75 78 84 88 118 187 280 282 335 352
38 80	24 27 41 51
112	16 32
89	360
62	27 41 81 83 117 119 120 216 233
1 15 17	8 39 40 42 67 122 153
83 107	9 15 17 68 110 150 347 398 425
1	15 18 22 45 93 411 454
117 132	39 58 95 96
15	15 16 41 57 66 126 149 160 210 211 250
53	39 54 83 85 165 411 454
76	15 16 18 41 45 51 54 57 85 94
1	15 17 23 27 29 41 100 102 295 366 386
7	15 46 53 67 107 362
80	15 38 41 71 85 89 118 275
0 7 54	3 5 153
1 14	15 17 27 58 77 124 131 159
32	15 17 67
6	15 16 27 41 78 83 85 89 101 111 116 118 161
27 109	16 27 68 87 116 185 189
14	8 25 44 55 67 112 161 228
10 27 77 109	60 67 73 77 90 124 129 186 206
79	2 101
0 7 68 90	14 15 27 41 45 116 300 301
6	8 15 24 28 30 78
24	54 85
207	15 16 27 83 85 90 100 102 103
54 57 78 135	39 48 58 83 127 165 312
15	15 27 41 79 82 85 90 116 161
1 36	78 118 180 280 305 383
17	0 6 15 67
30	75 118 178 280 352
0 1 15 24	2 4 6 17 32 38 39 61 71 80 94 161 204
7	80 83 90 116
99	44 46 67 85 178 208 324
32	99 111
54	349
54 183	7 12 25 38 41 42
59	27 33 46 90 107 362
134	9 12 15 68 89
62	15 25 38 41 49 74
36 50	48 60 75 78 83 92 95 100 102 111 118 124
77	50 60 124 126 130 131
25	2 7 15 16 24 38 67 74 80 101 103 202 212
6 15	14 15 27 41 78 81 84 85 116
58	46 362
15	15 41 83 116 118
60	27 41 83 85 116 422
17	31
1	6 79 80 82 272 722
54	23 29 38 71 100 102 135 218 324 494
98	124 130 270
275	15 28 38 349 471
48	15 148 176
53	39 48 49 50 60 83 165
1	23 29 41 147 164
43 78 99	16 37 100 102
9	10 18 136
6	15 17 24 28 30 78 81 84 87 204
159	15 27 41 83 89 101 116
11 21 148	15 38 41 66 103 138
160	10
15 84	16 17 27 33 41 54 59 78 85 89 90 94 101 116 148
0 11 24	15 17 24 28 30 150
6	4 15 67
127	0 15 16 17 24 27 54 76 511
20	9 12 15 38 44 46 67 88 124 130 362
8	54
0 15	41 85 161 296
117	0 16 32 41 118
6 85	8 78 120 162
123	0 17
24 40	24 85
30	27 83 116 118 223 251
17 79	3 5 25 27 37 38 41 54 55 59 61 67 203 300 301 347
7	46 53 107 200 490
10	8 15 16 24 32 38 89 180 181 202
1 37	6 15 17 18 24 32 33 48 58 65 68 69 75 77 85 90 108 116 118 119 135 150 211 272
68	409
25	6 98 103 155
24	75 77 78 92 111 117 120 171 206 280 305
43	9 27 28 80 91 111 120 133 273 316 404 671
54	39 83 96 165
127	95
103	75 83 87 119 216 343
1	9 12 15 41 66
27 109	11 16 23 53 106 137 189 219 239 438
67	40 48 60 83 85 153 165 186
6 74 105	8 9 15 16 17 38 67 68 78 88 120
29	15 16 68 160 184 189 226 371 397
45 171	15 51 63 64 68 116 156 223 239 251 275
25	2 6 15 16 17 67 80 103 155 212 297 341 375
89	73 168
0	7 37 44 46 99
10 11 55	0 16 32 203 284
0 10 78	15 37 38 46 54 89 90 101 116
17	36 60 124 301 334 382
48	10 15 16 27 41 71 77 78 112 120
14 93	46 127 362
1 146 199 324	3 5 15 37 46 86 100 102 266 272 336
17	15 17 41 71 80 89 101 112
74	0 6 15 67
27 109	16 83 87 204 242
6	16 41 57 68 83 89 106 108 227
29	15 16 32 106 137 189 210 219 239 261
1	481
236	40 60 90 95
1 46	13 66 100 102 113 115 210
40	15 27 41 51 67 135
4 93	15 25 44 45 49 71 74 80 208
0 7	15 27 30 37 41 51 89 101
0 1 24 255	41 83 100 102 118 143 178 190
6	16 52 107 151 189
1 9	12 51 79 82 85 133 143 173 256 386
42 83	27 41 45 50 57 116 211 250
7 37 48	8 13 15 24 27 38 41 80 85 116 156
43	15 54 133
48	26 45 211
54	95 107 140 296
1	79 82 736
6	38 41 67 71 80 89 100 101 102 112 135 156
37	22 78 119 186 206 216
44 45	12 15 18 26 27 30 41 51 60 67 68 71 75 77 78 83 89 91 112 116 119 120 180 181 191 203 216 426
15	16 60 89 171 186 187
1	15 17 18 27 41 80 85 116
15	17 27 41 116
0	40 186
6	17 30 84 87
1 53 54	15 24 39 41 50 54 57 58 60 122 124 126 153 159 200 271 321
0	153
30	23 27 77 105 107
6	107
68	211
6	15 89 101 180 181 275
0 7	15 16 17 30 51 71 89 101 116 137
19 42 142	15 16 18 27 48 57 66 80 103 138 210 211 223 239 250
18	15 16 83 87 106 137 189 210
24 29 123	83 87
68	9 12 16 109 136 227
15 21 80	127
8	9 15 144 363
15	85 124 207
16	15 68 311
33	21 60 107 124
0 11 83 155	10 15 32 33 38 46 54 71 90 94
318	60 73 83 93
16	48 75 124 130 194 270 309 345 521 522 585 607
14	9 15 38
14 54	15 16 67 89
6	16 32 78 101
11 15	15 17 24 28 32 37 71 87 94 204
66	22 38 116 156 202 207
6 15 82 104	503 558 600
6 105 108	8 15 68 78 111 350
43 146	16 27 32 41 83 101 116 202 416
24 48	6 15 84 119 121 155
54	25 27 41 42 46 56 57 61 67 90 215 309 481 492
236	0 9 12 15 16 54 300 301
25	2 25 37 38 60 67 74 77 78 156 375 380 422
52 53	21 50 60 127 158
15	78 108 171 284 493
241	15 46 127 131 490
52	40 42 48 58 124 206 244
0 55	6 15 33 54 81 148 152 302 303 304 317 336 404 535 573
76	7 15 54 161
112	8 25 38 45 49 56 103
6 15	16 32 68 69 78 84 120 187 282 348 385
106	16 32 52 68 84 87 136 189
68	15 30 41 51 116 118
83	15 25 38 46 71 89
7	11 38 50 67
15 49	15 37 54 85 94
16 25	168 192 243
0	15 37 54 61 80 83 90 91 116 143 184 324
1	15 17 27 37 45 74 100 102 386
40	43 45 71 76 79 82 85
19 22	544
5	15 25 38 44
9	10 45 261
0 3 21	15 24 27 32 33 66 68 69 71 85 120 161 182 275
15	8 9 147 156
27	16 23 68 89 118 369
11 17	15 38 49 54
43 80 99	23 76 89 101 113 115 195 386
24	15 16 24 27 83 116 118 160
83	80 83 87 139
57	15 32 39 40 41 48 54 122 124 153 321
20	15 16 23 27 28 38 41 64 68 78 85 95 111 116 150 155 156 166
15	16 27 30 51 68 75 84 108 116 144 251
17 31 70	15 16 41 189
53	6 40 96 155 190 206
37	15 22 24 27 85 156 353 354 355
37	15 27 41 50 100 102 322
12 44	10 18 41 45 54 160 189 210 314 531
36	83 106 185 283 372
1	83 85 95 165
1 7 48	0 7 23 25 38 46 71 89 161
6	8 17 44 67 87 144 162 191
42 112	26 27 41 48 57 149 160 210 250 398 705
14	52 189 197 245 340
0	15 32 83 116
23	24 27 38 116
41 82 91 121	60 77 83 106
6	78 147 164 325 559
28	83 280
0 11 56	0 15 24 28 33 37
6	60 69 73 75 77 78 119 120 216 280 383
68 93	15 17 25 49 67 74 76 103
0	11 15 46 68 89
11 34	15 27 41 80 85 89 90
52 53	15 27 39 40 48 50 83 96 131 165
26	0 17 24 98 172
72	25 46 48 54 90 120 362
64	15 16 30 41 54 61 89 107 118
6 85	16 30 51 78 83 116 118 119 233
11 78	15 24 27 90 116 118 147
11 55	18 41 54 109 110 116 146 226 238 258 429
31	15 16 23 72 107 118 137 189
6 115	16 32 68 89
20 21 42 58 68 99	8 10 15 16 41 48 50 56 57 159 210 211 250
33	32 107 112 300 301 369 460
40	15 24 27 85 156 248
48	12 27 38 41 49 54 59 80
6	83 90 118 186
7	15 18 41 45 46
25	11 60 85 130 202 374 375
0 1 11 12 78	7 99 268
43 67	16 23 32 63 91 101 175 180 181 202 239 452
170	0 2 15 17 38 54 64 80 161
1 5 83	18 24 37 46 78 80 490
4 17 21 44 68	9 16 18 27 57 66 68 135 138 149 223
40	8 15 38 41 85 118
154	9 15 45
1 6 15 37	15 80 84 187
59	15 28 30 84 86 404
72	48 50 58 60 124 159
43 201	15 16 60 68 90 108 159 171
1	18 27 41 45 77 136 160 185 189 210 256
24	15 41 77 204
17	4 16 67 68
24	156 447
18	11 83 89 107 116 118
46 105	67 78 120 164 180 181
9	67 85 362
43	17 27 30 116
15 24	6 15 48 50 60 67 90 95 125
48	41 49 54 71 94 148 211
7	15 38 45 67 90
15	15 83 85 118
112 206	24 48 153 159 175
74	0 2 16 18 24 41 116
19 22	15 16 18 64 66 83 223 275
55 79 83 136	15 33 35 37 39 54 60 81 83 94 98 108 199 280
25	40 180
25	2 23 25 60 67 72 73 76 77 78 81 380
63 112	41 52 85 100 102 251
0 42 57 67	15 32 33 37 39 40 48 54 57 61 68 81 83 89 94 96 143 153 165 186 298 321
95	80 83 89 90 118
1 7	15 25 45 89 100 101 102
6 27 29	16 32 68 87 116 136 154 239 435
61	15 16 24 25 38 41 64 71 116 207
116	0 15 41 66 68 71 87 116 207 353 354 355
54	27 103 133
30 74	18 27 41 57 78 83 91 109 160 184 187 300 301
1 12 83	15 18 24 37 41 46 84 100 102 103 156 240 272 278 279
48	8 15 38 44 46 67 85 90
113	8 16 54
1 43	10
64	15 24 25 27 41 64 71 85 108 116 284
111	15 16 51 155
37 43 80	10 16 24 27 32 69 78 83 91 94 116 118 119 162 187 191 216 300 301 369
117	48 54 83 96 111 118 165 206
125	67 124 485
83	8 12 15 38 74 161 248
54	16 39
186	15 41 49 54 57 481
55	27 46 51 80 85 100 102
53	39 48 49 50 60 83 96 125 127 153 165
76 117	0 15 16 32 39 41 64 251
7	7 41 45 46 161
121	51 75 83
54	259 301 382
25	15 67 78 89 101 103 297
0	15 23 26 29 46 142 148 300 301
57	15 48 64 160 223 271
67	15 16 32 33 35 39 41 54 78 89 90 91 160 173 461
121	85 108 223
1	18 37 41 75 78 85 100 102 205 215 270 322 366
68	255 403 469
1 37	12 100 102
181	15 18 41 45 68 80 89 136
0 20	23 148 166 319 341
43	243
46	99
37	18 77 109 564
10 21 43 56 78	15 116 133
83	118 135
129	15 16 17 18 27 41 71 77 83 85 118 119 120 161 164 233
28	15 41 116 118 316
17 63 80	48
68	16 23 72 99 189
44 68	11 27 37 41 45 107 149 315
63	27 41 108 116 118 207
50	17 23 54 76 146
15 24	15 27 85 86 156 250
50	37
52 54	60 144 206
7	15 17 38 54 55
0	130 132
50	54 61 83 90 116 118 143
53	15 27 39 41 78 81 83 86 116 118 165 250
6 62 99	41 53 83 90 118 143
23	180 414 446
1 37	93 112 113 115 129 180 181 234
7 12 64	12 15 46 124 182 259 275
49	7 17 25 30 85
21	15 32 38
7 125 158	7 12 15 38 44 46 49 59 71 89 100 101 102
54	39 40 81 83 153 165
75	6 127 132 294 335
15	24 30 51 54 81 84 85 87 94 118 119 150 207
113 346	246 300 301
46	16 67 94 180 181
0 55 83	39 60 83 85 88 95 153 165 362
1 12 17 83	2 17 38 44 67 80 156 161
9	25 49 61
64	83
11 17	12 15 38 41 45 51 85 89 161 177 252
7	48 120 124 362
15	27 33 55 83 94 100 102 109 116 165 180 181 297 346 411
45	8 21 60 78 158 264
1	157 189 295 366
12	26
14	75 78 119 164 169 216
56	15 30 41 51 78 162 251
1 24 35 44 48	15 16 24 27 32 33 41 69 75 78 81 83 84 85 116 118 119 121
174	1 4 66 103 135 152 162 180 181 191 202 220 239 265 294 339 612
34	15 41 46 91 112 147 178
54	42 48 50 58 60
1	15 23 74 83 90 118 189 193 295 366 422
0	15 32 51 90
0	60 77 242
82	15 16 24 27 32 41 68 114 116 207
0 1 22 37 55	15 18 23 24 29 37 69 85 100 102 240 254 404
22 24 95	16 71 78 87 162 180 181 191 202 307 350 512
124	37 67
17 80	15 25 27 38 259
136	16 33 37 54 61 78 83 94 108 162 180 181 200
0	38 67 193 195 206 287
36	9 10 12 178
8	52 137 151 372 373
57	25 37 54 59 94 100 102
95	4 15 16 44 68
41	33 83 87 204
1 6 12 37 80	48 120 223
42	41 73 211
0 17 20 87 142	12 15 18 27 32 38 68 71 211 223 251 386
67 132 216	15 33 37 38 46 48 54 67 83 89 90 94 116 118 124 178 184 239
9	15 27 32 41 85
51	10 15 38 41 71 85
32	15 37 100 102 387
54 117	48 58 124 222
4	7 15 45 46
15	8 15 41 118 251
22 88	15 16 32 61 91 108 116 171
172	15 16 24 25 32 41 51 64 71 116
6 105	8 15 24 27 28 30 78 116 120 135 218
17 34	8 16 27 38 44 67 71 89 101
51 57	8 15 39 40 48 50 122 130 153
7	44 67 100 102 112 206 208 259 396
15 74	15 27 30 48 53 68 78 81 317
113	12 23 26 29 38 45 80
21 35	78 83 92 119 187 216 348
17	16 27 41 48 116 305
68	16 89 134 151
1	6 13 15 17 18 22 23 27 37 51 66 80 85 86 100 102 266 272 515 541
1	15 33 51 78 85 96 116 118
77	46 135
25	293 306
17	15 27 37 38 41 44 45 78
17 51	0 2 15 25 26 32 33 54 80 94 114 405
48	10 15 16 18 24 32 41 45 89 211
1	41 386
20	16 32 63 67 68 78 98 109 149 154
7	8 16 40 250
44	15 71 80 147 161 228
24	15 16 75 85 116 118
13	60 83 169 173 175 186
66	15 17 51
17 48	15 25 41 45 74 89 103 161
15 28 41 95 107	8 111
1 66	12 13 15 23 29 66 80 100 102 103 120 122 183 212 248 272 518
37 80	15 17 27 76 113 115 120 133 218 404
0 13 54 67 117 132 136 154 245	48 60 83 95 143 153 165 169 171 186 300 301
15 20	8 15 24 25 32 71 85 111 133 135 298
6 45	16 68 91 147
1	12 13 15 23 27 38 45 80 86
6	8 15 30 78 83 111 118
54 186	124 159 180 181 390 426
11	23 29 295 366
74 170	24 92 93 143 186 206
103	15 16 27 57 64 68 87 136 211
15	51 83 85
54	27 37 38 67 83 85 86 100 102 156 165 256
51 112	8 41 66 103 239
43	17 30 51 69 80 87 120 135 144 204
1 6 14 21	12 15 16 26 27 32 52 68 71 78 84 87 108 116 136 137 160 185 189 223 272 284
7 15 21	28 123 137 172 204
36	16 32 61 87 89 101 180 181
9	15 16 41 68 86 98 110 116 136 262
124	0 6 36 54 98 155 212
134 244	11 15 23 105
6	16 23 32 72
24 41 171	15 80 118
55	0 6 15 33 84 155
29	16 481
112	15 17 24 85 120 203 250
1 14 21 44 45 68 83 90	12 15 23 26 27 29 41 71 85 89 101 108 112 178 203 295
110	21 48 60 125 127
6 20	15 16 37 39 48 67 75 124 125
23	67 194 195 206 477
36 45	18 57 109 185 227 372
0	46 142 153
104	15 16 27 30 41 51 80 90 111 116
0	7 11 12 15 17 25 44 45 49 67 71 85 161 180 181 259
21 24	8 15 24 31 41 85 101 116
57 67	15 32 33 37 48 51 54 68 80 89 90 94 153
53 132	39 40 48 54 60 83 85 126 165
95	32 69 87 180 181 202
13 67	16 143 169 173 186 293 365
7 17	8 15 49 50 59 159
8	26 38 99 189
30	16 78 83 116 118
7 11 15	15 41 45 161
12 17	15 45 51 86
12	9 38 151 154 219
11 22 155	24 51 80 111 120 316
20 24 29	83 87
68	15 17 23 25 45 49 85 161
15 48	15 27 32 41 68 80 85 86 136 142
15	17 27 41 78 90 116 119 233
115	17 32 69 87 144
128	92 100 102 243
42	8 16 38 44 57 66 68 89
6 37	89 112 155
54	32 88 144
1 14 52	1 6 39 40 42 49 50 58 60 67 71 76 86 94 101 120 153 156 159 161
6 36 105 163	25 27 78 135
7	28 41
25	15 27 40 64 68 85 116
6 31	32
59	8 346
15 108	60 130
6	80
99	15 37 46 51 85 100 102
20 48	15 57 68 103 146 300 301 327 371 397
17	15 27 39 41 50 57 60 86 130 139 159 160
0	0 6 7 14 15 17 24 25 28 30 31 32 33 37 42 54 61 67 69 71 76 81 85 88 90 94 100 102 120 135 182 197 204 230 299 304 316 340
74	88 206 243
1 17 37	3 5 6 8 10 15 49 101 272 405
7	78 176
54	158
17	44 46 49 67 76 228
25	15 293
1	27 66 138 160 189 256 309 347
1	15 51 85 95 100 102 164
11	24 78 182 198 207
44	15 45 49 116
19 20 195	41 136 150 189 223
1	6 15 79 82 318
0 6 15	78 79 82 85 111 120 162 275
55 58	0 6 15 41 46 54 90 94 176
150	15 16 41 66 68 210
0	96 187
154	16 37 38 46 54 83 89 94 100 101 102 133
80	83 90 118 252 495
6	8 16 38 49 107 189 219
6	30 51 83 118 119 216
6	8 16 78 118 189
1 11	15 17 24 27 41 71 85 87 150 161
43 77	16 25 32 33 54 60 90 107 126 130 153 238 298
0 7 11	38 44 55 67 71 78 208 380
127	297
110	21 24 28 30 85
15 40 74	15 24 27 30 51 81 85 116 118 191
238	16 27 38 41 51 68 83 89
7 24	2 15 16 67 76 81 89 153 208
68 76	189 422
68	19 60 125 127
30	15 16 17 78 90 111 120 143
6	50 83 100 102 206
27 67 109	15 23 45 57 83 91 100 102 106 109 119 137 178 184 185 216 227 258 348 365 471
37	155
63	8 36 38 44 67
50	95
72	69 168
6 74	15 17 24 30 69 120
17	15 27 38 76
1	30 156
82 165	32 69 71 87 239 385
7 54 76 183	193
32 79	0 2 36 37 44 54 80 101 116 303 304
16	5 73 75 77 78 125 171 200 206 244 343 403
0	27 46 54 94 148
6	27 85 155 185 247 269
0 17 49 78	15 37 38 46 51 100 102 251 274 275
54	38 48 49 60 67 77 444
7 53 68	8 19 21 48 49 50 60 124 153 264
263	27 38 41 54 57 80 89 90
59	16 116 135
11 130	16 32 41 91 118 275
41 92	9 11 15 48 294 622
25	16 73 171 180 365
0	27 32 39 54 97 302
52	39 40 42 50 58 60 83 124 126 130 153 159 165 190 210 337
45	15 32 69 71 78 116 119 120 161 187 191 203 216
6	16 41 60 68 78 89 116
1 14 53	85 88 206 243
1	18 25 178 295
124	60 73 100 102 168 171 192 243 281
55	0 15 37 71 85 89 101 142
51 57 68 90 170	1 6 8 9 12 38 44 46 153
255	27 30 41 51 78 79 80 82 116
6 36	16 32 108 185 289 357
49	208
62 98	23 105 109 110 185
36	16 91 137 180 185 285 316
6 7	8 38 44 49 219
6 53 104 117	15 68 78 89 135
25	60 73 171
43	88 127 193 195 243 421
142	28 48 60 92 103 124 174 492
8	6 15
170	0 7 15 25 33 51 101 203
48	48 49 50 60 81 96 124 189 321 429
1 99	23 41 189 295
1	15 24 80 100 102 161 240 404
84	15 16 33 41 71 78 80 83 94 116 143 161 219
1 37	15 27 80 85 101 142 161
11 38 56	8 38 67 83
6	18 27 41 78 83 110 116 119 120 121 163 226
6	16 30 32 87 189
17	27 30 38 71 78 228 252
50	16 33 83 90
1 12 83	0 6 15 38 48 59 66 71 80 100 102 103 124 130 153 207 212 231 240 248 404
26	47
33	25 33 46 77 90 298
18	16 189 274
195	15 24 27 28 150 160 197 207 291
43 80	23 113 115
15 30 60 104 108	118
0 76 153	27 37 38 41 54 80 83 90 111 116 118 347
113	8 50 126 130 131 209
41	30 77 78 120 180 181 187 191 198
15 41	15 24 80 83 84 87
11 155	0 15 32 33 54 80 223
121	15 30 41 51 85 114 116
17	37 190 213 390
1 12	8 9 28 38 87
46	243
41	28 87 127 207
95	15 41 71 83 108
78	7 38 275
1	15 23 32 37 86 100 102 157
29	9 16 68 83 87 89 136 154 385
121	48 77 144 353 354 355 423
1	6 43 71 79 82 393
54 76	50 58 83 96 153 165
6	23 38 105
193	0 15 22 28 32 33 38 46 90 94 148 298 349
0 1 7 11 76	15 33 41 80 116 118
44 85	9 12 16 68 84 89 91 136 185 427
6 169	16 32 38 63 68 78 84 87 116 136 137 144 239 350 438
27 109	83 87 89 101
135	41 66 147
27	11 28 32 85 88 302
85 183	16 38 89 90 101 107
18 61	15 16 27 68 89 118 151 219 372 373 506
24 41 99	15 24 30 81 85
17	9 73 75 194 243
44 99	27 48 107
6	16 17 24 30 37 38 67 100 102 113 115 198
48	0 6 15 32 33 54 64 90 94 155
115	0 17
0 11 12 49	15 37 46 100 102
17 59	5 10
117	60 96 147
27 109	9 11 15 16 32 53 57 68 87 136 448 467
59	179
17	296 306
6	16 33 78 89 101 162 171 193 285
101 175	10 17 148 178
43	15 27 41 78 116 120 161 183
24	15 27 30 41 116
6	75 108 280
6	17 32 68
0	73 124 171
64	16 24 27 41 112 116 147
1 43	15 23 27 85 133 178 205 386
36	15 32 41 51 68 78 116 185 189 251
0 17	83 92 118
64	18 27 83 116 146 185 429
9	16 32 67 68 91 155
29	11 107 329 330
88	15 16 61 91 116 447
37 43	93 133
17 59	2 15 25 38 44 49 67 76 77 103
36	15 16 18 27 38 45 51 57 89 251
66 95	17 67 77 78 113 115 120
29	0 15 38 63 116 251
16	38 50 60 73 103 130 171 200
22	399
124	112
50 55 66	25 33 37 60 67 83 93 206 239
44	15 27 37 54 116 315
1	23 27 30 37 51 76 133 295 433
17	4 339
54	48 50 60 250
1	336 718
1 21 37	12 15 18 27 41 71 90 100 102 108 112 205 366
18	16 91 137 189 202 219
59	16 38 91
50	386
0 11 50	83 160 184
6	95 296
49	12 16 24 71
48	15 17 27 54 59 67 79 82 83 85 89 101 142 161 165
0 21 76 78	15 54 94 275
0	51 83 85 96 143 165 362
0 48 55 76	15 17 27 32 37 38 46 54 90 94 148 161 299
50	15 27 54 57 76 77 91 148 184 299
36	16 52 189
15	15 17 24 27 28 30 69 78 85
6 15	15 64 83 280 284
0 7 49 78	15 24 28 37 80 83 87
7	15 25 38 71 405
181	13 100 102 127 164
260	15 16 27 32 54 69 78 80 85 89 156 204 404
62 66 238	15 18 27 41 45 57 83 109 110 184 226
1	15 27 66 68 80 347 386
20	0 16 41 116
0 7 66 84	15 30 46 51 83 89 101 116
0	15 46 67 71 203
13	90 737
1	17 81
92 108	86 119 121 176
27 109	92
53	48 60 90 124 125 190 403
64	8 16 27 41 53 83 90 107 108 110 118 207 414
89	73 171 243
1 37 55 58	18 23 24 27 29 41 100 102 116 189 278 279 387
11 15 17 76	15 24 25 27 41 68 83 87 89 116 404
12 17 112	12 27 41 116 234
134	0 7 54 71 76 94
7 48	15 27 41 46 83 85 114 116 142 148 161
63	8 27 30 38 41 84 111 116 118 135 143 186 206 208 244
6	525
0 48 55	8 60 90 403 485
6 104	15 44 84 111 118 119 216
0 10 11 49	33 54 94
67	16 27 160 262 353 354 355
72	124
36	36 83 87 173
63	48 50 60 125 305
0 24 48 76	6 66 479
53	48 60 190
33	60 77 84 119 121 335
0 59	28 48 60 73 77 78 124 130 171 200
0 77	15 57 149 184 210 250 372 457
40	7 15 23 27 38 41 43 45 386
295	67 120 150 162 191 197 207
44	12 366
52 117	8 21 49 50 75 78 124 125 264
1 4 68 93	378
12 50 57	2 49 177 247 250 338
67	15 16 27 37 41 46 54 61 71 83 90 100 102 116 118
21	15 16 18 27 32 41 54 108 116 184 227
6	16 23 33 52 72 137 189 239
54	11 15 27 41 67 71 275
170	15 25 32 37 48 49 50 60 90
6	50 89 100 102 195
38	53 369
27 109	73 182
17	88
37	8 9 38 46 67 156
25	60 260
19 42 44 50	16 18 27 32 48 57 66 91 103 106 136 149 160 211 283 310
9 27 109	41 48 52 60 73 75 78 83 107 124 165 169 171 174 222 280
37 80	16 76 78 194
48	83 85 92 96
0 55	32 46 73 124 171
31	15 18 24 27 31 66 116
0 1 7	15 27 32 41 80 90 116
6	8 15 16 27 28 30 41 64 87 116 150 197 207 220
6	8 15 16 41 53 83 107 118 505
25	15 341
44	41 60 75 77 85 116 191 207
260	23 54 452
95	27 32 90
52	1 15 44 56 58 144 153
48 84	0 33 39 49 50 54 60 94 153 298
50 99	15 27 30 64 86 118 275
15 20	738
19 48 50 54	146 207
45 85	95 120 348 484
9 43	78 83 95 124 190 193 293 301 382 495
53	50 58 124 321
0	16 41 51 447
19 21	18 41 54 63 66 83 116
0	85 96
1	27 48 53 107 200 227 321 372 457
7 52	48
28	30 31 51 117 316
14 21 44	10 11
0	15 32 33 46 186
54 132	60 321 372
1	6 23 29 79 80 82 256 278 279 433
21 44	33 37 298 315
54 117	23 39 41 49 60 75 81 83 85 96 105 124 143 165
144	85 173 186
0	15 46 53 135 161
37 66	17 24 69 75 78 116 120 162 191 206
1	5 10 17 45 67 100 102 113 115
125	15
48	2 15 333 334 349
117	37 38 67
104 321	30 51 83
14 44	11 15 27 41 68 71 78 89 108 116
50	27 100 102 160
25 50	2 91 94 116 143 148 203 239
5	8 26 41 45 57
53	15 17 24 27 30 41 84 85
33	7 15 27 41 46 78 81 88 116 135 362
14	2 6 15 17 27 32 38 71 80 85 101 161
44	15 27 41 75 77 78 83 84 86 116 118 160 176 204
124	4 15 16 27 32 41 55 68 91 97 116 133 172 212 316
14	8 15 16 17 24 27 30 32 71 80 84 85 87 101 116 120 202
33	15 27 41 66 138 229
6 105	16 51 83 85 108 117 118 119 187 216
110	21 69 78 221 421 484
18 21 61	25 71 116 326
105	8 16 119 147 164 216 278 279
43	15 17 23 37 90 100 102 114 120 218 263 404
6	127 169 173 180 181
20 48 68	11 57 89 101 107 112 146 159 250 275
49	8 27 41 66 108 109 210 247 338
6 68	8 16 17 25 49 68 89 219
27 35	27
6	15 25 30 54 61 68 71 94 135 251
1	51 85 206
36	15 16 23 27 41 54 61 68 72 89 90 91 136 137 185 203
157	48 60
25	7 15 25 37 74 89 100 102
19 21 24 43 99	15 18 24 27 57 85 136 156 211
177	15 24 84 111 358
36	43 89 185
17	405
1	15 17 23 26 27 41 45 49 71 89 100 101 102 112 386 433
26 123	15 16 38 89 101
0	15 33 39 47 78 81
8	15
16 17 125	3 5 8 9 15 16 25 38 44 54 67 101
15 22 24 41	15 17 27 28 30 46 48 60 69 77 78 81 85 86 124 129 272 524
15	41 119 120 216
6	24 69 75 78 162 187 191 206 207 244 282
105	8 16 38 67 78 89 120
27 109	9 11 16 27 68 185 300 301 372 448 457
15	15 51 75 85 191
63 314	44 67 76 208 362
127	2 6 8 25 41 54
21 44 181	15 16 27 32 64 66 68 80 138
43 80	23 76 255 346
15	6 15 16 24 32 38 51 68 71 78 85 87 101 116 144 198 348 350
45	8 12 15 25 38 44 45 46
9	11 68 83 89 107 116 118
247	15 16 17 32 71 80 91 101 180 202 258 329 330 437
54	8 68 76 101 127 153 159
54	7 50 100 102 422
1 32	3 5 12 15 46 80
6	53 117 118 119 216 233
99	11 27 41 57
43	17 59 61 67 78 83 91 120 161 164 184
68 264	27 38 41 45 177
16	96 255 270 360
1	8 71 112 116 203 221 264
88	7 27 38 44 89 143
117	25 49 59
80	255 306 364
27 109	16 91
107	8 16 67 111 116 156 202 277
20 67 154	9 12 16 91 101 144 148 149 239
29	0 33 107
76	28 32 33 54
97	28 60 73 84 85 94 100 102 171 204 206 241
1	9 12 16 18 66 68
123	8 27 68 89 189
33 44	91 109 110 116 160 174 184 185 372 373
12 112	0 12
25	6 11 27 87 95 100 102 116 127 131 155 212 306 386 479
27 109	60 92 95 285 369
21	11 37 54 116 315
15 48 104	27 41 85 108 116 118 119 156 216
31	99 189
51	2 6 15 16 27 38 68 71
0 6 10	15 16 17 24 27 28 30 32 33 37 68 80 85 118 254 275
17 32 51	8 9 38 44
12	8 24 38 44 91 135
54 224	90
121	85 204
6	15 17 27 41 118
53	24 27 41 75 78 81 84 108 116 160
6	15 30 51 75 84 116
66	16 78 111 117 120
134	108 109 136 223 237 372 457
77	8 16 25 119 136 233 337
0	93 193
62	15 16 37 38 41 46 54 61 83 89 90 100 102 116 118 203
43	15 24 32 61 77 78 114 116 120 316
6	718
1 4	7 10 23 26 45 51 251 422
0	17 24 28 30 54 71 150 186 207 245
95	15 16 32 38 41 68 69 71 84 85 89 228
285	16 41 52 118 189 219
6	305
54	50 124
14	73 130 132 171
296	8 100 102
1	483
53	33 61 101 250
6 20 53	28 37 60 78 83 85 87 88 90 186 194 239 241 270 492 522
89	243 257
0 1 17	15 17 23 24 38 80 122 127 150 161 166 212 265 404
1	15 18 27 80 86 100 102
1 99	15 18 37 90 118 251 295
117	8 37 38 50 124 362
291	16 27 41 107 189 239 251
15 41 92 107	16 27 87 118 144 150 182 207
15	15 27 41 66 71
67	171
83	9 12 41 56 103 107 108
351	33 180 181 215 255
13 67 117 154	60 73 143 169 173 175 365
36 88	15 17 54 94 298 324
80	15 17 67 76 89 101 179
1 9 24 37	15 100 102 189 205
110	15 24 158 206 207 221
1 40 62 68 262	18 23 29 45 51 251 366
15	14 15 24 27 28 30 78 84 85 87 116 135 150 156 160 197 207 247 254 387
51 57 67 285	85 86 142 250
40	206
6	28 33 87
67	15 25 37 38 41 46 54 59 61 83 89 116
95	15 17 38 69 71 76
3 94	16 106 137 151
1 36	8 40 48 58 60 74 83 119 124 153 164 165 216 339
142	27 66 85 96 513
6	15 27 41 78 116 117 119 216 316
193	60 130 189
12 68 80	15 27 31 88 116 135 218
0 1	0 2 3 4 5 6 15 54 80 101 265
34	36 147 274
18 61	41 106 146 160 227 237 283
0 7 8 9	10 27 45 51 248
25	15 67
0 54 67	23 38 39 42 72 91 154 185 558
13 34	60 143 186 219
6	7 15 17 24 30 67 76
19 83 150	68 189 274 676
59	44 88 463 464
33	15 25 54 90 298
16	73 124 171 190 250
64	109 110 111 227
14	7 15 16 27 38 41 68 71 85 89 116
25	60 168 192 281
48	8 18 90 94 116 148 210
1 9 99	18 23 45 118 251 366
0	8 15 16 41 71 147 259
15	27 30 41 67 111 116 120 383
1	23 113 115 133
3	15 16 32 89 162 350
54 132	39 40 41 83 85 94 153 165 250
54	248
16	4 15 16 32 73 76 89 91 171
17	8 12 25 26 38 41 45
25	169
54	8 15 38 67 208
77	318
124	4 15 16 27 33 55 76 97 316 387 511
1	27 85 116
54	40 48 159
7 17 54	12 42 49 50 58 67 80 89 101 103 107 120 153
106	32 41 116 189
125	15 47 67
5	6 8 15 41 66 71 76 151 189
6	8 111
78	16 17 27 30 41 51 57 71 78 83 91 120 137 146 180 181 226 227 283 300 301
58	61 148
25	60 73 124 125 171 200 243
15	24 77 84
6	15 16 67 339 421
15	8 15 24 27 41 45 68 116 248
26	68 116 147 153 219
6 108	75 108 111 280
1	8 9 15 24 25 28 33 41 54 64 94 366 431
21	10 16
78	27 54 83 90 116 118 135
31	15 16 27 32 52 85 89 116 189 219
12 36 44 83 231	15 27 64 160 184
78	2 15 23 25 60 61 67 72 73 74 77 78
89	9 53 127
6 15	60 73 77 78 84 171 200
25	16 33 38 54 73 78 83 89 96 101 157 171 206 297
32	0 16 34 38 54 101 230
0 11	7 15 24 25 32 33 37 101
25	16 73 171 192 200 335 365
54	27 41 50 80 83 85 90 118 263
24 41	30 51 77 78 83 84 85 87 108 111 116 117 118 119 121 162 191 233 252
1	6 15 41 81 84 147 155 164
6 104	8 53 107 111 118 119 164 216
92	350 448 483
6 27	15 39 83 91 109 124 137 185 187 238 258 282 283 372 430
76	16 37 54 59 83 91 94 211
6	24 78 81 119 121 135 218
0	15 28 46 54
66	17 38 84 114 116
1 37 43	15 27 37 41 51 85 100 102 433
88	73 81 143 173
25	53 60 73 75 190 243
32 42 43	16 24 27 41 57 68 108 116
9	16 32 67 144 180 181 202
56	10 15 51 89
56	77 78 160
15	15 83
89	9 10 23 33 130 171 200 243 405
6	48 75 78 88 124 125
21	15 16 37 41 64 83 116 315
11	0 1 3 5 6 15 17 54 80 94 153 307 557
15	15 27 30 41 51 116 117 119 121 161
43	23 27 100 102 103 133 387
15 95	15 27 41 43 45 71 85 248
43	75 255 403
17 68	10 51
117	16 37 54 61 83 90 387
3 5 50 95	15 38 41 51 71 85 101 251
0 49	51 99 150
226	48 95
21	15 16 64 68 89
48 68 90 99	11 15 16 18 27 41 52 107 137 219
159	15 28 57 156
1	12 100 102 272 353 354 355
33	25 33 35 46 60 77 81 90 298 362
11 37	15 37 68 100 102 275
53	21 48 60 83 153 159 165 169
36	16 73 171 172 185 283
9	71 387
52	39 48 60 73 124 190 271 351
46 129	6 12 15 38 68 71 110 116
54	46 88 146 362
89	60 73 107 171 318
74	24 67 69 75 77 78 147 191 206
9	67
6	15 17 24 27 30 85 87 144
37	15 27 51 77 78 85 86 116 119 121 133 135
44	11 15 16 27 41 66 80 89 90 112 116 118 120 143 161 295
36	83 187 361 450
36	10 16 32 67 91 94 101 180 181 202 275
31	15 16 26 27 32 38 89 116 189
78	15 17 24 27 41 78 80 85 100 102 161
73	95
0 117	27 37 38 41 80 90 111 118 124 133 143 347
15	7 15 45 85 248 252
68	11 15 16 18 27 41 107 116
36	207
38	116 156
67 91	0 2 6 8 12 16 23 28 32 33 37 38 40 44 50 53 54 60 67 71 73 80 94 107 140 157 171 173 200 243 270 311 365 448 452 467
66	15 16 27 32 45 78
0	15 16 38 42 68 69 71 89
0 15 64	15 27 54 83 91 118 164 316
142	8 15 16 18 27 48 49 159 201 211
127	9 12 25 41 54 68 83 108 116 160 202
15	23 27 29 44 68 89 135 177
0 71	16 32 33 101 148 153 250 300 301 558
0	15 17 41 54 59 61 71 116
0 19 42 142	16 23 27 48 57 98 166 211 371 397 398 504 527
42 44 195	15 16 18 24 27 51 57 63 68 108 116 136 223 251
10	15 24 32 38 45 89 116 161
6 66 223	15 16 30 32 38 67 78 80 89 120 162 191 350
67 154	7 15 16 54 61 83 85 89 101
13 54 67	50 60 126 176 202 423 616
1	18 147
25	8 9 10 16 32 33 54 68 85 89 98 101 136 157 173 180 181 206 297 365
4 20 68 150	10 11 27 57 103 107 210 271 558
16	51 85
43	75 243 362
53 54	39 50 60 83 130 153 158 165 271 321 351 444
99 150	24 27 85 210 291
50	8 15 16 33 38 83 298
144	15 84 101 185 202 239 285 312 332 372 549
25	2 6 60 78 93
6 17 46	16 67 76 120 156 202 405
111	83 277
132	0 6 15 16 28 32 33 37 39 40 48 54 90 94 124 173 186 298 461
6	32 87 101 180 181 202
1 3 4 5 37	15 41 54 71 85
0 53 208	60 194
6	24 27 30
13	23 28 29 32 33 35 36 37
6	16 27 41 78 120 161
9	15 27 100 102 138 189
6 163	10 67 94 136 180 181 202 203
4 21 44 50	91 109 160 184
66	116 156 207 414
11 49	12 15 46
15 17	15 48 50 306 499
53	6 8 16 27 41 44 48 50 58 66 76 96 101 107 127 211 486
160	6 124 130 131 335
25	8 9 16 33 38 40 48 60 73 89 101 124 171 200 243 305 311 375
13	15 16 27 32 41 54 61 68 77 78 83 91 94 108 116 185 186 316 387
15	30 41 51 79 82 85 116 161
95	11 15 17 38 51 71 85 251
21 64 104	16 27 41 51 57 85 89 143 251
128	100 102 180 181 318 496 525
44	18 68 107 116 223
15 20 24 81 104 107 142	24 30 32 63 68 87 112 116 120 147 156 182
9	16 18 27 41 83 109 136 369 429
160	46 48 130 131 201
78 153	15 38 89 275
37	22 306
150	8 15 16 24 27 32 45 48 57 68 211
27	27 135 160 184 487
54	8 21 50 264
17	49 80 116 206
6	17 78 84 87 108 118 150 207
54	7 15 17 25 37 42 46 67 71 94 100 102 140
9	10 200 234
9 24	15 41 68 251
18	27 83 87 91 136 149 160 227
72 124 352	107 130 243 335 525
7 49 76 78	28 37
20	14 15 16 24 27 116 347
27 109 116	15 18 25 75 77 78 83 195
66	15 35 78 162
17 80	12 27 36 38 41 45
27 109	16 30 32 77 78 87 202
37 43	15 23 67 94 114 120 133
117	7 16 54 61 83 203
48	15 45 54 59 67 76 85 161 178
41	24 27 28 30 41 68 81 85 89 116 156 197
305	15 16 17 69 71 228
54	169 173 186 288
1	23 76 100 102 295
0 14 44 68 90	91 101 108 191
1	6 15 23 24 27 29 80 85 95 100 102 129 133
149	202
25	28 32 35 73 90 423
85	16 17 27 41 51 67 78 112 116 120 191
1 37	180 181
53	6 40 155 243
89	8 9 33 73 124 157 200 243 270 297 448
99	10 18 27 41 45 51 100 102 183
0	37 81 90
21 43 54 68 99 150	15 24 27 85 156 248
21	10 15 16 17 26 27 38 45 49 71 116
1 44	12 26 27 66 68 116 138 256
99	37 46 59 100 102
117 132	15 16 37 41 54 83 100 102 116 118
15 24	90 173
67	16 27 32 41 48 53 68 73 87 91 101 108 159 171 263 298
29 85	15 16 32 38 64 68 84 87 116 151 189 249
49	15 37 51 54 94 99
17 20	50 59 63 126 130 144
53 54	6 15 30 37 40 49 83 116
43	16 17 23 78 113 114 115
78 113	0 6 23 148 166 333 334 341
70	15 18 27 41 108 116
7	15 16 37 38 41 46 51 54 89 100 102
0 1	36 78 126 419
6	15 16 27 89 189 275
0 6	32 54
6 15	16 78 83 111 118 119 120 156 233
26	15 16 24 32 38 68 100 102 239
54	6 49 53 153 155
0 11	15 37 38 76 88 275
30	85 111
133	16 27 91 98 109 149 283
7	6 96 155
6	15 53 84 119 216
64	143 169 173 285 365
6	8 16 30 52 89 101 116 118 119 216
132	0 6 15 16 27 33 37 39 54 153
1 37	1 8 38 50 58 60 71 74 126 130 148 152 344 362 546
260	15 16 54 68 89 94 307
7 51 112	12 15 25 38 46 71 89 100 102
63	15 23 27 29 32 38 71
25	0 1 2 9 15 28 33 38 54 61 67 90 101 153 173 186 190 202 203 258 358 365
40 68	41 43 45 79 82 316
21 336	8 18 41 45
1	15 23 27 38 44 45 67 71 80 100 102 112 147 295 386
6 15 105	15 278 279
99	15 27 41 45 89 161 251
8 9	11 16 71 154 159 189 326 385
1 37	12 15 27 97 98 205 256 332 341
7 53	8 21 48 50 58 60 75 83 124 127 165 264 343
6	14 15 24 27 28 30 81 84 85 100 102 116 135 240 316 325
9	8 38 101 249 292 326 528 739
24	27 41 51 85 95 96
54	11 27 50 60 89 100 102 195 206
12 57	2 8 46 66 110 177 212 239
41	8 24 27 28 38 80 111
15 41 107 260	38 67 77 444
1 65	24 39 42 48 58 85 159 220 272
53	15 41 116 153
1 9	8 16 21 124 127 219 255 403
1	103 138 366 371 386 397
7 14	12 15 16 17 26 32 71 112 203
59	10 15 27 38 45 76 89 101 120
53	48 50 243
48 55	15 33 37 54 68 89 98 142
31 36	16 52 372 373
7 125	0 3 5 15 49 54
116	83 108
52	40 48 50 60 122 126 153 159 321
48	85 95 96 228
11 20 21	15 16 24 27 32 87 89 116 118 154 275
6 15	38 89 101
76	16 32 37 41 59 83 94 275 315
17 24	15 16 384
9	15 16 41 45 68 89 151 189
134	11 23 27 45 105 107
6 27 29 103 109	15 16 32 33 41 48 53 57 68 73 87 91 101 116 159 171 263 298
45	15 41 45 298
99	15 16 27 32 41 52 136 189
15 17 24	48 95
80 172	15 17 44 54 59 76 89 101 103
1	22 41 100 102 160 292 366
9	15 147 278 279 415
334	0 1 15 28 93 140 142 148 349
83	9 10 12 15 16 18 41 45 89
53	15 27 51 78 85 116
55 76	15 27 80 85 90 275
16	424
0 97 125	2 3 5 6 8 15 24 25 38 48 71 80 103 152 153 294
27 109	16 32 38 52 68 87 136 137 185 189
0	15 61 89 94 116
15 120	124 206
0 49 78 177	15 16 27 38 41 66 90 94 116
34	33 171 350
25	15 48 49 60 118 293
37	22 84 132 207 493
127	0 8 10 15 16 25 32 38 54 87 89
0	41 46 67 83 85 118 206
1	37 100 102 118
6	16 30 51 67 89
10 11 49 155	15 17 32 41 61 71 94 161
0	16 54 76 89 90 94 116
49 69	7 17 30 54 71
11 17 76 84	15 26 27 39 41 45 48 49 50 54 60
0 7 49	7 15 37 38 46 71 89 101
1	15 23 38 100 102 272
48	15 17 41 54 90 148 149 184 327
7 48	15 27 41 80 89
81	15 16 32 64 68 84 108 116 189 223
15	15 41 116 117 119 216 280
6 7	8 16 38 147
83 92 107	15 16 68 78 147 150 162 202 239 339 347 370 380
0 74	17 38 68 69 78 85 88 118 120 219
5 24	118 207
24 41 104	15 27 41 116 118 414
0 7	38 46 161 189
50	15 23 29 33 41 45 85 177 295
15	41 78 316
48 78 227	15 16 54 83 89 94 116 307 387
1 15	69 78 85
0 7	15 43 44 45 51 208
89	157
80	15 46 88
104	8 92
17 83	2 6 8 9 38 101
7 47	3 5 8 19 21 50 60 75 78 264
35	11 41 53
52	8 21 60 127 264
27 103 109	9 10 16 32 41 68 160 184 187 282 283 316 348
35	17 25 27 67 78 89 116 120
6 36 44	16 33 66 83 106 111 138 185 257 329 330 427
1 52	6 15 24 27 37 39 40 42 48 50 54 58 94 122 126 129 130 153 159 190 444
0	9 15 16 18 24 41 45 89 116
150 292	15 16 41 45 68 78 89 210 211 437
0	46 83 85 165 186
14	8 15 16 24 27 30 32 71 80 84 85 87 101 116 120 156 202
1	15 16 17 23 27 29 33 37 41 71 83 100 102 116 119 120 180 181 189 191 203
6 15 24 41	25 35 60 75 77 144 168 176
43 201	116 156
68	15 27 41 45 116 118
1	15 16 18 27 41 90 100 102 116 386
1	15 18 37 100 102 118 295
89	16 73 424
6	15 16 17 67 69 89 101
21 104	27 83 116
36	28 32 54 61 203
1 15 27 61	0 2 16 17 24 32 33 35 37 54 60 61 69 71 78 83 85 87 90 101 108 130 162 171 173 180 187 191 202 204 298 305 441 455 655
10	15 68 89
280	16 32 67 89
0	15 16 17 24 28 30 32 33 37 61 68 80 85 91 94
1 11 155	9 15 124 127 130 131 132 151 153 225 241
8	0 15 38 44 67 89
0	32 124
6 163	111 184 187 193 276
15	6 15 27 42 48 58 116 159 223
105	53 95 107 189
1 14 99	0 16 41 66 71 116 160 291
1	15 23 100 102
67	15 37 38 41 54 61 68 78 83 84 89 100 102 133 172 186
162	17 98
100	15 16 30 67 156
1	15 50 60 131
1	113 115
51	0 2 3 5 15 32 33 54 80 94 405
7	37 40 41 48 83 96 165
42	41 57 184 210 353 354 355
95	85 86 156 354
12	6 23 38 46 80 101 212
110	21 41 69 120 150 158 197 207
17	15 23 27 38 41 43 45
14	16 32 38 52 68 89 136 189
53 54	39 60 83 165
6	16 17 67 78 101
0 353	33 68 71 87 90 113 115 299 353 354 355
6	16 213 214 337
50	372 373
7 57	2 6 49 66 103 110 405
20 27 134 244	11 23 105 107 135 160 210 290 291 372 427 457
80	12 46 66 177
58	11 28 73 137 143 167 171 172 173 175 204 285 353 354 355 359 365 434 468 469
15	78 90 111 116 118 119 216 337
25	116
46	7 17 67 80 100 102 161
7	15 17 44 56 67
7	8 15 21 50 60 124
1	15 25 67 74 76 80 178 256 347
29	106
6	16 17 30 51 78 114
1 4 7	0 2 16 37 38 46 54 68 161
6	15 28 118 187
6	30 51 117
60	27 75 77 83 108 160
0 55	6 8 15 32 38 54 71 94
13	169 172 186 547
0	50 60 85 143
29	15 16 63 87 116 154 185 189 223 326 481
36	15 28 32 54 61 90
52	48 50 60 85 96 309
6	108 116 117 119 216 277
81	83 182
7	41 89 101
224	15 16 18 41 45 68 89 91 116 189
53 54	40 48 73 83 165 169 171 206 271 351 444
54	27 41 57 139 239
77	171
9	15 18 23 29 41 45 74 100 102 161 178 295 386
54	24 37 46 51 54 56 83 133 275 422
36	372
15 24 48 260	27 85 95
41	41 119 121 176 306
68 99	15 16 30 41 45 51 61 89 90 111 116 143
149 234	15 16 24 68 71 87 91 154 180 181 202 239 385
16 25	16 33 37 40 68 101 110 144 202 275 311 349
17 238	15 17 66 69 71
6 104	8 15 24 27 30 41 68 84 116 135 150 160
7	27 38 41 67
0	16 32 33 113 115 212 299
0 11 55	15 28 32 90
80	60 144 175 206 244
53	15 24 27 41 75 78 84 116 119 160 197 207 216 387 411
0 15 17 24	92 125
15 41 45	15 24 27 28 30 51 69 78 81 84 116 120 135
0	83 87
78	41 644
55	83 90 93 111 118
12	15 17 67
54	16 83 90 100 102 206
3	15 27 28 30 32 78 81 85 86
20	27 66 87 207 223 245
103 149 196	23 27 42 63 68 72 101 106 109 137 149 160 211 239 247 327 332 443 549
47	24 30 75 84 85 116 119 216
76 84 117 246	40 48 50 85 124 126 206 244
52 117	85 206 309
1	23 67 76 100 102 113 115 178 295
127	23 166 554
15	15 27 30 41 51 78 83 85 108 116 117 119 161 233
15	127 157
25	2 16 153 341 374 375
0	46 362
15	83 85
91	27 92 124 171
26	8 78
17	8 12 17 23 41 71 74 80 105 116 203 228 264
27 109	85 187 193
1 15 17	6 15 40 42 48 67 86 122
55	15 27 37 41 100 102 108 113 115 116 120
1	8 15 18 24 26 27 32 38 41 45 68 71 80 116 178 264 512
14	27 48 58
17	15 41 45 46 51 85 177
18 27 109	16 27 33 41 52 106 137 151 210 261 369
49	15 16 27 37 38 41 54 67 83 116 184
1 15 20	27 83 85 86 95 96 118 165 186 362
36	15 17 24 28 54 61 85 94
95 144	15 16 85 86 118 137
0 7	15 16 37 41 52 189 239
60	188
6	65 91 223 329 330 347 370
6	15 68 75 78 83 89 116 119 233
43	15 25 38 44 67 89 156 161 217 259 263 488
7 52 117	1 48 50 54 60 125 127 175
169 345	10 11 16 63 101 107 189 210 211 219 223 326
15 57	48 60 73 75 124 125 190 243
61	33 118 147 242
54	16 32 37 41 42 137 189 203 315
53	39 40 48 60 83 95 96 124 127 165
254	15 16 27 30 54 57 67 83 85 89 90 118 218
150	9 11 27 160 178
83	4 15 24 80 157 387
53	83 96 169
84	15 80 83 118
1	24 69 78 147 191 206
37	22 24 85 87 100 102 127
1	102 180 251
134	11 15 16 23 24 32 41 68 87 95 105 263 337
52	40 48 60
50	60 130 206 293
60	15 24 62 66 75 79 82 138 188 248 271 351
13	16 27 39 41 54 61 78 83 91 94 108 116 143 185 186 187 227 316
7 52 85	15 27 45 48 160 362
38	15 24 51 71 78 85 156 202
1 37	46 48 272
1	120 195
8	60
172	16 25 112
190	9 88 127 376
12 33	8 78 119 120 158 207 216
1	15 16 23 27 89 100 101 102 161 178 366 386
19 24	83 92 110 118 383 385
57	148 250 416
0	6 15 32 33 54 94 298
22 82	17 24 30 69 75 77 78 80 81 84 87 108 111 117 118 119 144 204 239 273 350 399 493 499 563
35	109 210 227 258
154	15 27 37 38 41 54 59 61 83 89 100 101 102
3	15 16 24 25 41 71 78 116 275
70	11 15 16 27 41 54 83 94 109 110 135 178 184 185 227 562
1	12 15 95 100 102 147 366 431
37	15 16 23 24 27 29 30 41 77 78 116
11 155	6 9 15 32 38 44 101
41	206 251
89	9 16 23 33 67 73 89 100 101 102 124 157 171 180 192 200 243 281 297
1	12 15 23 37 85 100 102 166 189 366
10 78 80	27 41 76 116 118 135 218
9	10 51 85 89 251
303	11 15 18 27 63 66 107 116 160 220 223 251 438 740
51	15 16 27 41 136 437
51 57	48 49 50 60 159 390
6 105	7 16 17 38 68 78 150 350
0 116	6 15 24 28 37 51 100 102 275
55	0 33
1 55	22 51 85 95 96 129 183
1 11	37 38 46 100 102 240 638
6 66 83	8 15 17 27 38 68 86
54	38 67 77 95
53 54	8 15 16 27 39 40 41 48 49 50 60 75 77 83 85 94 96 108 116 118 119 125 158 174 216 264 321
15	207 220
15	15
1 15	0 15 18 27 37 85 89 100 101 102 142 161
0	15 38 44 45 46 89 101 103 156 161
80	27 38 259
1	12 15 24 38 80 100 102 138
1	15 23 66 79 82 366 386
117	15 24 28 30 116 239 300 301
132	40 51 83 96 165 271 351
32	24 34 37 55 100 102 118 153 239
0 21 22 42	741
24	8 27 30 41 54 61 71 80 93 94 111 118 186 206 275 295
6	15 117 119 143 187 233 337
93	3 5 10 15 16 32 41 45 64 68 80 150 161 202
1	7 15 41 45 80 85 161
67 136	15 16 27 32 41 42 54 63 68 77 83 91 94 108 116 136 153 185 204 251 316 387 443
32	0 8 10 38 76 101 202
0	44 99 309
1 55	15 51 85 100 102 147 189 278 279
17	15 66 138 245 347
1	15 27 68 78 83 85 86 89 96 108 111 116
0 7	16 32 38 54 94 228
27	9 36 44 68 87 116 118 184
93	6 8 9 15 33 126 127 131 144 200 335
1	27 33 169
6 14 51	15 67 227
67	40 41 73 91 171 175 186 200 202 275 313 547
260	15 94 116 307
4 75 77	46 131 153
40 41 107	83 87
77	15 24 80 85 95 96
25	16 33 54 73 89 101 103 136 157 171 270 297
6	38 41 67 77 116
44	14 15 24 27 41 85 116 160
15 21	60 73 83 176 238
6 27 44 109	48 60 73 75 78 119 169 206 216
13 124	4 54 55 76 93 316 387
20	6 15 16 27 68 71 116
48 113 203	1 9 12 38 49 54 101 246 300 301 333 334 349
1 83	3 5 13 15 37 44 46 50 74 90 100 102 127 183 212 240 353 354 355 501 541
25	33 466
23 43 115	16 83 153 165
1	17 69 77 78 120
12	18 66 239
83	12 66 67
15 22 165	48 77 126
17	14 15 27 41 116 160 278
37	16 147 223
8	60 77 85 95
58 62 70 114 136	9 11 39 42 71 91 108 133 144 159 203 204
10	15 16 61 91 108 116
78	8 15 33 37 38 46 54 57 67 80 83 85 89 90 91 100 102 103 109 116 118 134 137 161 184 190 193 203 228 239 295 314
127	8 15 41 73 77 107 264
37	15 16 24 41 66 68 71
52	60 85 125 127 195
17 38 104	15 16 24 27 41 116 119 121 136
77	73 75 77 108 119 120 187 206 216 305 383
14	51 71 248
7 151	6 8 15 16 17 27 32 39 68 71 85 86 89
0 71	46 93
52	6 15 17 39 40 42 54 94 153 202 250
0	0 6 15 28 32 33 83 87 90 94 208
63 80	15 24 27 28 30 78 135 208 218 304
25	16 33 60 73 75 83 171 221 426
4 93	10 15 25 38 44 80 110 208
0	15 30 46 54 80
62	16 73 87 167 171 200 202 358
7	8 15 38 49 147 189
263	12 38 44 67 80
27 109	77 78 83 92 119 187 216
1	30 41 116
59	51
19	15 27 30 57 85 404
74 82 107	30 87
1	17 24 41 204
0	75 83 85 96 120 165
78	15 41 54 61 78 80 94 119 216 233 387
6 20 49 57 117	0 169 180 181
25	4 339 341
4 7	0 3 5 15 25 32 33 54 80 94 101 161
0 7 15 68	7 12 41 45 248
50	16 33 83 90 111 116 161
167	16 27 55 135 239 258
21 48 63	15 41 68 116
208	73
261	38 116
53	48 96 206 244
91	15 16 30 67 156
0 11 43	0 2 6 15 25 28 38 44 61 80 294 482
27	8 9 28 33 38 68 89
17	15 255 306
76 117	0 8 16 24 32 39 41 54 94
37 42	171 200
66 252	51
25	73 107 171 200 335 391
6 24 37	16 27 41 66 83 91 116 136 184
36	54 83 116
43 80	23 27 76 78 116 120 133 218
0 7 55 78	7 15 16 28 30 32 54 68 89
1	12 206
12 37	8 16 18 66 103 184 353 354 355
299	38 67 71 101 127 333 334
40	7 15 41 45 79 82 85
29	16 41 68 78 87 151 189 249 561
12 60	15 27 41 66 103 116 148
0 12	12 15 41 44 46 61 66 71 85
268	0 6 36 52 258
52	153 538
46 77	0 2 6 9 32 33 38 44 54 67 80 148
52	15 48 50 51 58 60 74 85 124 126 130 144 159 206 272
64 103	41 149 372
74	75 84 95 100 102 206
1 7	0 3 5 12 18 38 45 80 100 102 103 178 212
6	16 41 78 116
23	60 73 75 343
54	60 96
1 5 14	12 38 57 71 85 86 100 102 112 197 245 295 387 422 512
48	32 39 69 94 96 142 298
91	41 60
6	120 150 158 220
0 6 15 49 130	37 83 90 118 275
25	2 3 5 15 17 49 67 103 113 115 293 374 506
6	16 52 185 189
24 41	24 69 75 78 84 119 120 147 206 216
28	41 116 118 316
62 99	51 85 156 447
25	19 21 157 297
0 7	7 15 44 46 71 89 101
64	8 23 116 118 369
89	0 180 467
37	100 102 169 287
23	15 51
44	73 77 109 171 180 283
9 14 17 53 54 59 63	50 60 206
1 37 62	15 18 24 41 100 102 118 295
66	17 30 69 78 84 207 245 284 493
36	187 206 348
3 5 40 50 95	15 25 38 41 68 71 85 89
1	6 15 66 80 86 138
0	37 54 90 100 102 116 148 161
60	8 9 15 38 40 50 60 80 295
6	15 24 27 28 32 41 85 116 197 207
6 74 108	8 15 24 27 78 84 116 119 150 160 197 216 223
47	8 21 60 93 127 129 132 264
112	57 65 73 159 250
150	15 24 27 41 46 66 85 156
73	8 9 38 67
48	28 149
1	27 33 83 90 116 157 165 297
89	206 365
57	6 10 48 60 71 112 180 181 234
37	15 22 37 93
18	11 16 18 23 27 33 41 52 53 57 72 107 110 136 137 185 189 369 437
17	7 15 25 37 46 89 101 228
0	24 27 83 85 96 116
8	11 46
1 4 5 99 224	15 16 27 41 45 77 78 80 112 116 148 189 380
74	15 24 27 41 116 135 150 160
15 48	15 17 23 27 41 78 85 90 116 120 161
37	15 18 37 85
36	108 116 184 185
1	15 24 161
1 95	15 18 23 80 248 255 295
37	48 83 92 96 100 102 124 153 206
1 16 25 27 29 89 109	0 16 37 54 61 94 153 170 173 186 204 275
1 15	15 30 41 51 85 100 102 116 295
15 21 54 57	40 48 53 75 83 85 92 143 158 165 175 271 351
14	15 39 40 41 49
6	16 32 100 102 180 181 202 223 240 251 439 496
62 80	15 27 41 83 85 116
0 7 17	8 15 44 45 67 71
12 68	8 13 15 24 27 80 85 100 102 156
49	0 15 32 54 61 71 94 161
15	15 27 41 64 116 118
113	48 60 209
1 7	15 37 39 41 116
0 15	27 28 30 31 81 84 85 88 135 176 254 316
17 34	15 18 27 45 71 90 120
15 24 82 92	15 32 38 101 144 239 339 356 614
80 216	15 27 67 76 89 101 208 396
1	46 85 95
41	15 32 75 78 118 164 182 206 207
116	109 184 226
53	41 48 60 78 85 100 102 120 159 287 380
48 55	17 24 27 69 78 85 116 120 162 191
24 41 99	15 51 119 187 233
12	9 12 41 136 149
1 14	23 27 66 136 138 148 160 166 189 256 272 309 347 370
112	48
48	23
32	0 24 51 81 90 144 294
0 15	12 41 43 71 120
117 194	37 39 49 60 61 96 120
54	48 60 83 95 124 153 165 190
1 99	15 18 23 27 45 118 366 429
0	8 15 32 38 44 54 71 94
80	15 24 38 41 76 88 89 116 118
48 346	87
6	100 102 206
27 109	60 73 137 169 171 461
68	15 38 59 67 156
81	14 15 24 27 116 135 160 223 247 387
1	12 15 27 45 100 102 118 386
11 12 68	6 23 46 66 166
43	15 27 38 41 45 57 64 85 211
81 195	24 41 116 150 156 197
37	15 37 100 102
0 7	15 25 44 49 67
17 48	15 17 27 37 38 46 54 61 94
42 44	23 98 116 143 160 166 180 257 462 487
1 117	16 41 116 136 142 189
56 78	15 37 116 133
1	6 23 29 37 57 80
52 97	19 48 60 124 125 130 194 270 321 345 520 521 522
1 83	15 27 80
25	37 73 171
15 44	27 116
41	8 24 85 180 181
6	16 30 41 51 83 116 118 119 233
83	15 24 66 80 103 212 256
207	15 16 37 38 80 153 275 294
73	37 92 315
6	8 15 41 83 107 118
198	73 100 102 168 171 192 243 281
60	257
123	4 15 47 148 319 702
9	563
5 19 68 82 142	8 36 57 68 71 144 156 162 210 437 505
25	53 73 130 171 200 335 448
50	60 95 209
20 133	4 23 91 98 109 166 283 371 397 451 503 527
7 54	54 60 83 96 124 165
58 142	15 251 252 253 371 397 402 458 504
42	48 49 56 57 58 211 250
7	30 69 78 84 85 197 207
31	15 16 30 33 41 46 54 68 80 83 89 116 118 210 221 263 298 304 385
99	41 85 156
38	15 17 24 27 41 78 85 161
1	67 85 118 287
63	46 177 252
0 7	15 37 41 89 101 116 118
121	75 78 83 119 216
24 48	28 33 35 52 73 92 108 124 176
14 35 43	24 69 83 111 117 118
84 117	15 16 37 54 61 83 90
237	151 189
6 91 121	17 26 30 33 78 84 119 121 154 208 272 277 439 553
14 52	83 96 118 143 153 165 186
1 80	9 10 12 178
105	15 16 118 219 278 279
127	15 16 25 41 68 71 94 116 118
84	15 16 17 27 41 45 49 54 57 59 61 211
0	83 90 118 124 143 186
1	15 27 30 41 51 90 116 118 295
50	192 251 281
85	83 182
0 24 68	95 143 173
6	69 75 78 120 162 191 206
32	12 25 44 46 76 80 409
20 36 43	4 27 28 109 133 149 229 339 398
66	17 24 28 30 32 84 87 207
7	25 67
7 11 21 45	15 27 41 68 89 116
133	41 98 106 136 184 258 322 332 398 438 530 550 617
6 38	21 187 280 282
52	17 39 50 60 85 124 286
67	16 32 39 54 61 94 98 173 186 434
24 28 41 85	15 16 24 30 32 75 77 78 84 116 118 187 280 305 450
7 52	8 21 40 48 85 96 190 243 264
80	23 27 76 120 133 218
67	0 24 39 85 95 153
11 17	15 41 45 46 85 177
15	10 16 78 83 118 119 143 216 228 305
1	138 249 256 347 425 433 546 612
17 111	9 10 12 16 41 45 91 109 136 160 178 184 185
112	44 67
0 24 37 56 68	27 28 39 41 85 116 118 135 182 197 207
105	15 17 25 38 41 67 76 101
0 55	4 148 302 303 304 319 326
76 99	15 18 37 41 54 61 83 90 100 102 148 161 184
27 42 44 109 177	10 16 27 41 69 75 78 91 110 119 136 160 216
43 138	15 41 64 75 84 116 119 121 284
25	60 75 93 159
1 15 25 37 43	15 16 17 24 27 32 54 68 69 78 80 85 91 114 120 135 156 204
15	24 33 41 75 78 119 135 164 183 216
15	8 15 16 17 24 68 78 89 116 147 164 219 278 279
100 279	15 30 69 81 85 116 118
15	15 24 28 32 41 85 87 116
16	67 157
0	48 90 118 124 143 186
35	15 24 68 78 89 116 164
36	15 16 27 41 54 61 89 90 91 137 185 203
41	51 83 85 111
77	60 125 169 383
22	81
33	8 15 27 41 116 118
8	12 45 46 67 91 229 249 292 326 528
6	0 2 5 17 25 26 32 33 54 78 80 150 161 405
21 44	27 54 63 68 116 150 156 160 223 392 394
6	180
12	15 66 74 103 212 241
68	15 23 27 41 105 116
1 21	6 12 15 18 27 32 38 41 45 71 80 85 116 189 366
0 6 55	6 15 16 17 22 24 27 30 32 33 54 78 80 81 84 85 94 150 161 197 207
17	9 12 15 88 135 218 275
48	6 8 24 38 156 212
42	15 16 18 19 27 41 45 57 80 103 107 122 136 178 210 211 239 250
23	76 91 179
11 12 46 57 146	30 66 67 153 307
6	15 16 27 41 57 68 89 107 135
63	27 116 135 156 208 218
124	60 73 100 102 124 171 200 225 243 335
15	85 120 124
127	175
125	67
6 104	27 30 41 51 78 116 204
1	15 23 27 41 45 189 205 256
6	8 15 24 30 67 69 78 120 150 207
48	3 5 148 299 327 502 529
56	36 100 102 103 239
123	8 15 16
15	23 25 45 67 161
72	2 4 8 15 16 33 54 89
21	15 24 27 28 30 31 41 51
104	27 78 83
36 44	11 27 107 290 291 372 457
17	15 38 45 67 89
11 67	37 38 61 90
54	23 40 48 50 58 72 124 126 130 153 159 321
32	0 15 17 24 25 27 38 54 71 80 161
117	90
111	27 108 116 135
15	78 92 111
117	33 37 39 60 81 83 92 96 124 153 165 296
58 76 99	15 18 37 41 54 61 83 90 100 102 148 161 184
32	8 15 27 38 80 85 87 95 100 102 116 150 156 183 197 207
15 41 57 68 77 150	8
0	175 255 403
0	15 16 25 64 71 202
146	7 15 17 18 33 68 101 144 202 385
12 170	66 138 347
43	84 515
6 15 24	15 17 30 31 78 81 84 176 316
53	6 46 77 90 119 121 131 147
117	93 124 129 301 382
10	27 30 81 324 364 387
7	15 66 68 103 112 347 370
0 1	182 280 307 383
54	26 149
14	26 36 63 69 103 223 239
117	7 15 16 23 54 59 72 90 133 148 203
20	15 17 27 41 78 85 86 161 404
112	66 103 184
54	27 32 39 41 48 57 127 159 250
25	33 67 311
68	15 41 64 66 69 71 85
64	15 16 38 45 51 89 251
226 236	6 8 9 15 38 67 74 127 130 131 241 265 514 515
21	2 15 88 160
54	6 16 25 32 38 66 71 76 80 101
17 68	15 23 28 41 45 72 189
54	15 16 68 71 180 181 353 354 355
21 24	15 86 116
0	148 319 476
0 7	15 37 67
37 43	51 80
121	53
36	28 32 99 187
78	15 24 30 51 81 85 116
41	197 207
0 1 55	0 6 15 16 28 32 33 37 54 80 90 94 101 212
7 11 49 170	15 37 54 71 94 268
53	39 58 60 83 127 165
125 158	15 46 127 362
51 57	12 15 16 24 48 68
1	41 189
57	16 37 41 54 83 94 116 161
0 11 155	0 1 2 3 5 6 15 24 54 80 153 294
15 21 44	16 24 41 83 116
0 7	15 28 37 76 80 208
41	75 78 93 117 162 191 206
43 80	16 23 27 76 120 133 161 194
6 15 70 104 116	78 83 118 178 250
1 22 37	13 15 23 24 27 29 85 100 102 161 183 240 295 336 366
12 80	0 76 80 94
66	23 27 89 111 113 115 120 191
99	111 133 193 195 375
8 68	15 25 27 41 45 74 116 437
251	16 27 32 41 116 284
6	41 73 78 278 279
23	16 88
3 10	15 32 33 117 182 404
36	185 361
354	8 15 24 25 28 30 33 44 71 76 116 135
21	60 73 124 130 171
110	476
1	15 16 17 24 27 28 30 32 33 37 54 71 80 85 94 275
132	15 16 67 89 90 111 118 124
76 117	23 37 48 50 54 83 85 96 105 124 143 153 165 186 372 373
14 44	15 18 23 41 45 80 137 161 248 255 295
54	15 41 49 55 57 250
59	15 76 89 101 156 159
55	32 46 73 124 171
25	11 13 16 27 68 71 85 116
25	2 25 61 103 133 148
0 40	116 118
34	15 27 41 45 68 89 211
6	124
18 64	16 33 83 118 137 189
52	21 127 444
0 55	15 32 38 66 80
181	92 124 158 277 481
44	18 27 41 54 57 91 109 110 137 149 178 184 185 227
17	10 12 15 27 41 89 156 211 263
68	15 16 18 30 51 57 68 80 89 90 151 178 210 221 227 295 385 437
99 104	16 30 41 51 85 111 116 156
54	56 90 100 102 263
62 78	15 30 37 85 100 102
11	73 143 171 173 206
93	12 15 16 25 27 37 38 45 46 89 116 118
36	18 23 41 54 91 110 135 146 185 203 226 227 239
54	50 60 73 169 171 186
89	243
6 84	94
99	18 51 100 102 183
13 43	39 83 172
19 20 22 83 142	15 27 41 57 64 66 107 189 239 275
11	28 32 54 61 76 91 94 316
0 1 55	15 37 100 102
28	15 83 116 118 180 181 202 223
72	15 64 93 144 306
43	15 23 24 27 29 38 41 51 66 76 78 88 114 116 135 218
117 256	78 83 99 116 118
19 159	27 41 83 90 116 118
1 37	23 27 29 142 239 271 272 351
0 54	15 18 41 68 89 136 210 211
193	8 16 73
59	23 27 78 113 114 115 133 135 218
15 20 24 104	6 15 27 30 31 33 75 77 78 81 124 130 176 194 207 316 317 345 520 521 522
25	73 171 200 280 335
6 15	15 24 28 30 68 69 78 84 207
15	41 57 66 83 90 100 102 116 118 256
136 144	16 54 94 202 203 470 653
6	24 76 81 84 87 119 182 216
72	50 243
62	27 30 41 51 111 116
19 20	23 72 87 116 372 457
6	87
48	18 27 30 41 77 78 81 83 110 116 119 121 163 216 226
77	10 51
0	16 17 24 27 28 30 32 33 41 78 80 83 85 87 89 108 187
8	22
26	51 561
127	36 270
27 53 109	16 27 30 41 71 78 80 83 108 111 118 120 129 186 206 295
3	15 26 38 71
1	3 5 15 41 66 85 160
1	160
17	8 15 25 26 27 38 41 45 49
15	15 24 27 30 41 69 78 81 118 119 164 207 216 414
5 30 41	16 22 24 27 41 69 75 77 78 81 116 119 121 163 216 283
61	16 52 53 106 107 118 189
355	25 41 53 68 71 151 160 189
6	187 275 282
99	15 41 71 85 161
110	8 17 24 28 67 69 87 120 135 150 156 158 162 191 197 204 218 264 277 348
114	24 182 227 280 383
91	24 27 155 239 272 347 370
48	54 94 148 298
37	15 67 100 102 111 113 115 120 133 287
17 20 142	10 23 103 239 371 397 451 473 504 558 581
59	485
0 11 20 21 24 49 68	24 27 30 66 81 85 88 248 269
7 54	206
13 67	16 18 32 39 40 54 61 73 78 83 91 94 109 136 137 143 171 175 186 285 353 354 355 358 365 450 468 469
33	168 192 306
54	50 58 60 153
5 18 68 83 90	16 67 73 78 87 154 162 169 171 180 181 204
52 53	37 48 83 94 153 165 190 271 307 351
0	15 44 66 68
54	48 124
0 10	6 15 32 39 40 41 54 61 94
57 283	1 8 10 12 15 16 27 38 44 49 66 88 110 153 201 347 425
24	15 35 75 78 81 84 119 144 156 162 176 493
25	15 153
6	16 67
3	15 38 41 71 80 85 161
7	85 88 96 206 244
13	169 186
25	4 15 24 32 33 39 41 54 73 85 101 116 171 212
27 74 109	16 67 180 181 214
1	15 189
6 54 99	11 15 50 83 100 102 124 195 206 259
53 117	48 49 50 59 60 96 124
108	8 15 21 41 221
1	12 37 38 79 82 85 100 102 254 272 386
6	78 84
117	90 129
152	8 38 68 189 274 503 676
6	15 27 41 83 89 275
104	73 119 216
36	24 48 60 75 77 83 92 95 100 102 111 118 124 238 243 258 343
11 12 68	2 6 8 15 38 44
20	9 12 16 27 41 57 66 91 116 138 160 185
31	6 16 17 27 41 44 68 84 116
8	189
20 50 134	18 109 149
42 87 142	41 63
40	79 82
43	16 32 101 162 191 295 311 384
0 55 76	15 32 39 54 90 383
0	7 15 16 45 46 68 89 94 161 299
101 175	10 15 148 300 301
27	18 27 109 160 247
68 88	85 362
25 225	15 16 38 41 71 85 89 228
165 166	15 17 66 79 82 110 138 208
11 117	15 18 41 83 90 250
1 57	6 15 48 95 130 131 144 201 422 519
1 14	12 15 17 26 27 41 51 71 78 80 85 89 101 112 116 119 147 203 233 259
0 77	90 133 170 350
54	0 32 39 41 54 61 90 94 321
4 5	16 88 89 101 142 191 350 385
53	30 85
33	168 306
0 7	7 15 37 38 46 67 89 101
15	15 24 27 28 30 85 87 204
1	18 27 41 157 178 189
27 29 68 83 90 109	16 32 38 68 87 136 189
21	9 12 18 27 41 160 291 372 457
0 7 15 24 70	28 30
42	15 16 18 24 27 57 64 68 108 223
43	85 93 120 129 205
74 110	8 14 27 30 45 69 84 116 120 150 207 220 264
125 158 176	15 16 17 27 67
45	16 18 28 54 92
15	150 160 197 207
48	6 15 32 84
1 44	11 15 18 41 116 147 164
24	23 27 85 114 142
72	124 192
80	27 76 112 113 115 120
70	83 238
117	48 60
105	8 16 17 27 78 89 116 120
30 61	11 53 369
54	50 60
246	10 15 24 25 27 33 41 68 76 80 89 116 202 212
6	15 41 75 118
1	377 422 424
48	15 27 54 90 180 181 184 210
0	222
6	8 118 119 216 251
68	10 16 26 45 144 203 340
74	15 16 67 120 150 169
65	68 84 125 311
16	16 33 311
52	1 27 48 83 116 160 165
61	11 27 30 53 107 118 147 448
6	15 68
7	306
53	50 51 60 85 96 127 131
6 15 66	15 24 27 75 76 78 118
1 7 17	15 32 37 39 60 67 83 124 143 153 165 186
27 146 147	11 23 27 72 105 107 109 137 289 290 387 448 487
25	2 4 15 24 27 54 83 94 153 161 299
1	189 404
36	15 16 189
21 78	7 15 28 37 41
105	8 15 16 38 67 68 78 89 120
55	27 37 38 41 94
20	48 194 195 353 354 355
9 15 40	41 51 85 116 119 121
54	48 85
48	16 27 149 187 282 371 397 462
36	15 27 83 118 189 275
0 10 11 49	16 32 61 81 94 223
18	90 93
0	46 73
1	189
36	16 32 68 91 108 180 181 202
21	15 16 27 41 64 83 89 108 116
41	15 27 41 84 116 226 245 284
5 6 41	15 28 68
121	92 95
68	15 27 37 45 46 71 100 102 295
7	8 50 60 140 158 264
0 1 15 16 27 37 109	9 16 32 33 36 41 67 68 100 101 102 173 180 192 206 281 311 365 461
9	10 16 18 41 45
42 133 142	98 371 397 398 527 530
2	102
121	41 51 85
22	78 112 118 120 171 191 277 283
1	24 69 162 191 193 194 206 244 277
54	41 48 58 124 175
1	15 37 38 46 89 100 102
11	12 15 27 45 71 386
50	41 54 68 76 89 94 136 146
67	7 15 16 27 37 54 61 83 90
13	54 73 83 96 143 153 165 167 169 171 173 255 358 450
0 7 68	15 16 23 27 41 45 68 72 89 91 112
8	0 6 11 59 66 91 110 127 326 341 347 425
54	6 8 38 39 40 58 69 83 86 94 153 161 165
27 109	25 33 35 59 60 75 77 176 199 200 205 365
99	27 41 78 79 80 81 82 85 116
84	50 60 94
6 27 109	16 33 75 78 84 90 107 108 176 182 257 258 343 655
1 37 43	17 23 27 100 102 113 115 133 178 218 295 386
66	41 118 305
54	15 32 39 54 67 90
1 37	15 17 23 27 41 45 54 80 112 142 161 178 300 301
25	2 60 77 78
66	24 30 69 78 84 87 111 150 156 162 191 197 207 353 354 355
0 55 70 88	255 403
27 109	83 108 258 329 330
1 22	15 37 46 100 102
43	23 27 38 74 116 133 135 494
24 199	8 13 15 24 27 85 142 144 156
5	0 15 16 37 54 67 89 116
0 6	16 39 171 202 242
0	73 192 281
0 4 5 55 57 79 224	34 39 60 186 219 468 469
0	6 15 16 32 33 68 71 94 135 144 148 239 402
44	37
46	16 63 116 151 189 202 226 245 309 528
17 42 142	15 16 18 27 38 48 57 66 159 210 211 223 250 742
15	15 27 30 41 51 248 252
16	190 293
37	16 17 30 38 44 76 78 120 150
14	12 66 68 98 147
36	106 109 187
29	510
1	7 15 18 23 27 37 46 295
25	274
6	38 89 90 111 143 161 263 295
27 103 134	27 218
17	32 60 73 171 175 200 335
28	92
127	0 87
78	11 16 33 37 41 45 53 54 61 71 80 83 89 90 91 110 116 118 143 184 185 193 195 210 221 239 285 362 562
6	15 16 83 118 207
28	30 51 111
77	90 301 382
30 34	24 33 52 81 87 117 186 239 275 317 423
51 57	49 156
6	8 16 23 52 67 68 89 107 189 369
48	27 80 83 111 116 120
45	53 83 118 147
17 51	15 41 44 49 67 120 144 228
1 12	0 2 5 6 127 294
43	83
0 49	15 51 54 80 94 100 102 251
36 65	15 25 27 32 37 54 71
74	75 78 119 169 206 216
1 32 60	7 8 17 24 37 100 102
25	375
148	68 155 309 325
34 58	15 16 24 27 30 32 37 38 68 71 80 85 94 182
43 59	67 180
89	107
68	12 46 66 76 110
36	15 24 32 54 61 68 185 187 282 350 385
23	15 16 17 27 32 76 88 114 154
20 64	15 16 24 44 57 71 78 116 207 353 354 355
80	46 85 206
12	16 27 41 85 108 160
17	0 15 17 25 39 45 48 49 50 54 56 58 59 90 94 148 347
121	30 51 85
37	15 23 27 37 41 76 80 147 287 295 366
15 22	15 27 85 86 156
52 53 132	39 40 54 60 83 94 153 159 165
9	16 41 49 68 89 136 189
0	90 117 403
40	41 51 85
15 120	15 67 90 118
207	6 15 27 131 153 155
6 146	75 92 111 343
134	92 99
25	531
55	178
9 15	16 38 116
61	25 37 54 71 90 94 202 203 298
68 78	27 33 41 54 90 116 161
159	17 85 116
207	2 15 49 54 74
9	10 15 38 41 71 85
99	15 18 41 100 102
6	24 69 100 102 162 191 193
9 40 66 68 99 262	18 45 118 251 295 366 429
21 44	4 15 66 138 256 263 295 366 386
1 12 44	0 2 16 38 54 68 76
6 15 24 41	15 27 41 60 69 75 77 78 108 116 118 119 120 121 216
6	8 16 17 23 30 38 51 53 74 83 91 100 102 107 116 119 142 180 181 219 233
103	18 27 57 77 83 106 109 136 227 237 238 258 327 337
37	0 2 6 15 23 38 66 68 80
17 37	24 69 92 169
117	7 15 37 43 54 59 61 89 101 133
103	298 302 385
68	7 15 38 41 44 71
99	15 27 100 102
128	180 181 413 496 525
159	15 275
59 219	463 464
0	15 27 41 45 78 85 161
1 86	15 16 27 30 41 45 51 54 71 85 90 100 102
193	12 28 38 44 54 67 80 90 435
80	27 108 116 135
29	15 16 27 32 37 38 39 41 44 89 136
7	6 32 46 90 98 143 186
0	32 299
28	17 116
80	30 41 51 80 83 100 102 287 301 347 382
32	38 54 61 94 101 153 239
50	15 60 195
7	15 27 40 41 45 78 80 116 153 211 271
3	15 16 38 41 71 218
123	15 16 27 89 101
23	88 179 463 464
23	48
25	94
0 24	85
1 44	12 17 18 27 41 71 77 78 83 94 112 120 149 203
0	0 15 17 32 51 54 76 94 99 101 150
0 15 56 57 81	9 15 16 17 24 27 32 38 54 57 61 66 71 76 78 80 81 84 85 87 94 95 100 102 124 127 135 144 207 316 380
108	0 6 24 27 30 32 33 39 48 53 54 58 61 68 78 81 83 84 85 87 116 153 160 164 165 176 254 317 383 404
82	78 87 220 399 591
1	15 27 66 80 138 295 347
32	14 15 27 87 150 160 197 387
36	15 28 187
54	41 46 50
53	83
107	120
11 21 55 80 104	15 17 27 30 37 54 61 71 81 83 85 89 90 116 117 119 135 218 233 250 298
1	16 25 38 66 178 241
27	16 27 68 109 116 137 371 372 397 437 457
77	2 4 38
15	7 15 27 30 38 41 81 85 116
27 109	15 16 27 32 41 64 68 89 116 136 154
107	15 27 30 85 86 89 90 142
133	8 30 67 71 78 85 144 156 235 339
57 111 117	15 16 89 118 151
123	0 2 8 9 10 16 17 24 32 44 54 68 219 249 286
57	39 60 83 85 96 143
25	15 22 27 30 54 80 83 85 87 94 204
136	40 60 73 171 173 175 186
6	16 38 41 52 53 116 118 189
17	15 88
59	27 44 67 76 88 89 101
53	41 78 80 83 161
1 43	71 77 78 83 110 112 120 203
5 15 41	15 33 41 75 118 176 280
31	15 16 23 41 72 83 87 116 137 189
66	15 33 51 75 78 83 87 120 187 305
36	15 16 27 51 91 109 185 227
99	15 27 100 102 120
27 109	14 247 503 562
7 17	15 26 180 234
36	16 90 94 113 115 120 185 211 239 372 373
50	83 146 226
60	564
7	7 15 25 38 45 77 78 81 89 101
32	83
59	8 45 67 195
37	23 78 108 113 115 120 133 142
1 9 17	44 67 68 155 229
91	69 191 421
63	25 38 67 71 208 228
68	12 15 16 32 38 41 66 68 71 151 248 512
50	10 27 35 60 81 84 90 98 107 127 164 199 270
3	15 37 67 112 203 248
1	6 15 23 29 79 82 256 395
6	16 27 51 80 117 120
15	24 81 162
110	15 24 27 32 41 69 120 135 150 158 160 207
17 68	99
7	15 25 50 54 57 59 60 67 100 102 107 228 295 386
6	15 24 27 28 30 85 116 150 197 207
6 74 105	8 27 38 67 116 135 156 207
121	328
110	8 15 16 17 24 28 41 69 84 85 116 150 158 160 161 197 207 264
8	2 12 32 49 71 80 101 251
29 48 61 99	118 147
84	7 15 27 37 38 46 89 90 94 101 116
6 31	15 16 17 23 30 32 38 68 72 84 94 109 116 272
17 42	39 41 48 50 56 57 59 60 108 250
1	12 15 17 23 38 66 80 100 102 161 256
68	24 75 81 119 216
9 68 129 181	136 178
15	8 15 27 28 30 81 85 248
8	15 60 131 160
31	15 16 24 32 41 116
24 99	15 60 77 78 119 121
9	78 189
68	15 17 23 26 27 41 45 71 80 89 101 112 116
30	180
15	15 85 116 120
1	6 15 80 100 102
6	8 15 16 78 447
0	0 32 33 40
1 22	6 15 17 23 24 27 30 37 38 54 80 85 131 161 166 183 254 272 278 279 287 347 404 425 433 487
48	0 17 27 32 41 78 94 116 120 298 387
6	27 67 71 85 90
36 292	28 33 54 61 203
117	116
6 104	27 80 116 118
0 17	15 25 38 44 45
9	91 157 326
24	15 27 41 117 120
29	223 372 373
123	8 147 242
12 60	15 77 78 107 247
40 95	27 37 38 41 67 362
77	2 8 25 46
15	15 27 41 75 81 83 116 117 119 233 383
6 18	89 101 189 219 369
31	15 16 52 189
6 105	67
104	30 51 78 83 118 120 207
6 85	60 73 78 111 171 180 181 426
0	12 38 54 67 80 103 205
6 105	8 16 24 32 68 120
55	81 301 382
41	16 27 32 41 94 108 211 271 351
6	187
1 4 8 181	6 15 23 24 38 44 66 79 80 82 100 102 103 110 138 161 230 656
1 55	15 27 41 80 89 90 116 197
1	95 118
83 154	7 15 32 37 46 78 94 100 102 263 380
222	153
287	4 15 16 66
19 20 95	16 18 24 66 98 136 137 347 370 371 397 414 527
89	9 168 243
0	7 15 43 45 46 49 89
63 107	7 27 85 110 208 262
0 20 55	6 32 33 39 46 67 148
12	7 24 28 32 33 38 54 87 90 94 404
13	15 24 73 171 694
48 240	23 66 166
1	7 15 17 23 38 94 100 102 161
1 32	1 2 23 34 166 268 295 405 482
43 59	23 29 346
25	73 146 171 192 281 375
78	15 27 37 41
36	15 16 18 27 38 41 45 51 57 107 135 251
15 66	15 16 41 78 85 116 156
15	24 41 81 155 250 411
1	15 23 27 37 41 80 178
0 17	7 89 99 101
68	10 154 274
36	18 27 41 51 54 90 91 110 149 178 184 185 239 387
38	73 92 100 102 146 206 238 305 369 429 437
28 68	23 166
72	95 168
33	15 90
8 9	107
40	32 44 68 71 87 119 121 207
17	27 51 85 116 208 396
83 117	15 25 46 48 49 59 60 75 77 78 88 103 130 146 362 380 515
9 40 68	7 15 23 49 72 151
24 41	48 60 67 78 83 108 112 180 181 191 206 277
52 117	17 27 58 60 77 124 159 160
170	15 54 67 71
6	15 51 75 84
85	32 52 68 136 189 251
6	15 16 32 78 111 118 187 282
59	11 118
5 9 181	6 8 15 41 45 71 76 151 189
15	24
0 48	15 32 33 54 90 148
0 14 84	15 23 27 44 45 46 59 71
57	15 16 39 41 75 77 78 83 91 94 118 119 143 162 176 187 216 226 227 300 301 350
6 104 105	24 30 69 278 279
68	15 16 27 49 85 100 102 116 156 161 208
105	83 92 95 119 187 216 283 394
29	63 107 137 189 223 309 326 481
9	8 9 38 45
6	44 143 186
21	12 15 46
45	17 75 78 118 191 206 444
15 20 24	27 39 41 85 116 135 275
58	0 2 25 32 46 54 94 186
19 36 133 195	18 26 27 41 57 66 78 91 109 126 135 136 138 149 160 184 185 210 226 227 239 250 257 327 372 373
9 27 109	41 48 60 73 75 78 83 107 124 165 169 171 174 187 222 280
6 27	15 16 24 27 68 76 87 108 116 137 185 223 291 372 448 457 467
226 307	15 124 131
25	448
1 14 83	366 386
0 15 24 57	50 83 85 96 131 153 165
15	24 27 41 75 81 84 85 116 118
7	15 25 49 67 112 120 228
36	15 28 32 54 61 69 71
19 20 133	16 23 98 106 136 147 223 371 397 398 451 527
57 154	11 107
6	27 98
11 56 70 184	15 24 41 83 108 118
53 54	41 48 60 85 96
13	0 16 27 28 32 33 37 39 54 85 90 153 173 186
37 83	15 37 45 46 252
100 154	0 16 25 38 44 45 67 76 89
57 70	16 32 41 108 118
54 183	40 48 60 83 153 165
11 21 56 66	24 76 133 404
25 45	8 15 16 21 32 78 89 221 228 264
227	43 229 403
6 104 105 295	8 15 16 38 64 68 78 108 120 180 181
17	37 54 118 143 186
0 13	15 32 40 54 64 78 83 85
89	9 15 38 44 67 93 107 144 296 297 301 365 382 471
37 112	8 12 15 17 25 37 44 71
7	0 15 58 64 190 306
193	365
1 99	15 27 41 57 85 90 107 251 385
31	16 27 68 86 87
67 135 246	9 10 15 16 24 27 32 38 39 41 54 68 85 91 94 116 136 202 204 211
14 43 201	15 16 27 32 38 41 68 71 87 116
60	24 75 188 248
1	2 6 7 15 17 24 25 26 32 37 41 54 61 71 94 161
17 42 50 60 88	11 91 107 160 210 271
0 24	2 15 23 72 73 75 76 77 78 81 137
59	15 25 180 181 202
13	16 37 48 60 83 94 96 143 153 165 186
0	32 257
1 9 33	6 15 16 41 45 71 76 151 189
67	15 16 44 68 69 71 85 116
195	11 24 54 63 116 160
84	27 41 71 80 85 116 120
1	18 41 100 102 116 118 189 295 404
171	30 83
0	6 15 32 90 299
59	2 8 15 16 38 66 71 76 161
336	192 281
36 197	16 32 91 180 181 185 204
0 21 78	0 6 15 28 32 46 54 155 186
198	73 100 102 168 171 192 243
16	293
0	7 12 15 46 51 54 61 85 89 116
89	168
1	15 17 23 27 41 85 102 114 120
19	41 98 180 398 530 569
6 12	120 147 257
1 52 54	6 24 39 60 69 75 77 78 84 87 144 180
9 16 58	8 73 171 264 335
6 104	14 15 27 30 41 75 81 86 116 118 207
54	19 25 41 45 49 54 56
0	48 499
110	8 75 119 216 264
44	13 23 27 29 38 45 54 71 95 124 178 203
0 68	15 17 25 27 45 46 59 71 74 103
1 9 95	15 17 24 38 44 80 85 101 161
44	11 12 15 16 45 68 347
19 21 68 83	68 150 310 332
21 42	57 91 106 159 160 337
11	15 16 37 38 67 78 100 102 295 380
53	6 51 81 85
11 12 70	15 24 51 71 135 150 251
52	60 127
15	75 119 216
132	23 60 143 186 372
6	31 78 90 144 423
267	60 126 405 408
9	0 16 67 88 101 180 181 189
9	67 108 271
56	30 85 88 100 102 144 324
0 11 49 146	15 17 64 78 80 85 86 87
15 195 199	35
46	13 156 198 353 354 355 518
74	17 24 28 69 84 95 191 277 439
80	15 24 27 41 66 85 116 147
25 89 240	16 33 54 73 78 100 102 116 157 285 297
8	151 248
21	7 15 24 27 31 41 66 116 147 316
6 12	8 15 24 28 54 64 68 81 85 118 207 275
1	15 18 41 45 372 373
24	15 16 27 30 68 69 75 77 78 84 87 116 119 207
15	7 27 116 135 218
37	13 15 24 26 27 41 45 71 80 103 387 512
17	15 91 108
1	23 29 79 80 82 256 433 722
43	85 205 366 431
66 68	12 15 23 38 41 51 67 71 85 105
22	17 33 77 78 162 187 316
53	48 153 243
123	0 8 10 15 16 17 25 28 32 38 47 54 68 286
123	16 135 151 189
0 1 7	4 6 15 392 394 481 535 562
24 40 41 43 55 58	15 24 28 30 32 81 85
75	8 9 10 15 25 38 49 67 103
0 149	15 16 32 38 68 78 84 87 136 144 185 299 350
6 99	23 60 75 119 216 337
0	16 32 68 90 94 153 190
192 356	24 27 144 250 371 397
15 95 357	15 24 41 85 89 101 385
358	8 15 17 24 28 30 38 44 69 71 80 148 198 207
82	15 63 68 84 108 157 239 270 284 350 743
15 24 107	27 38 68 78 632 744
27	745
108	150 219 436 505 688 746
123	0 8 25 68 147 160 219 326 747
1 22	288 562 748
20 46 68	7 32 50 67 91 130 148 239 476 567 750
11	0 2 6 152 751
6 108	0 436 528 708 710 752
